Row_ID,SKU,Seller_ID,Seller_Name,Category,Brand,Model_Name,Model_Number,UPC,GTIN,Title,Description,Price_USD,Weight_lbs,Stock_Quantity,Primary_Image_URL,Specifications,Listing_Date,Last_Updated,Is_Active,Data_Quality_Issue
1,BB-MKT-00357,S008,DigitalHub USA,Tablets,Apple,Galaxy Tab S9,AP-3591-BL,823004112457,0823004112457,"Apple Galaxy Tab S9 12.9"" 128GB Tablet",Stay productive and entertained with the Apple Galaxy Tab S9. Powerful performance in a sleek design.,1222.55,0.84,281,https://images.bestbuy.com/marketplace/apple-galaxy-tab-s9-main.jpg,"Storage_GB: 128 | Screen_Size: 12.9"" | Cellular: No | RAM_GB: 16",2024-12-14,2024-12-14,Yes,
2,BB-MKT-00833,S006,NextGen Devices,Smart Home,Wyze,Learning Thermostat,WY-9007-BL,929827299135,0929827299135,Wyze Learning Thermostat Smart Home Device,Transform your home with the Wyze Learning Thermostat. Easy setup and seamless smart home integration.,176.12,1.01,164,https://images.bestbuy.com/marketplace/wyze-learning-thermostat-main.jpg,Connectivity: Wi-Fi | Voice_Assistant: Apple HomeKit | Power: USB-C,2025-02-22,2025-02-22,Yes,
3,BB-MKT-00543,S007,SmartBuy Co,Laptops,,Katana 15,AS-9516-SL,979237227132,0979237227132,"ASUS Katana 15 14"" Laptop - 8GB RAM 1024GB SSD",Experience premium performance with the ASUS Katana 15. Designed for professionals and students alike.,1279.54,2.62,358,https://images.bestbuy.com/marketplace/asus-katana-15-main.jpg,"RAM_GB: 8 | Storage_GB: 1024 | Screen_Size: 14"" | Processor: Apple M2",2025-04-10,2025-04-10,Yes,MISSING_BRAND
4,BB-MKT-00087,S006,NextGen Devices,TVs,Hisense,QLED 4K,HI-6793-BL,551496545441,0551496545441,"Hisense 75"" 1080p Full HD Smart TV QLED 4K",Immerse yourself in stunning visuals with the Hisense QLED 4K. Features cutting-edge display technology.,3504.35,39.73,495,https://images.bestbuy.com/marketplace/hisense-qled-4k-main.jpg,"Screen_Size: 75"" | Resolution: 1080p Full HD | Smart_TV: No | HDR: HDR10+",2024-11-25,2024-11-25,Yes,
5,BB-MKT-00309,S007,SmartBuy Co,Smart Home,Wyze,Ultra 2,WY-8723-BL,590556533399,0590556533399,Wyze Ultra 2 Smart Home Device,Transform your home with the Wyze Ultra 2. Easy setup and seamless smart home integration.,109.17,1.26,307,https://images.bestbuy.com/marketplace/wyze-ultra-2-main.jpg,Connectivity: Wi-Fi | Voice_Assistant: Apple HomeKit | Power: Battery,2024-09-12,2024-09-12,Yes,
6,BB-MKT-00030,S002,EliteGadgets Inc,Tablets,Amazon,Galaxy Tab S9,AM-4228-SL,691874457344,0691874457344,"Amazon Galaxy Tab S9 8"" 256GB Tablet",Stay productive and entertained with the Amazon Galaxy Tab S9. Powerful performance in a sleek design.,644.99,0.87,471,https://images.bestbuy.com/marketplace/amazon-galaxy-tab-s9-main.jpg,"Storage_GB: 256 | Screen_Size: 8"" | Cellular: No | RAM_GB: 4",2024-12-17,2024-12-17,Yes,
7,BB-MKT-00798,S001,TechDirect LLC,Laptops,Lenovo,Aspire 5,LE-8207-BK,119167254787,0119167254787,"Lenovo Aspire 5 14"" Laptop - 32GB RAM 512GB SSD",Experience premium performance with the Lenovo Aspire 5. Designed for professionals and students alike.,1378.52,2.75,245,https://images.bestbuy.com/marketplace/lenovo-aspire-5-main.jpg,"RAM_GB: 32 | Storage_GB: 512 | Screen_Size: 14"" | Processor: AMD Ryzen 7",2025-04-11,2025-04-11,Yes,
8,BB-MKT-00019,S002,EliteGadgets Inc,TVs,Samsung,U8K,SA-5033-BK,726594012825,0726594012825,"Samsung 43"" 1080p Full HD Smart TV U8K",Immerse yourself in stunning visuals with the Samsung U8K. Features cutting-edge display technology.,2571.68,26.45,298,https://images.bestbuy.com/marketplace/samsung-u8k-main.jpg,"Screen_Size: 43"" | Resolution: 1080p Full HD | Smart_TV: Yes | HDR: Dolby Vision",2025-04-16,2025-04-16,Yes,
9,BB-MKT-00326,S001,TechDirect LLC,Smart Home,Amazon,Hue Starter Kit,AM-5501-BL,642520584597,0642520584597,Amazon Hue Starter Kit Smart Home Device,Transform your home with the Amazon Hue Starter Kit. Easy setup and seamless smart home integration.,114.95,1.17,261,https://images.bestbuy.com/marketplace/amazon-hue-starter-kit-main.jpg,Connectivity: Bluetooth | Voice_Assistant: Apple HomeKit | Power: USB-C,2024-11-21,2024-11-21,Yes,
10,BB-MKT-00903,S003,PrimeElectronics,Headphones,Bose,QuietComfort 45,BO-6335-BL,274644497411,0274644497411,Bose QuietComfort 45 On-ear Wireless Headphones,Enjoy crystal-clear audio with the Bose QuietComfort 45. Perfect for music lovers and remote workers.,368.82,0.4,399,https://images.bestbuy.com/marketplace/bose-quietcomfort-45-main.jpg,Type: On-ear | Connectivity: Wireless | ANC: Yes | Battery_Hours: 40,2024-11-15,2024-11-15,Yes,
11,BB-MKT-00900,S005,ConnectPro Sales,Headphones,Apple,Studio Pro,AP-9242-SL,717091634913,0717091634913,Apple Studio Pro In-ear Wireless Headphones,Enjoy crystal-clear audio with the Apple Studio Pro. Perfect for music lovers and remote workers.,354.48,0.23,387,https://images.bestbuy.com/marketplace/apple-studio-pro-main.jpg,Type: In-ear | Connectivity: Wireless | ANC: No | Battery_Hours: 30,2024-10-02,2024-10-02,Yes,
12,BB-MKT-00826,S005,ConnectPro Sales,TVs,Sony,Bravia XR,SO-9627-BK,929014709335,0929014709335,"Sony 65"" 4K UHD Smart TV Bravia XR",Immerse yourself in stunning visuals with the Sony Bravia XR. Features cutting-edge display technology.,2129.62,42.82,21,https://images.bestbuy.com/marketplace/sony-bravia-xr-main.jpg,"Screen_Size: 65"" | Resolution: 4K UHD | Smart_TV: Yes | HDR: HDR10",2024-09-19,2024-09-19,Yes,
13,BB-MKT-00633,S006,NextGen Devices,Laptops,Dell,VivoBook 16,DE-9693-SL,235729166419,0235729166419,"Dell VivoBook 16 14"" Laptop - 64GB RAM 1024GB SSD",Experience premium performance with the Dell VivoBook 16. Designed for professionals and students alike.,2396.23,2.4,127,https://images.bestbuy.com/marketplace/dell-vivobook-16-main.jpg,"RAM_GB: 64 | Storage_GB: 1024 | Screen_Size: 14"" | Processor: Intel i5",2025-01-05,2025-01-05,Yes,
14,BB-MKT-00757,S008,DigitalHub USA,Headphones,Apple,Tour One,AP-8935-BK,670764098449,0670764098449,Apple Tour One Over-ear Wired Headphones,Enjoy crystal-clear audio with the Apple Tour One. Perfect for music lovers and remote workers.,169.37,0.33,327,https://images.bestbuy.com/marketplace/apple-tour-one-main.jpg,Type: Over-ear | Connectivity: Wired | ANC: No | Battery_Hours: 30,2024-07-11,2024-07-11,Yes,
15,BB-MKT-00086,S008,DigitalHub USA,Tablets,Lenovo,iPad Pro 12.9,LE-8770-BK,852274855980,0852274855980,"Lenovo iPad Pro 12.9 12.4"" 256GB Tablet",Stay productive and entertained with the Lenovo iPad Pro 12.9. Powerful performance in a sleek design.,253.91,0.35,221,https://images.bestbuy.com/marketplace/lenovo-ipad-pro-12.9-main.jpg,"Storage_GB: 256 | Screen_Size: 12.4"" | Cellular: No | RAM_GB: 8",2024-08-19,2024-08-19,Yes,
16,BB-MKT-00189,S003,PrimeElectronics,Smart Home,Nest,Learning Thermostat,NE-9804-WH,633373750765,0633373750765,Nest Learning Thermostat Smart Home Device,Transform your home with the Nest Learning Thermostat. Easy setup and seamless smart home integration.,289.81,0.79,71,https://images.bestbuy.com/marketplace/nest-learning-thermostat-main.jpg,Connectivity: Zigbee | Voice_Assistant: None | Power: Wired,2024-10-04,2024-10-04,Yes,
17,BB-MKT-00407,S003,PrimeElectronics,Tablets,Lenovo,iPad Pro 12.9,LE-6606-WH,965724580023,0466172926771,"Lenovo iPad Pro 12.9 10.1"" 256GB Tablet",Stay productive and entertained with the Lenovo iPad Pro 12.9. Powerful performance in a sleek design.,348.05,0.7,378,https://images.bestbuy.com/marketplace/lenovo-ipad-pro-12.9-main.jpg,"Storage_GB: 256 | Screen_Size: 10.1"" | Cellular: No | RAM_GB: 12",2025-04-20,2025-04-20,Yes,GTIN_UPC_MISMATCH
18,BB-MKT-00004,S002,EliteGadgets Inc,Smart Home,Ring,Hue Starter Kit,RI-4733-SL,147543377362,0147543377362,Ring Hue Starter Kit Smart Home Device,Transform your home with the Ring Hue Starter Kit. Easy setup and seamless smart home integration.,492.05,1.3,443,https://images.bestbuy.com/marketplace/ring-hue-starter-kit-main.jpg,Connectivity: Z-Wave | Voice_Assistant: Google Assistant | Power: USB-C,2024-08-21,2024-08-21,Yes,
19,BB-MKT-00729,S004,ValueTech Store,Headphones,Bose,Momentum 4,BO-5505-BK,158666065098,0158666065098,Bose Momentum 4 Over-ear Both Headphones,Enjoy crystal-clear audio with the Bose Momentum 4. Perfect for music lovers and remote workers.,515.19,0.36,326,https://images.bestbuy.com/marketplace/bose-momentum-4-main.jpg,Type: Over-ear | Connectivity: Both | ANC: No | Battery_Hours: 30,2025-04-23,2025-04-23,Yes,
20,BB-MKT-00319,S008,DigitalHub USA,Tablets,Apple,Galaxy Tab S9,AP-4795-WH,,0669128469380,"Apple Galaxy Tab S9 10.1"" 256GB Tablet",Stay productive and entertained with the Apple Galaxy Tab S9. Powerful performance in a sleek design.,924.13,0.52,335,https://images.bestbuy.com/marketplace/apple-galaxy-tab-s9-main.jpg,"Storage_GB: 256 | Screen_Size: 10.1"" | Cellular: Yes | RAM_GB: 16",2024-07-01,2024-07-01,Yes,MISSING_UPC
21,BB-MKT-00247,S002,EliteGadgets Inc,Smart Home,Nest,Nest Hub Max,NE-1541-BL,370830447947,0370830447947,Nest Nest Hub Max Smart Home Device,Transform your home with the Nest Nest Hub Max. Easy setup and seamless smart home integration.,48.28,0.6,101,https://images.bestbuy.com/marketplace/nest-nest-hub-max-main.jpg,Connectivity: Wi-Fi | Voice_Assistant: Google Assistant | Power: Battery,2024-11-18,2024-11-18,Yes,DUPLICATE_SKU
22,BB-MKT-00230,S002,EliteGadgets Inc,Headphones,Apple,AirPods Max,AP-3854-SL,450680559005,0450680559005,Apple AirPods Max Over-ear Wireless Headphones,Enjoy crystal-clear audio with the Apple AirPods Max. Perfect for music lovers and remote workers.,145.08,0.35,89,https://images.bestbuy.com/marketplace/apple-airpods-max-main.jpg,Type: Over-ear | Connectivity: Wireless | ANC: No | Battery_Hours: 36,2025-01-10,2025-01-10,Yes,
23,BB-MKT-00185,S001,TechDirect LLC,Headphones,Jabra,WH-1000XM5,JA-3623-SL,706339659651,0706339659651,Jabra WH-1000XM5 In-ear Wireless Headphones,Enjoy crystal-clear audio with the Jabra WH-1000XM5. Perfect for music lovers and remote workers.,320.12,0.44,118,https://images.bestbuy.com/marketplace/jabra-wh-1000xm5-main.jpg,Type: In-ear | Connectivity: Wireless | ANC: Yes | Battery_Hours: 40,2025-01-24,2025-01-24,Yes,
24,BB-MKT-00359,S001,TechDirect LLC,Headphones,Sennheiser,WH-1000XM5,SE-6159-BK,332881230114,0332881230114,Sennheiser WH-1000XM5 In-ear Wireless Headphones,Enjoy crystal-clear audio with the Sennheiser WH-1000XM5. Perfect for music lovers and remote workers.,430.19,0.44,421,https://images.bestbuy.com/marketplace/sennheiser-wh-1000xm5-main.jpg,Type: In-ear | Connectivity: Wireless | ANC: No | Battery_Hours: 20,2024-11-19,2024-11-19,Yes,
25,BB-MKT-00513,S001,TechDirect LLC,Headphones,Sennheiser,Momentum 4,SE-1673-WH,718012404580,0718012404580,Sennheiser Momentum 4 On-ear Wired Headphones,Enjoy crystal-clear audio with the Sennheiser Momentum 4. Perfect for music lovers and remote workers.,164.35,0.33,0,https://images.bestbuy.com/marketplace/sennheiser-momentum-4-main.jpg,Type: On-ear | Connectivity: Wired | ANC: No | Battery_Hours: 30,2024-12-21,2023-11-30,Yes,STALE_LISTING
26,BB-MKT-00453,S004,ValueTech Store,TVs,Sony,Bravia XR,SO-7108-SL,168953380650,0168953380650,"Sony 55"" 1080p Full HD Smart TV Bravia XR",Immerse yourself in stunning visuals with the Sony Bravia XR. Features cutting-edge display technology.,1945.54,30.06,424,https://images.bestbuy.com/marketplace/sony-bravia-xr-main.jpg,"Screen_Size: 55"" | Resolution: 1080p Full HD | Smart_TV: No | HDR: Dolby Vision",2024-09-01,2024-09-01,Yes,
27,BB-MKT-00845,S007,SmartBuy Co,Headphones,Bose,Evolve2 85,BO-1091-SL,312712561451,0312712561451,Bose Evolve2 85 Over-ear Wireless Headphones,Enjoy crystal-clear audio with the Bose Evolve2 85. Perfect for music lovers and remote workers.,3839.84,0.43,468,https://images.bestbuy.com/marketplace/bose-evolve2-85-main.jpg,Type: Over-ear | Connectivity: Wireless | ANC: No | Battery_Hours: 30,2024-11-07,2024-11-07,Yes,PRICE_ANOMALY
28,BB-MKT-00932,S003,PrimeElectronics,Headphones,Apple,Tour One,AP-9370-WH,534576011084,0534576011084,Apple Tour One On-ear Both Headphones,Enjoy crystal-clear audio with the Apple Tour One. Perfect for music lovers and remote workers.,102.69,0.37,397,https://images.bestbuy.com/marketplace/apple-tour-one-main.jpg,Type: On-ear | Connectivity: Both | ANC: Yes | Battery_Hours: 40,2024-07-09,2024-07-09,Yes,
29,BB-MKT-00799,S004,ValueTech Store,Tablets,Apple,Fire HD 10,AP-5227-SL,299460168950,0299460168950,"Apple Fire HD 10 11"" 64GB Tablet",Stay productive and entertained with the Apple Fire HD 10. Powerful performance in a sleek design.,447.47,0.6,116,https://images.bestbuy.com/marketplace/apple-fire-hd-10-main.jpg,"Storage_GB: 64 | Screen_Size: 11"" | Cellular: No | RAM_GB: 4",2024-09-28,2024-09-28,Yes,
30,BB-MKT-00448,S001,TechDirect LLC,Tablets,Amazon,iPad Pro 12.9,AM-2605-BL,979651034336,0979651034336,"Amazon iPad Pro 12.9 12.9"" 512GB Tablet",Stay productive and entertained with the Amazon iPad Pro 12.9. Powerful performance in a sleek design.,718.58,0.35,385,https://images.bestbuy.com/marketplace/amazon-ipad-pro-12.9-main.jpg,"Storage_GB: 512 | Screen_Size: 12.9"" | Cellular: No | RAM_GB: 12",2024-07-07,2024-07-07,Yes,
31,BB-MKT-00721,S007,SmartBuy Co,Smart Home,Philips,Video Doorbell Pro 2,PH-3898-WH,509861786750,0509861786750,Philips Video Doorbell Pro 2 Smart Home Device,Transform your home with the Philips Video Doorbell Pro 2. Easy setup and seamless smart home integration.,284.1,0.63,432,https://images.bestbuy.com/marketplace/philips-video-doorbell-pro-2-main.jpg,Connectivity: Wi-Fi | Voice_Assistant: Google Assistant | Power: Wired,2025-02-09,2025-02-09,Yes,
32,BB-MKT-00306,S005,ConnectPro Sales,Tablets,Samsung,Fire HD 10,SA-1108-WH,631685415257,0631685415257,"Samsung Fire HD 10 11"" 512GB Tablet",Stay productive and entertained with the Samsung Fire HD 10. Powerful performance in a sleek design.,654.88,0.44,263,https://images.bestbuy.com/marketplace/samsung-fire-hd-10-main.jpg,"Storage_GB: 512 | Screen_Size: 11"" | Cellular: No | RAM_GB: 12",2024-11-21,2024-11-21,Yes,
33,BB-MKT-00700,S003,PrimeElectronics,Smart Home,Google,Echo Show 10,GO-5227-SL,707541577390,0707541577390,Google Echo Show 10 Smart Home Device,Transform your home with the Google Echo Show 10. Easy setup and seamless smart home integration.,362.4,0.69,0,https://images.bestbuy.com/marketplace/google-echo-show-10-main.jpg,Connectivity: Bluetooth | Voice_Assistant: None | Power: USB-C,2024-11-17,2023-12-06,Yes,STALE_LISTING
34,BB-MKT-00246,S005,ConnectPro Sales,Tablets,Amazon,iPad Pro 12.9,AM-9462-SL,635758278399,0635758278399,"Amazon iPad Pro 12.9 12.4"" 128GB Tablet",Stay productive and entertained with the Amazon iPad Pro 12.9. Powerful performance in a sleek design.,1093.17,0.61,0,https://images.bestbuy.com/marketplace/amazon-ipad-pro-12.9-main.jpg,"Storage_GB: 128 | Screen_Size: 12.4"" | Cellular: Yes | RAM_GB: 12",2024-08-03,2023-11-20,Yes,STALE_LISTING
35,BB-MKT-00815,S004,ValueTech Store,Headphones,Bose,WH-1000XM5,BO-9813-WH,696530775578,0696530775578,Bose WH-1000XM5 Over-ear Both Headphones,Enjoy crystal-clear audio with the Bose WH-1000XM5. Perfect for music lovers and remote workers.,32.47,0.41,13,https://images.bestbuy.com/marketplace/bose-wh-1000xm5-main.jpg,Type: Over-ear | Connectivity: Both | ANC: Yes | Battery_Hours: 20,2025-01-06,2025-01-06,Yes,
36,BB-MKT-00969,S002,EliteGadgets Inc,TVs,TCL,OLED C3,TC-4375-BK,520572158394,0520572158394,"TCL 75"" 1080p Full HD Smart TV OLED C3",Immerse yourself in stunning visuals with the TCL OLED C3. Features cutting-edge display technology.,3715.17,8.21,123,https://images.bestbuy.com/marketplace/tcl-oled-c3-main.jpg,"Screen_Size: 75"" | Resolution: 1080p Full HD | Smart_TV: Yes | HDR: HDR10",2024-12-17,2024-12-17,Yes,
37,BB-MKT-00780,S004,ValueTech Store,Headphones,JBL,Tour One,JB-8111-WH,279281185915,0279281185915,JBL Tour One In-ear Wired Headphones,Enjoy crystal-clear audio with the JBL Tour One. Perfect for music lovers and remote workers.,73.73,0.21,491,https://images.bestbuy.com/marketplace/jbl-tour-one-main.jpg,Type: In-ear | Connectivity: Wired | ANC: Yes | Battery_Hours: 24,2024-08-19,2024-08-19,Yes,
38,BB-MKT-01000,S008,DigitalHub USA,Smart Home,Arlo,Nest Hub Max,AR-2003-BL,751444143907,0751444143907,Arlo Nest Hub Max Smart Home Device,Transform your home with the Arlo Nest Hub Max. Easy setup and seamless smart home integration.,115.92,0.11,90,https://images.bestbuy.com/marketplace/arlo-nest-hub-max-main.jpg,Connectivity: Bluetooth | Voice_Assistant: Apple HomeKit | Power: USB-C,2024-10-10,2024-10-10,Yes,
39,BB-MKT-00644,S006,NextGen Devices,TVs,Lenovo,iPad Pro 12.9,LE-3144-SL,204770454921,0204770454921,"Lenovo iPad Pro 12.9 11"" 256GB Tablet",Stay productive and entertained with the Lenovo iPad Pro 12.9. Powerful performance in a sleek design.,1014.11,0.65,412,https://images.bestbuy.com/marketplace/lenovo-ipad-pro-12.9-main.jpg,"Storage_GB: 256 | Screen_Size: 11"" | Cellular: Yes | RAM_GB: 16",2024-07-28,2024-07-28,Yes,CATEGORY_MISMATCH
40,BB-MKT-00572,S001,TechDirect LLC,Headphones,JBL,Studio Pro,JB-6922-BK,643169854042,0643169854042,JBL Studio Pro On-ear Wired Headphones,Enjoy crystal-clear audio with the JBL Studio Pro. Perfect for music lovers and remote workers.,488.58,0.26,0,https://images.bestbuy.com/marketplace/jbl-studio-pro-main.jpg,Type: On-ear | Connectivity: Wired | ANC: Yes | Battery_Hours: 40,2025-02-01,2023-11-27,Yes,STALE_LISTING
41,BB-MKT-00038,S007,SmartBuy Co,Laptops,HP,Katana 15,HP-1096-SL,625619734196,0625619734196,"HP Katana 15 13.3"" Laptop - 64GB RAM 512GB SSD",Experience premium performance with the HP Katana 15. Designed for professionals and students alike.,1026.09,1.82,456,https://images.bestbuy.com/marketplace/hp-katana-15-main.jpg,"RAM_GB: 64 | Storage_GB: 512 | Screen_Size: 13.3"" | Processor: Apple M2",2025-01-31,2025-01-31,Yes,
42,BB-MKT-00522,S005,ConnectPro Sales,TVs,Samsung,Bravia XR,SA-6882-BK,244325991971,0244325991971,"Samsung 65"" 8K Smart TV Bravia XR",Immerse yourself in stunning visuals with the Samsung Bravia XR. Features cutting-edge display technology.,3369.2,30.56,250,https://images.bestbuy.com/marketplace/samsung-bravia-xr-main.jpg,"Screen_Size: 65"" | Resolution: 8K | Smart_TV: No | HDR: HDR10+",2025-02-14,2025-02-14,Yes,
43,BB-MKT-00344,S008,DigitalHub USA,Headphones,JBL,Evolve2 85,JB-7429-BK,392298458992,0392298458992,JBL Evolve2 85 Over-ear Wired Headphones,Enjoy crystal-clear audio with the JBL Evolve2 85. Perfect for music lovers and remote workers.,311.46,0.25,458,https://images.bestbuy.com/marketplace/jbl-evolve2-85-main.jpg,Type: Over-ear | Connectivity: Wired | ANC: Yes | Battery_Hours: 24,2024-11-06,2024-11-06,Yes,
44,BB-MKT-00239,S005,ConnectPro Sales,Smart Home,Amazon,Nest Hub Max,AM-9871-BL,986239835712,0986239835712,Amazon Nest Hub Max Smart Home Device,Transform your home with the Amazon Nest Hub Max. Easy setup and seamless smart home integration.,485.23,0.93,0,https://images.bestbuy.com/marketplace/amazon-nest-hub-max-main.jpg,Connectivity: Wi-Fi | Voice_Assistant: Alexa | Power: USB-C,2024-08-01,2023-12-10,Yes,STALE_LISTING
45,BB-MKT-00335,S005,ConnectPro Sales,Laptops,Microsoft,Fire HD 10,MI-3048-WH,125143648433,0125143648433,"Microsoft Fire HD 10 12.4"" 512GB Tablet",Stay productive and entertained with the Microsoft Fire HD 10. Powerful performance in a sleek design.,910.33,0.86,358,https://images.bestbuy.com/marketplace/microsoft-fire-hd-10-main.jpg,"Storage_GB: 512 | Screen_Size: 12.4"" | Cellular: Yes | RAM_GB: 6",2024-08-10,2024-08-10,Yes,CATEGORY_MISMATCH
46,BB-MKT-00780,S003,PrimeElectronics,Headphones,JBL,Tour One,JB-8111-WH,279281185915,0279281185915,JBL Tour One In-ear Wired Headphones,Enjoy crystal-clear audio with the JBL Tour One. Perfect for music lovers and remote workers.,78.11,0.21,491,https://images.bestbuy.com/marketplace/jbl-tour-one-main.jpg,Type: In-ear | Connectivity: Wired | ANC: Yes | Battery_Hours: 24,2024-08-19,2024-08-19,Yes,DUPLICATE_SKU
47,BB-MKT-00781,S004,ValueTech Store,Laptops,MSI,Pavilion 15,MS-4036-BL,473971242576,0473971242576,"MSI Pavilion 15 16"" Laptop - 8GB RAM 512GB SSD",Experience premium performance with the MSI Pavilion 15. Designed for professionals and students alike.,798.29,1.53,423,https://images.bestbuy.com/marketplace/msi-pavilion-15-main.jpg,"RAM_GB: 8 | Storage_GB: 512 | Screen_Size: 16"" | Processor: Apple M2",2025-02-28,2025-02-28,Yes,
48,BB-MKT-00171,S001,TechDirect LLC,TVs,Sony,QLED 4K,SO-2260-SL,537317445811,0537317445811,"Sony 50"" 1080p Full HD Smart TV QLED 4K",Immerse yourself in stunning visuals with the Sony QLED 4K. Features cutting-edge display technology.,858.19,18.58,427,https://images.bestbuy.com/marketplace/sony-qled-4k-main.jpg,"Screen_Size: 50"" | Resolution: 1080p Full HD | Smart_TV: Yes | HDR: HDR10+",2025-01-16,2025-01-16,Yes,
49,BB-MKT-00740,S004,ValueTech Store,TVs,Samsung,5-Series 4K,SA-8418-WH,233656199806,0233656199806,"Samsung 65"" 4K UHD Smart TV 5-Series 4K",Immerse yourself in stunning visuals with the Samsung 5-Series 4K. Features cutting-edge display technology.,2504.37,34.01,121,https://images.bestbuy.com/marketplace/samsung-5-series-4k-main.jpg,"Screen_Size: 65"" | Resolution: 4K UHD | Smart_TV: No | HDR: Dolby Vision",2025-04-22,2025-04-22,Yes,
50,BB-MKT-00207,S007,SmartBuy Co,Laptops,Apple,Aspire 5,AP-4329-WH,658685143493,0841696827829,"Apple Aspire 5 13.3"" Laptop - 16GB RAM 512GB SSD",Experience premium performance with the Apple Aspire 5. Designed for professionals and students alike.,1525.42,1.83,324,https://images.bestbuy.com/marketplace/apple-aspire-5-main.jpg,"RAM_GB: 16 | Storage_GB: 512 | Screen_Size: 13.3"" | Processor: AMD Ryzen 5",2024-08-03,2024-08-03,Yes,GTIN_UPC_MISMATCH
51,BB-MKT-00296,S001,TechDirect LLC,Smart Home,Wyze,Learning Thermostat,WY-6633-WH,914962728298,0914962728298,Wyze Learning Thermostat Smart Home Device,Transform your home with the Wyze Learning Thermostat. Easy setup and seamless smart home integration.,222.95,1.0,262,https://images.bestbuy.com/marketplace/wyze-learning-thermostat-main.jpg,Connectivity: Wi-Fi | Voice_Assistant: Apple HomeKit | Power: Battery,2024-09-11,2024-09-11,Yes,
52,BB-MKT-00783,S008,DigitalHub USA,TVs,Samsung,U8K,SA-7396-SL,378434777669,0378434777669,"Samsung 75"" 8K Smart TV U8K",Immerse yourself in stunning visuals with the Samsung U8K. Features cutting-edge display technology.,503.82,46.34,495,https://images.bestbuy.com/marketplace/samsung-u8k-main.jpg,"Screen_Size: 75"" | Resolution: 8K | Smart_TV: Yes | HDR: HDR10",2024-11-25,2024-11-25,Yes,
53,BB-MKT-00825,S007,SmartBuy Co,Laptops,MSI,MacBook Air,MS-6932-WH,329860847179,0329860847179,"MSI MacBook Air 13.3"" Laptop - 32GB RAM 512GB SSD",Experience premium performance with the MSI MacBook Air. Designed for professionals and students alike.,2467.96,2.54,202,https://images.bestbuy.com/marketplace/msi-macbook-air-main.jpg,"RAM_GB: 32 | Storage_GB: 512 | Screen_Size: 13.3"" | Processor: Intel i5",2024-10-26,2024-10-26,Yes,
54,BB-MKT-00913,S008,DigitalHub USA,Smart Home,Arlo,Nest Hub Max,AR-3493-SL,595921470446,0595921470446,Arlo Nest Hub Max Smart Home Device,Transform your home with the Arlo Nest Hub Max. Easy setup and seamless smart home integration.,63.32,1.01,173,https://images.bestbuy.com/marketplace/arlo-nest-hub-max-main.jpg,Connectivity: Wi-Fi | Voice_Assistant: None | Power: Wired,2025-02-18,2025-02-18,Yes,
55,BB-MKT-00788,S003,PrimeElectronics,Tablets,Lenovo,Fire HD 10,LE-7024-SL,778163081324,0778163081324,"Lenovo Fire HD 10 8"" 128GB Tablet",Stay productive and entertained with the Lenovo Fire HD 10. Powerful performance in a sleek design.,371.69,0.56,29,https://images.bestbuy.com/marketplace/lenovo-fire-hd-10-main.jpg,"Storage_GB: 128 | Screen_Size: 8"" | Cellular: No | RAM_GB: 4",2024-10-30,2024-10-30,Yes,
56,BB-MKT-00226,S002,EliteGadgets Inc,TVs,Vizio,OLED C3,VI-7363-SL,980393840836,0980393840836,"Vizio 55"" 1080p Full HD Smart TV OLED C3",Immerse yourself in stunning visuals with the Vizio OLED C3. Features cutting-edge display technology.,3756.02,51.63,88,https://images.bestbuy.com/marketplace/vizio-oled-c3-main.jpg,"Screen_Size: 55"" | Resolution: 1080p Full HD | Smart_TV: Yes | HDR: HDR10",2024-09-29,2024-09-29,Yes,
57,BB-MKT-00828,S002,EliteGadgets Inc,Laptops,Dell,Aspire 5,DE-7408-WH,203731395415,0203731395415,"Dell Aspire 5 13.3"" Laptop - 64GB RAM 256GB SSD",Experience premium performance with the Dell Aspire 5. Designed for professionals and students alike.,2145.09,2.57,401,https://images.bestbuy.com/marketplace/dell-aspire-5-main.jpg,"RAM_GB: 64 | Storage_GB: 256 | Screen_Size: 13.3"" | Processor: Apple M2",2024-12-13,2024-12-13,Yes,
58,BB-MKT-00871,S004,ValueTech Store,TVs,Samsung,U8K,SA-5500-SL,574565755436,0574565755436,"Samsung 43"" 4K UHD Smart TV U8K",Immerse yourself in stunning visuals with the Samsung U8K. Features cutting-edge display technology.,3893.45,38.32,124,https://images.bestbuy.com/marketplace/samsung-u8k-main.jpg,"Screen_Size: 43"" | Resolution: 4K UHD | Smart_TV: Yes | HDR: HDR10+",2025-03-26,2025-03-26,Yes,
59,BB-MKT-00643,S004,ValueTech Store,Laptops,MSI,Katana 15,MS-3608-BK,997581118439,0763338558088,"MSI Katana 15 16"" Laptop - 16GB RAM 512GB SSD",Experience premium performance with the MSI Katana 15. Designed for professionals and students alike.,1549.68,1.74,347,https://images.bestbuy.com/marketplace/msi-katana-15-main.jpg,"RAM_GB: 16 | Storage_GB: 512 | Screen_Size: 16"" | Processor: AMD Ryzen 5",2025-02-28,2025-02-28,Yes,GTIN_UPC_MISMATCH
60,BB-MKT-00234,S004,ValueTech Store,TVs,TCL,QLED 4K,TC-6600-WH,,0177759201989,"TCL 43"" 8K Smart TV QLED 4K",Immerse yourself in stunning visuals with the TCL QLED 4K. Features cutting-edge display technology.,3578.74,15.08,38,https://images.bestbuy.com/marketplace/tcl-qled-4k-main.jpg,"Screen_Size: 43"" | Resolution: 8K | Smart_TV: Yes | HDR: Dolby Vision",2025-04-07,2025-04-07,Yes,MISSING_UPC
61,BB-MKT-00410,S006,NextGen Devices,Headphones,Sennheiser,Studio Pro,SE-1133-BL,198742540483,0198742540483,Sennheiser Studio Pro In-ear Wired Headphones,Enjoy crystal-clear audio with the Sennheiser Studio Pro. Perfect for music lovers and remote workers.,469.77,0.41,31,https://images.bestbuy.com/marketplace/sennheiser-studio-pro-main.jpg,Type: In-ear | Connectivity: Wired | ANC: No | Battery_Hours: 30,2025-01-06,2025-01-06,Yes,
62,BB-MKT-00640,S001,TechDirect LLC,Headphones,Sony,Momentum 4,SO-6980-WH,947481413490,0947481413490,Sony Momentum 4 In-ear Wireless Headphones,Enjoy crystal-clear audio with the Sony Momentum 4. Perfect for music lovers and remote workers.,299.27,0.35,113,https://images.bestbuy.com/marketplace/sony-momentum-4-main.jpg,Type: In-ear | Connectivity: Wireless | ANC: No | Battery_Hours: 36,2024-08-24,2024-08-24,Yes,
63,BB-MKT-00431,S002,EliteGadgets Inc,Smart Home,Wyze,Video Doorbell Pro 2,WY-2485-SL,791726793957,0791726793957,Wyze Video Doorbell Pro 2 Smart Home Device,Transform your home with the Wyze Video Doorbell Pro 2. Easy setup and seamless smart home integration.,280.27,1.45,41,https://images.bestbuy.com/marketplace/wyze-video-doorbell-pro-2-main.jpg,Connectivity: Z-Wave | Voice_Assistant: Apple HomeKit | Power: Wired,2025-02-21,2025-02-21,Yes,
64,BB-MKT-00759,S002,EliteGadgets Inc,Headphones,Jabra,Evolve2 85,JA-6715-SL,846939168337,0846939168337,Jabra Evolve2 85 In-ear Wired Headphones,Enjoy crystal-clear audio with the Jabra Evolve2 85. Perfect for music lovers and remote workers.,232.33,0.3,141,https://images.bestbuy.com/marketplace/jabra-evolve2-85-main.jpg,Type: In-ear | Connectivity: Wired | ANC: Yes | Battery_Hours: 30,2024-12-06,2024-12-06,Yes,
65,BB-MKT-00148,S008,DigitalHub USA,Headphones,JBL,QuietComfort 45,JB-1187-SL,897070599637,0897070599637,JBL QuietComfort 45 On-ear Wired Headphones,Enjoy crystal-clear audio with the JBL QuietComfort 45. Perfect for music lovers and remote workers.,331.43,0.37,31,https://images.bestbuy.com/marketplace/jbl-quietcomfort-45-main.jpg,Type: On-ear | Connectivity: Wired | ANC: No | Battery_Hours: 30,2024-08-30,2024-08-30,Yes,DUPLICATE_SKU
66,BB-MKT-00108,S002,EliteGadgets Inc,Headphones,Sony,Studio Pro,SO-4637-BL,200663178163,0200663178163,Sony Studio Pro Over-ear Wired Headphones,Enjoy crystal-clear audio with the Sony Studio Pro. Perfect for music lovers and remote workers.,489.01,0.43,212,https://images.bestbuy.com/marketplace/sony-studio-pro-main.jpg,Type: Over-ear | Connectivity: Wired | ANC: No | Battery_Hours: 40,2024-07-28,2024-07-28,Yes,
67,BB-MKT-00496,S001,TechDirect LLC,Smart Home,Google,Video Doorbell Pro 2,GO-5919-BL,920985028652,0920985028652,Google Video Doorbell Pro 2 Smart Home Device,Transform your home with the Google Video Doorbell Pro 2. Easy setup and seamless smart home integration.,221.82,1.3,466,https://images.bestbuy.com/marketplace/google-video-doorbell-pro-2-main.jpg,Connectivity: Bluetooth | Voice_Assistant: Google Assistant | Power: Battery,2024-08-02,2024-08-02,Yes,
68,BB-MKT-00118,S005,ConnectPro Sales,Tablets,Amazon,Tab P12 Pro,AM-6776-BL,899045831074,0899045831074,"Amazon Tab P12 Pro 12.4"" 128GB Tablet",Stay productive and entertained with the Amazon Tab P12 Pro. Powerful performance in a sleek design.,464.74,0.89,485,https://images.bestbuy.com/marketplace/amazon-tab-p12-pro-main.jpg,"Storage_GB: 128 | Screen_Size: 12.4"" | Cellular: No | RAM_GB: 12",2024-07-30,2024-07-30,Yes,
69,BB-MKT-00330,S005,ConnectPro Sales,Tablets,Samsung,Fire HD 10,SA-4863-BL,399448622255,0399448622255,"Samsung Fire HD 10 12.9"" 128GB Tablet",Stay productive and entertained with the Samsung Fire HD 10. Powerful performance in a sleek design.,1133.76,0.42,409,https://images.bestbuy.com/marketplace/samsung-fire-hd-10-main.jpg,"Storage_GB: 128 | Screen_Size: 12.9"" | Cellular: Yes | RAM_GB: 4",2024-09-15,2024-09-15,Yes,
70,BB-MKT-00247,S005,ConnectPro Sales,Smart Home,Nest,Nest Hub Max,NE-1541-BL,370830447947,0370830447947,Nest Nest Hub Max Smart Home Device,Transform your home with the Nest Nest Hub Max. Easy setup and seamless smart home integration.,52.76,0.6,101,https://images.bestbuy.com/marketplace/nest-nest-hub-max-main.jpg,Connectivity: Wi-Fi | Voice_Assistant: Google Assistant | Power: Battery,2024-11-18,2024-11-18,Yes,
71,BB-MKT-00618,S008,DigitalHub USA,Laptops,Dell,Katana 15,DE-2503-WH,238316071754,0238316071754,"Dell Katana 15 14"" Laptop - 64GB RAM 256GB SSD",Experience premium performance with the Dell Katana 15. Designed for professionals and students alike.,1643.52,2.53,477,https://images.bestbuy.com/marketplace/dell-katana-15-main.jpg,"RAM_GB: 64 | Storage_GB: 256 | Screen_Size: 14"" | Processor: Intel i5",2024-10-13,2024-10-13,Yes,
72,BB-MKT-00899,S007,SmartBuy Co,Laptops,Apple,VivoBook 16,AP-7671-SL,930009936596,0930009936596,"Apple VivoBook 16 16"" Laptop - 16GB RAM 1024GB SSD",Experience premium performance with the Apple VivoBook 16. Designed for professionals and students alike.,1433.47,1.48,259,https://images.bestbuy.com/marketplace/apple-vivobook-16-main.jpg,"RAM_GB: 16 | Storage_GB: 1024 | Screen_Size: 16"" | Processor: Intel i5",2025-03-05,2025-03-05,Yes,
73,BB-MKT-00550,S007,SmartBuy Co,Smart Home,Wyze,Cam OG,WY-7937-BL,797927148904,0230535362395,Wyze Cam OG Smart Home Device,Transform your home with the Wyze Cam OG. Easy setup and seamless smart home integration.,3766.97,1.43,374,https://images.bestbuy.com/marketplace/wyze-cam-og-main.jpg,Connectivity: Bluetooth | Voice_Assistant: Apple HomeKit | Power: USB-C,2025-01-30,2025-01-30,Yes,GTIN_UPC_MISMATCH
74,BB-MKT-00674,S007,SmartBuy Co,Laptops,Lenovo,XPS 15,LE-5046-SL,562617737537,0562617737537,"Lenovo XPS 15 15.6"" Laptop - 32GB RAM 512GB SSD",Experience premium performance with the Lenovo XPS 15. Designed for professionals and students alike.,2278.72,1.49,0,https://images.bestbuy.com/marketplace/lenovo-xps-15-main.jpg,"RAM_GB: 32 | Storage_GB: 512 | Screen_Size: 15.6"" | Processor: AMD Ryzen 5",2024-07-27,2024-07-27,Yes,
75,BB-MKT-00866,S003,PrimeElectronics,TVs,TCL,V-Series,TC-2661-BL,853106567568,0853106567568,"TCL 75"" 4K UHD Smart TV V-Series",Immerse yourself in stunning visuals with the TCL V-Series. Features cutting-edge display technology.,3262.31,8.54,163,https://images.bestbuy.com/marketplace/tcl-v-series-main.jpg,"Screen_Size: 75"" | Resolution: 4K UHD | Smart_TV: No | HDR: HDR10",2024-09-04,2024-09-04,Yes,
76,BB-MKT-00103,S005,ConnectPro Sales,Tablets,Samsung,Fire HD 10,SA-9624-BK,240931555521,0240931555521,"Samsung Fire HD 10 11"" 64GB Tablet",Stay productive and entertained with the Samsung Fire HD 10. Powerful performance in a sleek design.,891.93,0.55,185,https://images.bestbuy.com/marketplace/samsung-fire-hd-10-main.jpg,"Storage_GB: 64 | Screen_Size: 11"" | Cellular: No | RAM_GB: 8",2024-07-10,2024-07-10,Yes,
77,BB-MKT-00458,S005,ConnectPro Sales,Laptops,HP,IdeaPad 5,HP-9770-SL,280062774333,0280062774333,"HP IdeaPad 5 14"" Laptop - 32GB RAM 512GB SSD",Experience premium performance with the HP IdeaPad 5. Designed for professionals and students alike.,781.79,1.48,362,https://images.bestbuy.com/marketplace/hp-ideapad-5-main.jpg,"RAM_GB: 32 | Storage_GB: 512 | Screen_Size: 14"" | Processor: Apple M2",2024-09-17,2024-09-17,Yes,
78,BB-MKT-00581,S001,TechDirect LLC,TVs,Hisense,U8K,HI-4297-BK,323237413951,0323237413951,"Hisense 43"" 8K Smart TV U8K - EXTREMELY DETAILED SPEC DESCRIPTION THAT GOES WAY BEYOND THE ALLOWED CHARACTER LIMIT FOR BEST BUY MARKETPLACE LISTINGS",Immerse yourself in stunning visuals with the Hisense U8K. Features cutting-edge display technology.,1529.82,37.39,355,https://images.bestbuy.com/marketplace/hisense-u8k-main.jpg,"Screen_Size: 43"" | Resolution: 8K | Smart_TV: No | HDR: HDR10",2025-02-25,2025-02-25,Yes,TITLE_TOO_LONG
79,BB-MKT-00561,S001,TechDirect LLC,TVs,LG,U8K,LG-7308-BK,657282271538,0657282271538,"LG 75"" 4K UHD Smart TV U8K",Immerse yourself in stunning visuals with the LG U8K. Features cutting-edge display technology.,1258.83,22.01,283,https://images.bestbuy.com/marketplace/lg-u8k-main.jpg,"Screen_Size: 75"" | Resolution: 4K UHD | Smart_TV: No | HDR: HDR10+",2025-01-25,2025-01-25,Yes,
80,BB-MKT-00450,S001,TechDirect LLC,Tablets,Lenovo,Galaxy Tab S9,LE-1022-BK,798807938281,0798807938281,"Lenovo Galaxy Tab S9 10.1"" 512GB Tablet",Stay productive and entertained with the Lenovo Galaxy Tab S9. Powerful performance in a sleek design.,591.61,0.71,271,https://images.bestbuy.com/marketplace/lenovo-galaxy-tab-s9-main.jpg,"Storage_GB: 512 | Screen_Size: 10.1"" | Cellular: No | RAM_GB: 12",2024-07-17,2024-07-17,Yes,
81,BB-MKT-00905,S001,TechDirect LLC,Tablets,Apple,Tab P12 Pro,AP-4313-WH,997731829200,0997731829200,"Apple Tab P12 Pro 10.1"" 256GB Tablet",Stay productive and entertained with the Apple Tab P12 Pro. Powerful performance in a sleek design.,6916.78,0.45,426,https://images.bestbuy.com/marketplace/apple-tab-p12-pro-main.jpg,"Storage_GB: 256 | Screen_Size: 10.1"" | Cellular: No | RAM_GB: 8",2025-01-08,2025-01-08,Yes,PRICE_ANOMALY
82,BB-MKT-00445,S003,PrimeElectronics,TVs,Samsung,Surface Pro 9,SA-1977-SL,860347056632,0860347056632,"Samsung Surface Pro 9 10.1"" 256GB Tablet",Stay productive and entertained with the Samsung Surface Pro 9. Powerful performance in a sleek design.,305.98,0.81,234,https://images.bestbuy.com/marketplace/samsung-surface-pro-9-main.jpg,"Storage_GB: 256 | Screen_Size: 10.1"" | Cellular: No | RAM_GB: 6",2025-01-31,2025-01-31,Yes,CATEGORY_MISMATCH
83,BB-MKT-00068,S001,TechDirect LLC,Smart Home,Amazon,Nest Hub Max,AM-2612-BK,577129546141,0577129546141,Amazon Nest Hub Max Smart Home Device,Transform your home with the Amazon Nest Hub Max. Easy setup and seamless smart home integration.,237.53,1.07,462,https://images.bestbuy.com/marketplace/amazon-nest-hub-max-main.jpg,Connectivity: Z-Wave | Voice_Assistant: Google Assistant | Power: USB-C,2024-07-15,2024-07-15,Yes,
84,BB-MKT-00285,S004,ValueTech Store,Headphones,Beats,Momentum 4,BE-3906-BK,,0590889755438,Beats Momentum 4 In-ear Both Headphones,Enjoy crystal-clear audio with the Beats Momentum 4. Perfect for music lovers and remote workers.,126.23,0.24,263,https://images.bestbuy.com/marketplace/beats-momentum-4-main.jpg,Type: In-ear | Connectivity: Both | ANC: Yes | Battery_Hours: 24,2024-08-31,2024-08-31,Yes,MISSING_UPC
85,BB-MKT-00653,S004,ValueTech Store,Laptops,Apple,Katana 15,AP-4526-WH,427025971044,0427025971044,"Apple Katana 15 13.3"" Laptop - 8GB RAM 256GB SSD",Experience premium performance with the Apple Katana 15. Designed for professionals and students alike.,1663.5,1.55,183,https://images.bestbuy.com/marketplace/apple-katana-15-main.jpg,"RAM_GB: 8 | Storage_GB: 256 | Screen_Size: 13.3"" | Processor: Intel i7",2024-11-20,2024-11-20,Yes,
86,BB-MKT-00775,S004,ValueTech Store,Smart Home,Jabra,Momentum 4,JA-6764-SL,266025908976,0266025908976,Jabra Momentum 4 On-ear Both Headphones,Enjoy crystal-clear audio with the Jabra Momentum 4. Perfect for music lovers and remote workers.,267.93,0.41,71,https://images.bestbuy.com/marketplace/jabra-momentum-4-main.jpg,Type: On-ear | Connectivity: Both | ANC: Yes | Battery_Hours: 24,2024-11-20,2024-11-20,Yes,CATEGORY_MISMATCH
87,BB-MKT-00348,S003,PrimeElectronics,Headphones,Beats,WH-1000XM5,BE-6544-BK,781550942568,0781550942568,Beats WH-1000XM5 Over-ear Wireless Headphones,Enjoy crystal-clear audio with the Beats WH-1000XM5. Perfect for music lovers and remote workers.,60.08,0.36,359,https://images.bestbuy.com/marketplace/beats-wh-1000xm5-main.jpg,Type: Over-ear | Connectivity: Wireless | ANC: No | Battery_Hours: 20,2025-04-01,2025-04-01,Yes,
88,BB-MKT-00989,S003,PrimeElectronics,Headphones,Apple,WH-1000XM5,AP-9721-BL,230632228619,0230632228619,Apple WH-1000XM5 In-ear Wireless Headphones,Enjoy crystal-clear audio with the Apple WH-1000XM5. Perfect for music lovers and remote workers.,111.31,0.34,240,https://images.bestbuy.com/marketplace/apple-wh-1000xm5-main.jpg,Type: In-ear | Connectivity: Wireless | ANC: Yes | Battery_Hours: 24,2024-11-21,2024-11-21,Yes,
89,BB-MKT-00295,S004,ValueTech Store,TVs,Vizio,5-Series 4K,VI-7113-BK,811802029051,0811802029051,"Vizio 75"" 8K Smart TV 5-Series 4K",Immerse yourself in stunning visuals with the Vizio 5-Series 4K. Features cutting-edge display technology.,2324.72,32.42,63,https://images.bestbuy.com/marketplace/vizio-5-series-4k-main.jpg,"Screen_Size: 75"" | Resolution: 8K | Smart_TV: Yes | HDR: Dolby Vision",2024-07-22,2024-07-22,Yes,
90,BB-MKT-00212,S006,NextGen Devices,Tablets,Samsung,Galaxy Tab S9,SA-7819-SL,371965068780,0371965068780,"Samsung Galaxy Tab S9 12.9"" 64GB Tablet",Stay productive and entertained with the Samsung Galaxy Tab S9. Powerful performance in a sleek design.,460.95,0.35,190,https://images.bestbuy.com/marketplace/samsung-galaxy-tab-s9-main.jpg,"Storage_GB: 64 | Screen_Size: 12.9"" | Cellular: No | RAM_GB: 6",2024-08-31,2024-08-31,Yes,
91,BB-MKT-00779,S006,NextGen Devices,Laptops,Arlo,Hue Starter Kit,AR-8364-BL,864966579177,0864966579177,Arlo Hue Starter Kit Smart Home Device,Transform your home with the Arlo Hue Starter Kit. Easy setup and seamless smart home integration.,91.61,0.99,284,https://images.bestbuy.com/marketplace/arlo-hue-starter-kit-main.jpg,Connectivity: Wi-Fi | Voice_Assistant: Google Assistant | Power: Wired,2024-10-11,2024-10-11,Yes,CATEGORY_MISMATCH
92,BB-MKT-00082,S005,ConnectPro Sales,TVs,Samsung,V-Series,SA-4898-SL,966681384799,0966681384799,"Samsung 43"" 4K UHD Smart TV V-Series",Immerse yourself in stunning visuals with the Samsung V-Series. Features cutting-edge display technology.,308.18,19.68,64,https://images.bestbuy.com/marketplace/samsung-v-series-main.jpg,"Screen_Size: 43"" | Resolution: 4K UHD | Smart_TV: Yes | HDR: Dolby Vision",2025-02-01,2025-02-01,Yes,
93,BB-MKT-00534,S008,DigitalHub USA,Tablets,Apple,Galaxy Tab S9,AP-9317-WH,355284741551,0355284741551,"Apple Galaxy Tab S9 10.1"" 256GB Tablet",Stay productive and entertained with the Apple Galaxy Tab S9. Powerful performance in a sleek design.,824.81,0.71,471,https://images.bestbuy.com/marketplace/apple-galaxy-tab-s9-main.jpg,"Storage_GB: 256 | Screen_Size: 10.1"" | Cellular: No | RAM_GB: 8",2025-02-25,2025-02-25,Yes,
94,BB-MKT-00268,S007,SmartBuy Co,Laptops,Dell,Katana 15,DE-8171-SL,492253611454,0492253611454,"Dell Katana 15 14"" Laptop - 8GB RAM 256GB SSD",Experience premium performance with the Dell Katana 15. Designed for professionals and students alike.,2243.8,1.35,0,https://images.bestbuy.com/marketplace/dell-katana-15-main.jpg,"RAM_GB: 8 | Storage_GB: 256 | Screen_Size: 14"" | Processor: Intel i7",2024-12-23,2023-12-01,Yes,STALE_LISTING
95,BB-MKT-00092,S002,EliteGadgets Inc,Headphones,JBL,WH-1000XM5,JB-1744-WH,437872761622,0437872761622,JBL WH-1000XM5 On-ear Both Headphones,Enjoy crystal-clear audio with the JBL WH-1000XM5. Perfect for music lovers and remote workers.,234.54,0.35,3,https://images.bestbuy.com/marketplace/jbl-wh-1000xm5-main.jpg,Type: On-ear | Connectivity: Both | ANC: No | Battery_Hours: 40,2024-10-13,2024-10-13,Yes,
96,BB-MKT-00965,S007,SmartBuy Co,Smart Home,Arlo,Nest Hub Max,AR-4244-SL,939442358177,0939442358177,Arlo Nest Hub Max Smart Home Device,Transform your home with the Arlo Nest Hub Max. Easy setup and seamless smart home integration.,472.8,0.7,222,https://images.bestbuy.com/marketplace/arlo-nest-hub-max-main.jpg,Connectivity: Z-Wave | Voice_Assistant: Apple HomeKit | Power: Battery,2025-01-10,2025-01-10,Yes,
97,BB-MKT-00771,S008,DigitalHub USA,Tablets,Apple,iPad Pro 12.9,AP-9957-SL,361221074705,0361221074705,"Apple iPad Pro 12.9 12.4"" 256GB Tablet",Stay productive and entertained with the Apple iPad Pro 12.9. Powerful performance in a sleek design.,1093.94,0.71,439,https://images.bestbuy.com/marketplace/apple-ipad-pro-12.9-main.jpg,"Storage_GB: 256 | Screen_Size: 12.4"" | Cellular: No | RAM_GB: 6",2024-09-02,2024-09-02,Yes,
98,BB-MKT-00342,S004,ValueTech Store,Laptops,HP,Pavilion 15,HP-9060-WH,398297363894,0398297363894,"HP Pavilion 15 16"" Laptop - 32GB RAM 256GB SSD",Experience premium performance with the HP Pavilion 15. Designed for professionals and students alike.,1072.35,1.44,496,https://images.bestbuy.com/marketplace/hp-pavilion-15-main.jpg,"RAM_GB: 32 | Storage_GB: 256 | Screen_Size: 16"" | Processor: Apple M2",2025-03-31,2025-03-31,Yes,
99,BB-MKT-00645,S005,ConnectPro Sales,Tablets,Samsung,Fire HD 10,SA-4436-WH,262767312308,0262767312308,"Samsung Fire HD 10 12.4"" 128GB Tablet",Stay productive and entertained with the Samsung Fire HD 10. Powerful performance in a sleek design.,1074.01,0.42,333,https://images.bestbuy.com/marketplace/samsung-fire-hd-10-main.jpg,"Storage_GB: 128 | Screen_Size: 12.4"" | Cellular: No | RAM_GB: 8",2024-07-05,2024-07-05,Yes,
100,BB-MKT-00842,S003,PrimeElectronics,Smart Home,Philips,Learning Thermostat,PH-2921-WH,651055291977,0651055291977,Philips Learning Thermostat Smart Home Device,Transform your home with the Philips Learning Thermostat. Easy setup and seamless smart home integration.,292.27,0.63,197,https://images.bestbuy.com/marketplace/philips-learning-thermostat-main.jpg,Connectivity: Bluetooth | Voice_Assistant: None | Power: Wired,2025-02-28,2025-02-28,Yes,
101,BB-MKT-00153,S002,EliteGadgets Inc,Laptops,ASUS,IdeaPad 5,AS-5703-BL,136387268746,0136387268746,"ASUS IdeaPad 5 13.3"" Laptop - 8GB RAM 1024GB SSD",Experience premium performance with the ASUS IdeaPad 5. Designed for professionals and students alike.,776.96,1.42,328,https://images.bestbuy.com/marketplace/asus-ideapad-5-main.jpg,"RAM_GB: 8 | Storage_GB: 1024 | Screen_Size: 13.3"" | Processor: Intel i5",2025-02-01,2025-02-01,Yes,
102,BB-MKT-00791,S004,ValueTech Store,Tablets,Microsoft,Galaxy Tab S9,MI-9631-SL,369095351400,0369095351400,"Microsoft Galaxy Tab S9 11"" 512GB Tablet",Stay productive and entertained with the Microsoft Galaxy Tab S9. Powerful performance in a sleek design.,515.69,0.62,53,https://images.bestbuy.com/marketplace/microsoft-galaxy-tab-s9-main.jpg,"Storage_GB: 512 | Screen_Size: 11"" | Cellular: No | RAM_GB: 16",2024-07-28,2024-07-28,Yes,
103,BB-MKT-00776,S005,ConnectPro Sales,Tablets,Apple,Tab P12 Pro,AP-9608-SL,952580988064,0952580988064,"Apple Tab P12 Pro 12.4"" 512GB Tablet",Stay productive and entertained with the Apple Tab P12 Pro. Powerful performance in a sleek design.,297.84,0.49,489,https://images.bestbuy.com/marketplace/apple-tab-p12-pro-main.jpg,"Storage_GB: 512 | Screen_Size: 12.4"" | Cellular: Yes | RAM_GB: 16",2025-04-24,2025-04-24,Yes,
104,BB-MKT-00615,S001,TechDirect LLC,TVs,Samsung,U8K,SA-4990-BK,930769072459,0930769072459,"Samsung 43"" 8K Smart TV U8K",Immerse yourself in stunning visuals with the Samsung U8K. Features cutting-edge display technology.,473.71,24.48,151,https://images.bestbuy.com/marketplace/samsung-u8k-main.jpg,"Screen_Size: 43"" | Resolution: 8K | Smart_TV: Yes | HDR: HDR10+",2024-10-12,2024-10-12,Yes,
105,BB-MKT-00917,S006,NextGen Devices,Laptops,HP,VivoBook 16,HP-4417-BL,919769811178,0919769811178,"HP VivoBook 16 13.3"" Laptop - 8GB RAM 512GB SSD",Experience premium performance with the HP VivoBook 16. Designed for professionals and students alike.,502.35,1.9,101,https://images.bestbuy.com/marketplace/hp-vivobook-16-main.jpg,"RAM_GB: 8 | Storage_GB: 512 | Screen_Size: 13.3"" | Processor: AMD Ryzen 7",2024-10-14,2024-10-14,Yes,
106,BB-MKT-00914,S007,SmartBuy Co,Laptops,ASUS,Aspire 5,AS-6281-BL,344849805895,0344849805895,"ASUS Aspire 5 16"" Laptop - 32GB RAM 256GB SSD",Experience premium performance with the ASUS Aspire 5. Designed for professionals and students alike.,715.04,2.57,299,https://images.bestbuy.com/marketplace/asus-aspire-5-main.jpg,"RAM_GB: 32 | Storage_GB: 256 | Screen_Size: 16"" | Processor: Intel i5",2024-12-15,2024-12-15,Yes,
107,BB-MKT-00321,S005,ConnectPro Sales,Smart Home,Wyze,Video Doorbell Pro 2,WY-7618-BK,599051685688,0599051685688,Wyze Video Doorbell Pro 2 Smart Home Device,Transform your home with the Wyze Video Doorbell Pro 2. Easy setup and seamless smart home integration.,151.72,0.67,54,https://images.bestbuy.com/marketplace/wyze-video-doorbell-pro-2-main.jpg,Connectivity: Z-Wave | Voice_Assistant: Apple HomeKit | Power: Battery,2025-04-13,2025-04-13,Yes,
108,BB-MKT-00627,S005,ConnectPro Sales,Tablets,Apple,iPad Pro 12.9,AP-7520-SL,924333145551,0924333145551,"Apple iPad Pro 12.9 10.1"" 256GB Tablet",Stay productive and entertained with the Apple iPad Pro 12.9. Powerful performance in a sleek design.,156.38,0.4,251,,"Storage_GB: 256 | Screen_Size: 10.1"" | Cellular: No | RAM_GB: 6",2024-07-01,2024-07-01,Yes,MISSING_PRIMARY_IMAGE_URL
109,BB-MKT-00631,S001,TechDirect LLC,Headphones,Beats,WH-1000XM5,BE-1118-BL,672137182068,0672137182068,Beats WH-1000XM5 In-ear Both Headphones,Enjoy crystal-clear audio with the Beats WH-1000XM5. Perfect for music lovers and remote workers.,342.55,0.45,389,https://images.bestbuy.com/marketplace/beats-wh-1000xm5-main.jpg,Type: In-ear | Connectivity: Both | ANC: Yes | Battery_Hours: 20,2024-11-14,2024-11-14,Yes,
110,BB-MKT-00808,S005,ConnectPro Sales,Headphones,Apple,AirPods Max,AP-9096-WH,731997559540,0731997559540,Apple AirPods Max Over-ear Wireless Headphones,Enjoy crystal-clear audio with the Apple AirPods Max. Perfect for music lovers and remote workers.,496.93,0.42,7,https://images.bestbuy.com/marketplace/apple-airpods-max-main.jpg,Type: Over-ear | Connectivity: Wireless | ANC: No | Battery_Hours: 36,2024-09-24,2024-09-24,Yes,
111,BB-MKT-00385,S007,SmartBuy Co,TVs,Apple,Evolve2 85,AP-4323-BK,245593128898,0245593128898,Apple Evolve2 85 On-ear Wired Headphones,Enjoy crystal-clear audio with the Apple Evolve2 85. Perfect for music lovers and remote workers.,352.73,0.26,234,https://images.bestbuy.com/marketplace/apple-evolve2-85-main.jpg,Type: On-ear | Connectivity: Wired | ANC: Yes | Battery_Hours: 20,2025-03-12,2025-03-12,Yes,CATEGORY_MISMATCH
112,BB-MKT-00315,S005,ConnectPro Sales,Headphones,Beats,Momentum 4,BE-4337-BL,536714876134,0536714876134,Beats Momentum 4 On-ear Both Headphones,Enjoy crystal-clear audio with the Beats Momentum 4. Perfect for music lovers and remote workers.,316.09,0.34,91,https://images.bestbuy.com/marketplace/beats-momentum-4-main.jpg,Type: On-ear | Connectivity: Both | ANC: No | Battery_Hours: 40,2025-01-06,2025-01-06,Yes,
113,BB-MKT-00125,S006,NextGen Devices,Laptops,ASUS,VivoBook 16,AS-1907-BK,651613895273,0651613895273,,Experience premium performance with the ASUS VivoBook 16. Designed for professionals and students alike.,1487.01,1.69,82,https://images.bestbuy.com/marketplace/asus-vivobook-16-main.jpg,"RAM_GB: 32 | Storage_GB: 256 | Screen_Size: 14"" | Processor: Intel i7",2024-12-13,2024-12-13,Yes,MISSING_TITLE
114,BB-MKT-00292,S002,EliteGadgets Inc,TVs,Samsung,5-Series 4K,SA-3916-SL,156149172748,0156149172748,"Samsung 85"" 8K Smart TV 5-Series 4K",Immerse yourself in stunning visuals with the Samsung 5-Series 4K. Features cutting-edge display technology.,2341.82,33.3,116,https://images.bestbuy.com/marketplace/samsung-5-series-4k-main.jpg,"Screen_Size: 85"" | Resolution: 8K | Smart_TV: Yes | HDR: HDR10",2024-11-10,2024-11-10,Yes,
115,BB-MKT-00187,S002,EliteGadgets Inc,Smart Home,Google,Video Doorbell Pro 2,GO-9019-SL,388252241697,0388252241697,Google Video Doorbell Pro 2 Smart Home Device,Transform your home with the Google Video Doorbell Pro 2. Easy setup and seamless smart home integration.,309.58,0.96,300,https://images.bestbuy.com/marketplace/google-video-doorbell-pro-2-main.jpg,Connectivity: Z-Wave | Voice_Assistant: Google Assistant | Power: Wired,2024-08-28,2024-08-28,Yes,
116,BB-MKT-00008,S006,NextGen Devices,TVs,LG,U8K,LG-3621-BL,787851215839,0416326328379,"LG 65"" 4K UHD Smart TV U8K",Immerse yourself in stunning visuals with the LG U8K. Features cutting-edge display technology.,2485.53,24.93,305,https://images.bestbuy.com/marketplace/lg-u8k-main.jpg,"Screen_Size: 65"" | Resolution: 4K UHD | Smart_TV: Yes | HDR: HDR10",2025-02-25,2025-02-25,Yes,GTIN_UPC_MISMATCH
117,BB-MKT-00806,S006,NextGen Devices,TVs,Sony,OLED C3,SO-7716-SL,586366591177,0586366591177,"Sony 65"" 8K Smart TV OLED C3",Immerse yourself in stunning visuals with the Sony OLED C3. Features cutting-edge display technology.,547.84,32.66,39,https://images.bestbuy.com/marketplace/sony-oled-c3-main.jpg,"Screen_Size: 65"" | Resolution: 8K | Smart_TV: Yes | HDR: HDR10+",2025-01-02,2025-01-02,Yes,
118,BB-MKT-00155,S001,TechDirect LLC,Headphones,JBL,Evolve2 85,JB-8546-SL,371569339299,0371569339299,JBL Evolve2 85 In-ear Both Headphones,Enjoy crystal-clear audio with the JBL Evolve2 85. Perfect for music lovers and remote workers.,109.66,0.25,448,https://images.bestbuy.com/marketplace/jbl-evolve2-85-main.jpg,Type: In-ear | Connectivity: Both | ANC: No | Battery_Hours: 40,2024-08-27,2024-08-27,Yes,
119,BB-MKT-00170,S001,TechDirect LLC,Laptops,Apple,Pavilion 15,AP-4463-BL,349290861585,0349290861585,"Apple Pavilion 15 16"" Laptop - 8GB RAM 512GB SSD",Experience premium performance with the Apple Pavilion 15. Designed for professionals and students alike.,968.3,2.68,350,https://images.bestbuy.com/marketplace/apple-pavilion-15-main.jpg,"RAM_GB: 8 | Storage_GB: 512 | Screen_Size: 16"" | Processor: AMD Ryzen 5",2024-11-21,2024-11-21,Yes,
120,BB-MKT-00946,S004,ValueTech Store,Headphones,Beats,AirPods Max,BE-9146-WH,784243799876,0784243799876,Beats AirPods Max Over-ear Both Headphones,Enjoy crystal-clear audio with the Beats AirPods Max. Perfect for music lovers and remote workers.,2397.9,0.25,438,https://images.bestbuy.com/marketplace/beats-airpods-max-main.jpg,Type: Over-ear | Connectivity: Both | ANC: Yes | Battery_Hours: 36,2025-03-06,2025-03-06,Yes,PRICE_ANOMALY
121,BB-MKT-00682,S001,TechDirect LLC,TVs,Sony,OLED C3,SO-1022-SL,226850119314,0226850119314,"Sony 55"" 4K UHD Smart TV OLED C3",,2621.56,50.78,166,https://images.bestbuy.com/marketplace/sony-oled-c3-main.jpg,"Screen_Size: 55"" | Resolution: 4K UHD | Smart_TV: Yes | HDR: HDR10",2024-08-12,2024-08-12,Yes,MISSING_DESCRIPTION
122,BB-MKT-00975,S007,SmartBuy Co,Smart Home,Ring,Learning Thermostat,RI-9251-WH,146253046418,0146253046418,Ring Learning Thermostat Smart Home Device,Transform your home with the Ring Learning Thermostat. Easy setup and seamless smart home integration.,390.22,1.11,22,https://images.bestbuy.com/marketplace/ring-learning-thermostat-main.jpg,Connectivity: Zigbee | Voice_Assistant: None | Power: USB-C,2025-04-18,2025-04-18,Yes,
123,BB-MKT-00363,S003,PrimeElectronics,Headphones,Sennheiser,Evolve2 85,SE-9269-BK,593796857850,0593796857850,Sennheiser Evolve2 85 Over-ear Wireless Headphones,Enjoy crystal-clear audio with the Sennheiser Evolve2 85. Perfect for music lovers and remote workers.,144.48,0.27,201,https://images.bestbuy.com/marketplace/sennheiser-evolve2-85-main.jpg,Type: Over-ear | Connectivity: Wireless | ANC: Yes | Battery_Hours: 36,2024-09-14,2024-09-14,Yes,
124,BB-MKT-00884,S002,EliteGadgets Inc,Headphones,Sony,Evolve2 85,SO-8500-SL,280015852329,0280015852329,Sony Evolve2 85 In-ear Both Headphones,Enjoy crystal-clear audio with the Sony Evolve2 85. Perfect for music lovers and remote workers.,404.99,0.26,241,https://images.bestbuy.com/marketplace/sony-evolve2-85-main.jpg,Type: In-ear | Connectivity: Both | ANC: No | Battery_Hours: 40,2024-10-11,2024-10-11,Yes,
125,BB-MKT-00797,S003,PrimeElectronics,Laptops,Lenovo,Katana 15,LE-7465-BK,470637745818,0470637745818,"Lenovo Katana 15 14"" Laptop - 32GB RAM 256GB SSD",Experience premium performance with the Lenovo Katana 15. Designed for professionals and students alike.,1691.65,1.78,337,https://images.bestbuy.com/marketplace/lenovo-katana-15-main.jpg,"RAM_GB: 32 | Storage_GB: 256 | Screen_Size: 14"" | Processor: Apple M2",2024-11-06,2024-11-06,Yes,
126,BB-MKT-00272,S003,PrimeElectronics,Smart Home,Wyze,Echo Show 10,WY-9123-WH,619041839496,0619041839496,Wyze Echo Show 10 Smart Home Device,Transform your home with the Wyze Echo Show 10. Easy setup and seamless smart home integration.,64.19,0.79,123,https://images.bestbuy.com/marketplace/wyze-echo-show-10-main.jpg,Connectivity: Wi-Fi | Voice_Assistant: Google Assistant | Power: USB-C,2024-12-17,2024-12-17,Yes,
127,BB-MKT-00529,S005,ConnectPro Sales,Smart Home,Philips,Cam OG,PH-3213-BK,237815343514,0237815343514,Philips Cam OG Smart Home Device,Transform your home with the Philips Cam OG. Easy setup and seamless smart home integration.,118.68,1.24,356,https://images.bestbuy.com/marketplace/philips-cam-og-main.jpg,Connectivity: Z-Wave | Voice_Assistant: None | Power: Wired,2024-10-05,2024-10-05,Yes,
128,BB-MKT-00003,S005,ConnectPro Sales,TVs,LG,Bravia XR,LG-5333-BK,762902242161,0762902242161,"LG 43"" 4K UHD Smart TV Bravia XR",Immerse yourself in stunning visuals with the LG Bravia XR. Features cutting-edge display technology.,2985.49,31.59,498,https://images.bestbuy.com/marketplace/lg-bravia-xr-main.jpg,"Screen_Size: 43"" | Resolution: 4K UHD | Smart_TV: No | HDR: HDR10",2025-01-10,2025-01-10,Yes,
129,BB-MKT-00677,S001,TechDirect LLC,Smart Home,Arlo,Hue Starter Kit,AR-9955-SL,182028023076,0182028023076,Arlo Hue Starter Kit Smart Home Device,Transform your home with the Arlo Hue Starter Kit. Easy setup and seamless smart home integration.,170.69,0.76,389,https://images.bestbuy.com/marketplace/arlo-hue-starter-kit-main.jpg,Connectivity: Zigbee | Voice_Assistant: Google Assistant | Power: USB-C,2024-10-12,2024-10-12,Yes,
130,BB-MKT-00777,S006,NextGen Devices,Smart Home,Wyze,Hue Starter Kit,WY-4796-BK,274946376753,0274946376753,Wyze Hue Starter Kit Smart Home Device,Transform your home with the Wyze Hue Starter Kit. Easy setup and seamless smart home integration.,341.67,0.8,0,https://images.bestbuy.com/marketplace/wyze-hue-starter-kit-main.jpg,Connectivity: Bluetooth | Voice_Assistant: Alexa | Power: Battery,2025-03-01,2024-01-01,Yes,STALE_LISTING
131,BB-MKT-00802,S004,ValueTech Store,Headphones,Sennheiser,AirPods Max,SE-3344-BK,412999405907,0412999405907,Sennheiser AirPods Max In-ear Wired Headphones,Enjoy crystal-clear audio with the Sennheiser AirPods Max. Perfect for music lovers and remote workers.,198.8,0.4,171,https://images.bestbuy.com/marketplace/sennheiser-airpods-max-main.jpg,Type: In-ear | Connectivity: Wired | ANC: Yes | Battery_Hours: 36,2025-01-25,2025-01-25,Yes,
132,BB-MKT-00751,S007,SmartBuy Co,Tablets,Samsung,Surface Pro 9,SA-9087-BL,681005676810,0681005676810,"Samsung Surface Pro 9 12.4"" 128GB Tablet",Stay productive and entertained with the Samsung Surface Pro 9. Powerful performance in a sleek design.,274.56,0.33,127,https://images.bestbuy.com/marketplace/samsung-surface-pro-9-main.jpg,"Storage_GB: 128 | Screen_Size: 12.4"" | Cellular: Yes | RAM_GB: 16",2024-08-26,2024-08-26,Yes,
133,BB-MKT-00941,S001,TechDirect LLC,Laptops,Apple,Katana 15,AP-5354-BK,579280058185,0579280058185,"Apple Katana 15 16"" Laptop - 64GB RAM 256GB SSD",Experience premium performance with the Apple Katana 15. Designed for professionals and students alike.,2493.34,2.52,249,https://images.bestbuy.com/marketplace/apple-katana-15-main.jpg,"RAM_GB: 64 | Storage_GB: 256 | Screen_Size: 16"" | Processor: Intel i7",2025-04-14,2025-04-14,Yes,
134,BB-MKT-00271,S001,TechDirect LLC,Laptops,Lenovo,MacBook Air,LE-2560-BL,673460166516,0673460166516,"Lenovo MacBook Air 14"" Laptop - 32GB RAM 256GB SSD",Experience premium performance with the Lenovo MacBook Air. Designed for professionals and students alike.,1788.6,1.6,177,https://images.bestbuy.com/marketplace/lenovo-macbook-air-main.jpg,"RAM_GB: 32 | Storage_GB: 256 | Screen_Size: 14"" | Processor: AMD Ryzen 5",2025-01-14,2025-01-14,Yes,
135,BB-MKT-00716,S008,DigitalHub USA,Tablets,Amazon,Galaxy Tab S9,AM-5864-WH,475502695551,0475502695551,"Amazon Galaxy Tab S9 10.1"" 256GB Tablet",Stay productive and entertained with the Amazon Galaxy Tab S9. Powerful performance in a sleek design.,377.4,0.87,246,https://images.bestbuy.com/marketplace/amazon-galaxy-tab-s9-main.jpg,"Storage_GB: 256 | Screen_Size: 10.1"" | Cellular: Yes | RAM_GB: 4",2025-03-01,2025-03-01,Yes,
136,BB-MKT-00539,S001,TechDirect LLC,Smart Home,Amazon,Nest Hub Max,AM-5786-BL,899538366698,0899538366698,Amazon Nest Hub Max Smart Home Device,Transform your home with the Amazon Nest Hub Max. Easy setup and seamless smart home integration.,387.12,0.8,445,https://images.bestbuy.com/marketplace/amazon-nest-hub-max-main.jpg,Connectivity: Wi-Fi | Voice_Assistant: Google Assistant | Power: Wired,2024-08-20,2024-08-20,Yes,
137,BB-MKT-00551,S003,PrimeElectronics,TVs,Hisense,OLED C3,HI-9408-BK,877251778208,0877251778208,"Hisense 65"" 1080p Full HD Smart TV OLED C3",Immerse yourself in stunning visuals with the Hisense OLED C3. Features cutting-edge display technology.,2853.27,28.04,16,https://images.bestbuy.com/marketplace/hisense-oled-c3-main.jpg,"Screen_Size: 65"" | Resolution: 1080p Full HD | Smart_TV: No | HDR: HDR10",2024-09-19,2024-09-19,Yes,
138,BB-MKT-00026,S007,SmartBuy Co,Smart Home,Arlo,Nest Hub Max,AR-1406-WH,554757219856,0554757219856,Arlo Nest Hub Max Smart Home Device,Transform your home with the Arlo Nest Hub Max. Easy setup and seamless smart home integration.,375.19,0.57,476,https://images.bestbuy.com/marketplace/arlo-nest-hub-max-main.jpg,Connectivity: Zigbee | Voice_Assistant: Google Assistant | Power: Battery,2025-01-27,2025-01-27,Yes,
139,BB-MKT-00427,S007,SmartBuy Co,Headphones,Apple,QuietComfort 45,AP-1984-SL,466741203353,0466741203353,,Enjoy crystal-clear audio with the Apple QuietComfort 45. Perfect for music lovers and remote workers.,525.91,0.27,225,https://images.bestbuy.com/marketplace/apple-quietcomfort-45-main.jpg,Type: Over-ear | Connectivity: Wired | ANC: Yes | Battery_Hours: 36,2024-08-05,2024-08-05,Yes,MISSING_TITLE
140,BB-MKT-00243,S007,SmartBuy Co,Laptops,ASUS,Pavilion 15,AS-2654-SL,957115200247,0957115200247,"ASUS Pavilion 15 13.3"" Laptop - 16GB RAM 1024GB SSD",Experience premium performance with the ASUS Pavilion 15. Designed for professionals and students alike.,2220.7,2.61,449,https://images.bestbuy.com/marketplace/asus-pavilion-15-main.jpg,"RAM_GB: 16 | Storage_GB: 1024 | Screen_Size: 13.3"" | Processor: Intel i5",2025-01-27,2025-01-27,Yes,
141,BB-MKT-00857,S007,SmartBuy Co,Headphones,Amazon,Video Doorbell Pro 2,AM-8790-SL,560243328878,0560243328878,Amazon Video Doorbell Pro 2 Smart Home Device,Transform your home with the Amazon Video Doorbell Pro 2. Easy setup and seamless smart home integration.,187.24,1.36,95,https://images.bestbuy.com/marketplace/amazon-video-doorbell-pro-2-main.jpg,Connectivity: Wi-Fi | Voice_Assistant: Apple HomeKit | Power: Battery,2024-12-31,2024-12-31,Yes,CATEGORY_MISMATCH
142,BB-MKT-00809,S002,EliteGadgets Inc,Tablets,Microsoft,Fire HD 10,MI-1392-WH,576027797809,0576027797809,"Microsoft Fire HD 10 8"" 512GB Tablet",Stay productive and entertained with the Microsoft Fire HD 10. Powerful performance in a sleek design.,1287.42,0.38,443,https://images.bestbuy.com/marketplace/microsoft-fire-hd-10-main.jpg,"Storage_GB: 512 | Screen_Size: 8"" | Cellular: Yes | RAM_GB: 4",2025-03-29,2025-03-29,Yes,
143,BB-MKT-00642,S006,NextGen Devices,Headphones,Sennheiser,Evolve2 85,SE-7171-BK,419953698349,0419953698349,Sennheiser Evolve2 85 Over-ear Wired Headphones - EXTREMELY DETAILED SPEC DESCRIPTION THAT GOES WAY BEYOND THE ALLOWED CHARACTER LIMIT FOR BEST BUY MARKETPLACE LISTINGS,Enjoy crystal-clear audio with the Sennheiser Evolve2 85. Perfect for music lovers and remote workers.,539.19,0.28,423,https://images.bestbuy.com/marketplace/sennheiser-evolve2-85-main.jpg,Type: Over-ear | Connectivity: Wired | ANC: No | Battery_Hours: 24,2024-10-16,2024-10-16,Yes,TITLE_TOO_LONG
144,BB-MKT-00380,S006,NextGen Devices,Tablets,Amazon,Fire HD 10,AM-5025-BL,146719653397,0146719653397,"Amazon Fire HD 10 12.9"" 64GB Tablet",Stay productive and entertained with the Amazon Fire HD 10. Powerful performance in a sleek design.,1280.41,0.32,198,https://images.bestbuy.com/marketplace/amazon-fire-hd-10-main.jpg,"Storage_GB: 64 | Screen_Size: 12.9"" | Cellular: Yes | RAM_GB: 12",2025-03-22,2025-03-22,Yes,
145,BB-MKT-00200,S003,PrimeElectronics,Laptops,ASUS,MacBook Air,AS-2559-BK,201599535427,0201599535427,"ASUS MacBook Air 14"" Laptop - 32GB RAM 1024GB SSD",Experience premium performance with the ASUS MacBook Air. Designed for professionals and students alike.,18339.38,1.32,303,https://images.bestbuy.com/marketplace/asus-macbook-air-main.jpg,"RAM_GB: 32 | Storage_GB: 1024 | Screen_Size: 14"" | Processor: AMD Ryzen 7",2024-10-24,2024-10-24,Yes,PRICE_ANOMALY
146,BB-MKT-00505,S008,DigitalHub USA,Tablets,Microsoft,Tab P12 Pro,MI-7895-SL,486832101732,0486832101732,"Microsoft Tab P12 Pro 10.1"" 64GB Tablet",Stay productive and entertained with the Microsoft Tab P12 Pro. Powerful performance in a sleek design.,670.25,0.32,26,https://images.bestbuy.com/marketplace/microsoft-tab-p12-pro-main.jpg,"Storage_GB: 64 | Screen_Size: 10.1"" | Cellular: No | RAM_GB: 16",2024-10-03,2024-10-03,Yes,
147,BB-MKT-00853,S003,PrimeElectronics,Headphones,Sony,Tour One,SO-6169-BL,719078416015,0719078416015,Sony Tour One In-ear Wired Headphones,Enjoy crystal-clear audio with the Sony Tour One. Perfect for music lovers and remote workers.,146.5,0.25,452,https://images.bestbuy.com/marketplace/sony-tour-one-main.jpg,Type: In-ear | Connectivity: Wired | ANC: Yes | Battery_Hours: 30,2024-10-11,2024-10-11,Yes,
148,BB-MKT-00748,S002,EliteGadgets Inc,TVs,LG,Bravia XR,LG-5552-BL,173821698071,0173821698071,"LG 65"" 8K Smart TV Bravia XR",Immerse yourself in stunning visuals with the LG Bravia XR. Features cutting-edge display technology.,864.74,21.51,445,https://images.bestbuy.com/marketplace/lg-bravia-xr-main.jpg,"Screen_Size: 65"" | Resolution: 8K | Smart_TV: Yes | HDR: Dolby Vision",2025-04-22,2025-04-22,Yes,
149,BB-MKT-00904,S004,ValueTech Store,Headphones,JBL,Studio Pro,JB-6798-SL,900297242833,0900297242833,JBL Studio Pro On-ear Wired Headphones,Enjoy crystal-clear audio with the JBL Studio Pro. Perfect for music lovers and remote workers.,262.85,0.31,201,https://images.bestbuy.com/marketplace/jbl-studio-pro-main.jpg,Type: On-ear | Connectivity: Wired | ANC: Yes | Battery_Hours: 30,2025-01-30,2025-01-30,Yes,
150,BB-MKT-00745,S008,DigitalHub USA,Laptops,HP,IdeaPad 5,HP-9548-WH,236014034742,0236014034742,"HP IdeaPad 5 16"" Laptop - 16GB RAM 1024GB SSD",Experience premium performance with the HP IdeaPad 5. Designed for professionals and students alike.,1612.56,2.26,499,https://images.bestbuy.com/marketplace/hp-ideapad-5-main.jpg,"RAM_GB: 16 | Storage_GB: 1024 | Screen_Size: 16"" | Processor: AMD Ryzen 7",2024-11-21,2024-11-21,Yes,
151,BB-MKT-00931,S005,ConnectPro Sales,Laptops,MSI,IdeaPad 5,MS-4721-BL,203621360965,0203621360965,"MSI IdeaPad 5 13.3"" Laptop - 64GB RAM 1024GB SSD",Experience premium performance with the MSI IdeaPad 5. Designed for professionals and students alike.,2142.16,1.39,364,https://images.bestbuy.com/marketplace/msi-ideapad-5-main.jpg,"RAM_GB: 64 | Storage_GB: 1024 | Screen_Size: 13.3"" | Processor: Apple M2",2024-11-29,2024-11-29,Yes,
152,BB-MKT-00174,S003,PrimeElectronics,Tablets,Microsoft,Surface Pro 9,MI-5419-BK,497047117241,0497047117241,"Microsoft Surface Pro 9 8"" 64GB Tablet",Stay productive and entertained with the Microsoft Surface Pro 9. Powerful performance in a sleek design.,301.38,0.41,229,https://images.bestbuy.com/marketplace/microsoft-surface-pro-9-main.jpg,"Storage_GB: 64 | Screen_Size: 8"" | Cellular: Yes | RAM_GB: 8",2025-04-12,2025-04-12,Yes,
153,BB-MKT-00925,S008,DigitalHub USA,TVs,Hisense,V-Series,HI-6290-SL,238542165730,0238542165730,"Hisense 43"" 8K Smart TV V-Series",Immerse yourself in stunning visuals with the Hisense V-Series. Features cutting-edge display technology.,3837.4,37.41,49,https://images.bestbuy.com/marketplace/hisense-v-series-main.jpg,"Screen_Size: 43"" | Resolution: 8K | Smart_TV: No | HDR: Dolby Vision",2025-03-02,2025-03-02,Yes,
154,BB-MKT-00018,S008,DigitalHub USA,TVs,LG,Bravia XR,LG-1821-BL,161476464570,0161476464570,"LG 50"" 4K UHD Smart TV Bravia XR",Immerse yourself in stunning visuals with the LG Bravia XR. Features cutting-edge display technology.,2134.69,45.52,80,https://images.bestbuy.com/marketplace/lg-bravia-xr-main.jpg,"Screen_Size: 50"" | Resolution: 4K UHD | Smart_TV: Yes | HDR: HDR10+",2024-07-30,2024-07-30,Yes,
155,BB-MKT-00134,S005,ConnectPro Sales,Smart Home,Arlo,Cam OG,AR-6555-SL,509713696703,0509713696703,Arlo Cam OG Smart Home Device,Transform your home with the Arlo Cam OG. Easy setup and seamless smart home integration.,383.83,0.38,260,https://images.bestbuy.com/marketplace/arlo-cam-og-main.jpg,Connectivity: Wi-Fi | Voice_Assistant: Google Assistant | Power: Battery,2025-01-22,2025-01-22,Yes,
156,BB-MKT-00723,S002,EliteGadgets Inc,Tablets,Amazon,Fire HD 10,AM-8448-BL,951360784215,0951360784215,"Amazon Fire HD 10 11"" 64GB Tablet",,280.68,0.81,486,https://images.bestbuy.com/marketplace/amazon-fire-hd-10-main.jpg,"Storage_GB: 64 | Screen_Size: 11"" | Cellular: No | RAM_GB: 6",2024-09-02,2024-09-02,Yes,MISSING_DESCRIPTION
157,BB-MKT-00080,S001,TechDirect LLC,Tablets,Microsoft,Galaxy Tab S9,MI-1349-BK,802835768946,0802835768946,"Microsoft Galaxy Tab S9 12.4"" 64GB Tablet",Stay productive and entertained with the Microsoft Galaxy Tab S9. Powerful performance in a sleek design.,1053.81,0.45,64,https://images.bestbuy.com/marketplace/microsoft-galaxy-tab-s9-main.jpg,"Storage_GB: 64 | Screen_Size: 12.4"" | Cellular: Yes | RAM_GB: 6",2025-04-16,2025-04-16,Yes,
158,BB-MKT-00297,S003,PrimeElectronics,TVs,,U8K,LG-1891-BL,979055156549,0979055156549,"LG 55"" 4K UHD Smart TV U8K",Immerse yourself in stunning visuals with the LG U8K. Features cutting-edge display technology.,2666.53,11.22,343,https://images.bestbuy.com/marketplace/lg-u8k-main.jpg,"Screen_Size: 55"" | Resolution: 4K UHD | Smart_TV: Yes | HDR: HDR10",2024-08-04,2024-08-04,Yes,MISSING_BRAND
159,BB-MKT-00545,S004,ValueTech Store,Headphones,Sony,WH-1000XM5,SO-4501-BK,411560321651,0411560321651,Sony WH-1000XM5 In-ear Wired Headphones,Enjoy crystal-clear audio with the Sony WH-1000XM5. Perfect for music lovers and remote workers.,295.07,0.28,174,https://images.bestbuy.com/marketplace/sony-wh-1000xm5-main.jpg,Type: In-ear | Connectivity: Wired | ANC: No | Battery_Hours: 24,2024-09-20,2024-09-20,Yes,
160,BB-MKT-00048,S008,DigitalHub USA,Smart Home,Philips,Nest Hub Max,PH-2524-SL,120585489939,0120585489939,Philips Nest Hub Max Smart Home Device,Transform your home with the Philips Nest Hub Max. Easy setup and seamless smart home integration.,133.15,1.07,156,https://images.bestbuy.com/marketplace/philips-nest-hub-max-main.jpg,Connectivity: Bluetooth | Voice_Assistant: None | Power: Wired,2025-04-24,2025-04-24,Yes,
161,BB-MKT-00460,S003,PrimeElectronics,Headphones,JBL,Momentum 4,JB-7628-BL,129723037608,0129723037608,JBL Momentum 4 Over-ear Both Headphones,Enjoy crystal-clear audio with the JBL Momentum 4. Perfect for music lovers and remote workers.,428.63,0.44,0,https://images.bestbuy.com/marketplace/jbl-momentum-4-main.jpg,Type: Over-ear | Connectivity: Both | ANC: No | Battery_Hours: 20,2024-12-11,2023-11-20,Yes,STALE_LISTING
162,BB-MKT-00916,S003,PrimeElectronics,Smart Home,Ring,Echo Show 10,RI-4304-SL,330460072623,0330460072623,Ring Echo Show 10 Smart Home Device,Transform your home with the Ring Echo Show 10. Easy setup and seamless smart home integration.,105.75,1.49,119,https://images.bestbuy.com/marketplace/ring-echo-show-10-main.jpg,Connectivity: Z-Wave | Voice_Assistant: Apple HomeKit | Power: Battery,2024-10-20,2024-10-20,Yes,
163,BB-MKT-00245,S001,TechDirect LLC,Tablets,Microsoft,Surface Pro 9,MI-2609-WH,854609359348,0854609359348,"Microsoft Surface Pro 9 11"" 64GB Tablet",Stay productive and entertained with the Microsoft Surface Pro 9. Powerful performance in a sleek design.,303.54,0.88,226,https://images.bestbuy.com/marketplace/microsoft-surface-pro-9-main.jpg,"Storage_GB: 64 | Screen_Size: 11"" | Cellular: No | RAM_GB: 8",2024-12-12,2024-12-12,Yes,
164,BB-MKT-00076,S007,SmartBuy Co,Laptops,Lenovo,Aspire 5,LE-7086-BK,519122494202,0519122494202,"Lenovo Aspire 5 15.6"" Laptop - 8GB RAM 512GB SSD",Experience premium performance with the Lenovo Aspire 5. Designed for professionals and students alike.,1816.16,1.95,317,https://images.bestbuy.com/marketplace/lenovo-aspire-5-main.jpg,"RAM_GB: 8 | Storage_GB: 512 | Screen_Size: 15.6"" | Processor: AMD Ryzen 5",2025-04-14,2025-04-14,Yes,
165,BB-MKT-00741,S001,TechDirect LLC,Headphones,Sony,Evolve2 85,SO-1606-BK,546534235894,0546534235894,Sony Evolve2 85 In-ear Wireless Headphones,Enjoy crystal-clear audio with the Sony Evolve2 85. Perfect for music lovers and remote workers.,204.44,0.2,240,https://images.bestbuy.com/marketplace/sony-evolve2-85-main.jpg,Type: In-ear | Connectivity: Wireless | ANC: No | Battery_Hours: 30,2024-08-18,2024-08-18,Yes,
166,BB-MKT-00502,S006,NextGen Devices,Laptops,Lenovo,Aspire 5,LE-3374-SL,962770597493,0962770597493,"Lenovo Aspire 5 14"" Laptop - 64GB RAM 512GB SSD",Experience premium performance with the Lenovo Aspire 5. Designed for professionals and students alike.,1396.97,1.79,157,https://images.bestbuy.com/marketplace/lenovo-aspire-5-main.jpg,"RAM_GB: 64 | Storage_GB: 512 | Screen_Size: 14"" | Processor: AMD Ryzen 5",2024-07-11,2024-07-11,Yes,
167,BB-MKT-00264,S008,DigitalHub USA,TVs,LG,V-Series,LG-2654-SL,827657102170,0827657102170,"LG 85"" 1080p Full HD Smart TV V-Series",Immerse yourself in stunning visuals with the LG V-Series. Features cutting-edge display technology.,2584.49,38.83,214,https://images.bestbuy.com/marketplace/lg-v-series-main.jpg,"Screen_Size: 85"" | Resolution: 1080p Full HD | Smart_TV: Yes | HDR: Dolby Vision",2024-08-23,2024-08-23,Yes,
168,BB-MKT-00135,S001,TechDirect LLC,Laptops,Dell,Pavilion 15,DE-6373-SL,252537935638,0252537935638,"Dell Pavilion 15 16"" Laptop - 32GB RAM 512GB SSD",Experience premium performance with the Dell Pavilion 15. Designed for professionals and students alike.,740.25,2.78,378,https://images.bestbuy.com/marketplace/dell-pavilion-15-main.jpg,"RAM_GB: 32 | Storage_GB: 512 | Screen_Size: 16"" | Processor: Intel i7",2024-12-01,2024-12-01,Yes,
169,BB-MKT-00444,S007,SmartBuy Co,TVs,TCL,OLED C3,TC-3374-WH,580565990311,0580565990311,"TCL 43"" 8K Smart TV OLED C3",Immerse yourself in stunning visuals with the TCL OLED C3. Features cutting-edge display technology.,3728.58,28.02,198,,"Screen_Size: 43"" | Resolution: 8K | Smart_TV: No | HDR: HDR10",2025-01-08,2025-01-08,Yes,MISSING_PRIMARY_IMAGE_URL
170,BB-MKT-00926,S008,DigitalHub USA,Smart Home,Google,Nest Hub Max,GO-2346-BK,822523243501,0822523243501,Google Nest Hub Max Smart Home Device,Transform your home with the Google Nest Hub Max. Easy setup and seamless smart home integration.,366.12,0.5,314,https://images.bestbuy.com/marketplace/google-nest-hub-max-main.jpg,Connectivity: Zigbee | Voice_Assistant: Google Assistant | Power: Battery,2024-08-23,2024-08-23,Yes,
171,BB-MKT-00178,S007,SmartBuy Co,Headphones,JBL,AirPods Max,JB-4290-BL,762802209928,0762802209928,JBL AirPods Max On-ear Both Headphones,Enjoy crystal-clear audio with the JBL AirPods Max. Perfect for music lovers and remote workers.,192.38,0.44,495,https://images.bestbuy.com/marketplace/jbl-airpods-max-main.jpg,Type: On-ear | Connectivity: Both | ANC: Yes | Battery_Hours: 30,2024-12-11,2024-12-11,Yes,
172,BB-MKT-00317,S007,SmartBuy Co,Headphones,Beats,Momentum 4,BE-2492-WH,107026036578,0107026036578,Beats Momentum 4 In-ear Both Headphones,Enjoy crystal-clear audio with the Beats Momentum 4. Perfect for music lovers and remote workers.,274.27,0.35,45,https://images.bestbuy.com/marketplace/beats-momentum-4-main.jpg,Type: In-ear | Connectivity: Both | ANC: Yes | Battery_Hours: 24,2024-08-02,2024-08-02,Yes,
173,BB-MKT-00947,S006,NextGen Devices,Headphones,Beats,Tour One,BE-4109-SL,220327491657,0220327491657,Beats Tour One On-ear Wireless Headphones,Enjoy crystal-clear audio with the Beats Tour One. Perfect for music lovers and remote workers.,501.59,0.38,286,https://images.bestbuy.com/marketplace/beats-tour-one-main.jpg,Type: On-ear | Connectivity: Wireless | ANC: Yes | Battery_Hours: 30,2024-11-29,2024-11-29,Yes,
174,BB-MKT-00547,S002,EliteGadgets Inc,Laptops,MSI,MacBook Air,MS-8424-SL,107459751297,0107459751297,"MSI MacBook Air 15.6"" Laptop - 8GB RAM 512GB SSD",Experience premium performance with the MSI MacBook Air. Designed for professionals and students alike.,2463.2,2.49,297,https://images.bestbuy.com/marketplace/msi-macbook-air-main.jpg,"RAM_GB: 8 | Storage_GB: 512 | Screen_Size: 15.6"" | Processor: Apple M2",2025-04-16,2025-04-16,Yes,
175,BB-MKT-00668,S008,DigitalHub USA,Tablets,Samsung,Galaxy Tab S9,SA-2813-WH,317794439094,0317794439094,"Samsung Galaxy Tab S9 12.4"" 256GB Tablet",Stay productive and entertained with the Samsung Galaxy Tab S9. Powerful performance in a sleek design.,476.63,0.38,215,https://images.bestbuy.com/marketplace/samsung-galaxy-tab-s9-main.jpg,"Storage_GB: 256 | Screen_Size: 12.4"" | Cellular: Yes | RAM_GB: 8",2024-12-17,2024-12-17,Yes,
176,BB-MKT-00952,S007,SmartBuy Co,Headphones,Apple,QuietComfort 45,AP-3203-SL,864324181290,0864324181290,Apple QuietComfort 45 On-ear Both Headphones,Enjoy crystal-clear audio with the Apple QuietComfort 45. Perfect for music lovers and remote workers.,476.17,0.45,126,https://images.bestbuy.com/marketplace/apple-quietcomfort-45-main.jpg,Type: On-ear | Connectivity: Both | ANC: No | Battery_Hours: 20,2025-04-02,2025-04-02,Yes,
177,BB-MKT-00730,S002,EliteGadgets Inc,Laptops,ASUS,Aspire 5,AS-2267-BL,199560037858,0199560037858,"ASUS Aspire 5 14"" Laptop - 8GB RAM 256GB SSD",Experience premium performance with the ASUS Aspire 5. Designed for professionals and students alike.,2172.71,2.66,106,https://images.bestbuy.com/marketplace/asus-aspire-5-main.jpg,"RAM_GB: 8 | Storage_GB: 256 | Screen_Size: 14"" | Processor: AMD Ryzen 5",2025-01-17,2025-01-17,Yes,
178,BB-MKT-00563,S007,SmartBuy Co,Tablets,,Fire HD 10,AP-5016-BL,288915462456,0288915462456,"Apple Fire HD 10 10.1"" 128GB Tablet",Stay productive and entertained with the Apple Fire HD 10. Powerful performance in a sleek design.,1254.55,0.63,21,https://images.bestbuy.com/marketplace/apple-fire-hd-10-main.jpg,"Storage_GB: 128 | Screen_Size: 10.1"" | Cellular: No | RAM_GB: 16",2024-07-01,2024-07-01,Yes,MISSING_BRAND
179,BB-MKT-00725,S001,TechDirect LLC,Tablets,Apple,iPad Pro 12.9,AP-6201-SL,915270839832,0915270839832,"Apple iPad Pro 12.9 10.1"" 64GB Tablet",Stay productive and entertained with the Apple iPad Pro 12.9. Powerful performance in a sleek design.,344.97,0.64,220,https://images.bestbuy.com/marketplace/apple-ipad-pro-12.9-main.jpg,"Storage_GB: 64 | Screen_Size: 10.1"" | Cellular: No | RAM_GB: 16",2024-11-01,2024-11-01,Yes,
180,BB-MKT-00206,S002,EliteGadgets Inc,Laptops,Acer,XPS 15,AC-7520-SL,168386957333,0168386957333,"Acer XPS 15 14"" Laptop - 8GB RAM 512GB SSD",Experience premium performance with the Acer XPS 15. Designed for professionals and students alike.,1719.0,2.0,212,https://images.bestbuy.com/marketplace/acer-xps-15-main.jpg,"RAM_GB: 8 | Storage_GB: 512 | Screen_Size: 14"" | Processor: Intel i5",2025-02-02,2025-02-02,Yes,
181,BB-MKT-00814,S002,EliteGadgets Inc,Headphones,Apple,QuietComfort 45,AP-3774-SL,346698268958,0346698268958,Apple QuietComfort 45 Over-ear Wired Headphones,Enjoy crystal-clear audio with the Apple QuietComfort 45. Perfect for music lovers and remote workers.,517.39,0.26,310,https://images.bestbuy.com/marketplace/apple-quietcomfort-45-main.jpg,Type: Over-ear | Connectivity: Wired | ANC: No | Battery_Hours: 36,2024-08-24,2024-08-24,Yes,
182,BB-MKT-00051,S006,NextGen Devices,TVs,Sony,QLED 4K,SO-5786-WH,705824576198,0705824576198,"Sony 85"" 1080p Full HD Smart TV QLED 4K",Immerse yourself in stunning visuals with the Sony QLED 4K. Features cutting-edge display technology.,2641.01,41.12,52,https://images.bestbuy.com/marketplace/sony-qled-4k-main.jpg,"Screen_Size: 85"" | Resolution: 1080p Full HD | Smart_TV: Yes | HDR: Dolby Vision",2024-07-07,2024-07-07,Yes,
183,BB-MKT-00685,S003,PrimeElectronics,Tablets,Apple,Tab P12 Pro,AP-9036-WH,723581405116,0723581405116,"Apple Tab P12 Pro 12.4"" 128GB Tablet",Stay productive and entertained with the Apple Tab P12 Pro. Powerful performance in a sleek design.,893.7,0.31,83,https://images.bestbuy.com/marketplace/apple-tab-p12-pro-main.jpg,"Storage_GB: 128 | Screen_Size: 12.4"" | Cellular: Yes | RAM_GB: 6",2024-09-29,2024-09-29,Yes,
184,BB-MKT-00493,S004,ValueTech Store,Headphones,Apple,WH-1000XM5,AP-2506-BK,918726303780,0918726303780,Apple WH-1000XM5 On-ear Both Headphones,Enjoy crystal-clear audio with the Apple WH-1000XM5. Perfect for music lovers and remote workers.,336.77,0.27,290,https://images.bestbuy.com/marketplace/apple-wh-1000xm5-main.jpg,Type: On-ear | Connectivity: Both | ANC: No | Battery_Hours: 24,2025-03-29,2025-03-29,Yes,
185,BB-MKT-00133,S003,PrimeElectronics,Headphones,Jabra,AirPods Max,JA-4189-SL,,0722989978517,Jabra AirPods Max On-ear Wired Headphones,Enjoy crystal-clear audio with the Jabra AirPods Max. Perfect for music lovers and remote workers.,316.68,0.22,258,https://images.bestbuy.com/marketplace/jabra-airpods-max-main.jpg,Type: On-ear | Connectivity: Wired | ANC: Yes | Battery_Hours: 36,2025-02-16,2025-02-16,Yes,MISSING_UPC
186,BB-MKT-00882,S008,DigitalHub USA,TVs,LG,5-Series 4K,LG-2610-BL,291796878253,0291796878253,"LG 55"" 4K UHD Smart TV 5-Series 4K",Immerse yourself in stunning visuals with the LG 5-Series 4K. Features cutting-edge display technology.,2424.59,26.4,214,https://images.bestbuy.com/marketplace/lg-5-series-4k-main.jpg,"Screen_Size: 55"" | Resolution: 4K UHD | Smart_TV: No | HDR: Dolby Vision",2025-01-27,2025-01-27,Yes,
187,BB-MKT-00713,S002,EliteGadgets Inc,Laptops,HP,MacBook Air,HP-2056-SL,462501770159,0462501770159,"HP MacBook Air 16"" Laptop - 8GB RAM 512GB SSD",Experience premium performance with the HP MacBook Air. Designed for professionals and students alike.,1118.09,2.17,108,https://images.bestbuy.com/marketplace/hp-macbook-air-main.jpg,"RAM_GB: 8 | Storage_GB: 512 | Screen_Size: 16"" | Processor: Intel i7",2025-03-01,2025-03-01,Yes,
188,BB-MKT-00057,S008,DigitalHub USA,Laptops,ASUS,MacBook Air,AS-9090-BL,694854998490,0694854998490,"ASUS MacBook Air 16"" Laptop - 32GB RAM 1024GB SSD",Experience premium performance with the ASUS MacBook Air. Designed for professionals and students alike.,567.93,1.26,221,https://images.bestbuy.com/marketplace/asus-macbook-air-main.jpg,"RAM_GB: 32 | Storage_GB: 1024 | Screen_Size: 16"" | Processor: AMD Ryzen 5",2024-12-13,2024-12-13,Yes,
189,BB-MKT-00400,S006,NextGen Devices,TVs,LG,Bravia XR,LG-5467-WH,231731474703,0231731474703,"LG 55"" 1080p Full HD Smart TV Bravia XR",Immerse yourself in stunning visuals with the LG Bravia XR. Features cutting-edge display technology.,839.61,13.04,490,https://images.bestbuy.com/marketplace/lg-bravia-xr-main.jpg,"Screen_Size: 55"" | Resolution: 1080p Full HD | Smart_TV: No | HDR: Dolby Vision",2025-04-13,2025-04-13,Yes,
190,BB-MKT-00575,S006,NextGen Devices,Laptops,MSI,IdeaPad 5,MS-3045-BK,592312124212,0592312124212,"MSI IdeaPad 5 16"" Laptop - 16GB RAM 256GB SSD",Experience premium performance with the MSI IdeaPad 5. Designed for professionals and students alike.,2445.5,2.67,193,https://images.bestbuy.com/marketplace/msi-ideapad-5-main.jpg,"RAM_GB: 16 | Storage_GB: 256 | Screen_Size: 16"" | Processor: Intel i5",2024-12-08,2024-12-08,Yes,
191,BB-MKT-00983,S006,NextGen Devices,Headphones,Apple,Evolve2 85,AP-4128-WH,882615880998,0882615880998,Apple Evolve2 85 On-ear Wireless Headphones,Enjoy crystal-clear audio with the Apple Evolve2 85. Perfect for music lovers and remote workers.,521.96,0.38,401,https://images.bestbuy.com/marketplace/apple-evolve2-85-main.jpg,Type: On-ear | Connectivity: Wireless | ANC: Yes | Battery_Hours: 24,2025-01-03,2025-01-03,Yes,
192,BB-MKT-00601,S003,PrimeElectronics,TVs,Sony,5-Series 4K,SO-6084-WH,733953104855,0733953104855,"Sony 85"" 1080p Full HD Smart TV 5-Series 4K",Immerse yourself in stunning visuals with the Sony 5-Series 4K. Features cutting-edge display technology.,2133.28,38.13,141,https://images.bestbuy.com/marketplace/sony-5-series-4k-main.jpg,"Screen_Size: 85"" | Resolution: 1080p Full HD | Smart_TV: No | HDR: HDR10",2024-10-12,2024-10-12,Yes,
193,BB-MKT-00981,S006,NextGen Devices,TVs,LG,Bravia XR,LG-3626-SL,383464149922,0383464149922,"LG 85"" 1080p Full HD Smart TV Bravia XR",Immerse yourself in stunning visuals with the LG Bravia XR. Features cutting-edge display technology.,14151.36,27.0,153,https://images.bestbuy.com/marketplace/lg-bravia-xr-main.jpg,"Screen_Size: 85"" | Resolution: 1080p Full HD | Smart_TV: Yes | HDR: Dolby Vision",2024-09-12,2024-09-12,Yes,PRICE_ANOMALY
194,BB-MKT-00664,S006,NextGen Devices,Laptops,ASUS,VivoBook 16,AS-9832-BK,373499493785,0373499493785,"ASUS VivoBook 16 15.6"" Laptop - 64GB RAM 256GB SSD - EXTREMELY DETAILED SPEC DESCRIPTION THAT GOES WAY BEYOND THE ALLOWED CHARACTER LIMIT FOR BEST BUY MARKETPLACE LISTINGS",Experience premium performance with the ASUS VivoBook 16. Designed for professionals and students alike.,1008.14,1.97,135,https://images.bestbuy.com/marketplace/asus-vivobook-16-main.jpg,"RAM_GB: 64 | Storage_GB: 256 | Screen_Size: 15.6"" | Processor: Intel i5",2024-10-18,2024-10-18,Yes,TITLE_TOO_LONG
195,BB-MKT-00059,S007,SmartBuy Co,Tablets,Apple,Tab P12 Pro,AP-3634-SL,214547351220,0214547351220,"Apple Tab P12 Pro 12.4"" 256GB Tablet",Stay productive and entertained with the Apple Tab P12 Pro. Powerful performance in a sleek design.,622.39,0.6,339,https://images.bestbuy.com/marketplace/apple-tab-p12-pro-main.jpg,"Storage_GB: 256 | Screen_Size: 12.4"" | Cellular: No | RAM_GB: 8",2025-01-22,2025-01-22,Yes,
196,BB-MKT-00659,S007,SmartBuy Co,Tablets,Amazon,Galaxy Tab S9,AM-5380-BK,512929624002,0512929624002,"Amazon Galaxy Tab S9 8"" 256GB Tablet",Stay productive and entertained with the Amazon Galaxy Tab S9. Powerful performance in a sleek design.,1205.21,0.68,0,https://images.bestbuy.com/marketplace/amazon-galaxy-tab-s9-main.jpg,"Storage_GB: 256 | Screen_Size: 8"" | Cellular: Yes | RAM_GB: 6",2024-11-05,2023-12-20,Yes,STALE_LISTING
197,BB-MKT-00392,S007,SmartBuy Co,Laptops,Lenovo,IdeaPad 5,LE-2111-SL,968676108707,0968676108707,"Lenovo IdeaPad 5 14"" Laptop - 16GB RAM 256GB SSD",Experience premium performance with the Lenovo IdeaPad 5. Designed for professionals and students alike.,1029.6,2.08,392,https://images.bestbuy.com/marketplace/lenovo-ideapad-5-main.jpg,"RAM_GB: 16 | Storage_GB: 256 | Screen_Size: 14"" | Processor: AMD Ryzen 5",2024-07-04,2024-07-04,Yes,
198,BB-MKT-00203,S007,SmartBuy Co,Smart Home,Arlo,Learning Thermostat,AR-3017-BL,925235072673,0925235072673,Arlo Learning Thermostat Smart Home Device,Transform your home with the Arlo Learning Thermostat. Easy setup and seamless smart home integration.,194.22,0.7,405,https://images.bestbuy.com/marketplace/arlo-learning-thermostat-main.jpg,Connectivity: Zigbee | Voice_Assistant: Alexa | Power: Battery,2024-09-10,2024-09-10,Yes,
199,BB-MKT-00993,S008,DigitalHub USA,Laptops,Acer,Aspire 5,AC-5591-BK,663465448904,0663465448904,"Acer Aspire 5 15.6"" Laptop - 64GB RAM 256GB SSD",Experience premium performance with the Acer Aspire 5. Designed for professionals and students alike.,1427.18,2.65,26,,"RAM_GB: 64 | Storage_GB: 256 | Screen_Size: 15.6"" | Processor: AMD Ryzen 5",2024-10-31,2024-10-31,Yes,MISSING_PRIMARY_IMAGE_URL
200,BB-MKT-00610,S006,NextGen Devices,TVs,LG,QLED 4K,LG-2035-WH,848149595279,0848149595279,"LG 43"" 8K Smart TV QLED 4K",Immerse yourself in stunning visuals with the LG QLED 4K. Features cutting-edge display technology.,3844.29,12.25,427,https://images.bestbuy.com/marketplace/lg-qled-4k-main.jpg,"Screen_Size: 43"" | Resolution: 8K | Smart_TV: Yes | HDR: HDR10",2024-09-24,2024-09-24,Yes,
201,BB-MKT-00816,S004,ValueTech Store,Headphones,Sennheiser,Tour One,SE-2965-BL,886449807487,0886449807487,Sennheiser Tour One In-ear Wired Headphones,Enjoy crystal-clear audio with the Sennheiser Tour One. Perfect for music lovers and remote workers.,491.22,0.32,44,https://images.bestbuy.com/marketplace/sennheiser-tour-one-main.jpg,Type: In-ear | Connectivity: Wired | ANC: Yes | Battery_Hours: 36,2024-09-09,2024-09-09,Yes,
202,BB-MKT-00336,S004,ValueTech Store,TVs,TCL,QLED 4K,TC-7504-BK,126000982276,0126000982276,"TCL 43"" 4K UHD Smart TV QLED 4K",Immerse yourself in stunning visuals with the TCL QLED 4K. Features cutting-edge display technology.,638.73,35.2,43,https://images.bestbuy.com/marketplace/tcl-qled-4k-main.jpg,"Screen_Size: 43"" | Resolution: 4K UHD | Smart_TV: No | HDR: HDR10+",2025-01-16,2025-01-16,Yes,
203,BB-MKT-00112,S001,TechDirect LLC,Smart Home,Wyze,Nest Hub Max,WY-6780-WH,774316584253,0774316584253,Wyze Nest Hub Max Smart Home Device,Transform your home with the Wyze Nest Hub Max. Easy setup and seamless smart home integration.,297.21,0.36,342,https://images.bestbuy.com/marketplace/wyze-nest-hub-max-main.jpg,Connectivity: Zigbee | Voice_Assistant: Apple HomeKit | Power: Wired,2024-08-13,2024-08-13,Yes,
204,BB-MKT-00864,S001,TechDirect LLC,TVs,Hisense,OLED C3,HI-7523-BK,770021733788,0770021733788,"Hisense 50"" 8K Smart TV OLED C3 - EXTREMELY DETAILED SPEC DESCRIPTION THAT GOES WAY BEYOND THE ALLOWED CHARACTER LIMIT FOR BEST BUY MARKETPLACE LISTINGS",Immerse yourself in stunning visuals with the Hisense OLED C3. Features cutting-edge display technology.,2669.91,14.08,0,https://images.bestbuy.com/marketplace/hisense-oled-c3-main.jpg,"Screen_Size: 50"" | Resolution: 8K | Smart_TV: No | HDR: Dolby Vision",2024-07-23,2023-11-25,Yes,TITLE_TOO_LONG
205,BB-MKT-00425,S006,NextGen Devices,TVs,Vizio,Bravia XR,VI-1931-WH,201444538631,0201444538631,"Vizio 55"" 4K UHD Smart TV Bravia XR",Immerse yourself in stunning visuals with the Vizio Bravia XR. Features cutting-edge display technology.,3813.33,36.08,362,https://images.bestbuy.com/marketplace/vizio-bravia-xr-main.jpg,"Screen_Size: 55"" | Resolution: 4K UHD | Smart_TV: Yes | HDR: HDR10",2024-08-31,2024-08-31,Yes,
206,BB-MKT-00258,S008,DigitalHub USA,Headphones,Jabra,QuietComfort 45,JA-4430-WH,402589264556,0402589264556,Jabra QuietComfort 45 On-ear Both Headphones,Enjoy crystal-clear audio with the Jabra QuietComfort 45. Perfect for music lovers and remote workers.,328.67,0.24,402,https://images.bestbuy.com/marketplace/jabra-quietcomfort-45-main.jpg,Type: On-ear | Connectivity: Both | ANC: Yes | Battery_Hours: 20,2024-08-15,2024-08-15,Yes,
207,BB-MKT-00419,S005,ConnectPro Sales,Headphones,Sony,Evolve2 85,SO-8317-SL,266382597355,0266382597355,Sony Evolve2 85 Over-ear Both Headphones,Enjoy crystal-clear audio with the Sony Evolve2 85. Perfect for music lovers and remote workers.,449.08,0.27,358,https://images.bestbuy.com/marketplace/sony-evolve2-85-main.jpg,Type: Over-ear | Connectivity: Both | ANC: Yes | Battery_Hours: 40,2024-10-29,2024-10-29,Yes,
208,BB-MKT-00358,S006,NextGen Devices,Tablets,Lenovo,Surface Pro 9,LE-5162-SL,704584113184,0704584113184,"Lenovo Surface Pro 9 12.9"" 128GB Tablet",Stay productive and entertained with the Lenovo Surface Pro 9. Powerful performance in a sleek design.,1254.9,0.57,203,https://images.bestbuy.com/marketplace/lenovo-surface-pro-9-main.jpg,"Storage_GB: 128 | Screen_Size: 12.9"" | Cellular: Yes | RAM_GB: 12",2024-07-01,2024-07-01,Yes,
209,BB-MKT-00147,S004,ValueTech Store,TVs,Hisense,V-Series,HI-2562-WH,836160973311,0836160973311,"Hisense 65"" 8K Smart TV V-Series",Immerse yourself in stunning visuals with the Hisense V-Series. Features cutting-edge display technology.,3930.32,29.01,479,https://images.bestbuy.com/marketplace/hisense-v-series-main.jpg,"Screen_Size: 65"" | Resolution: 8K | Smart_TV: No | HDR: HDR10",2024-11-05,2024-11-05,Yes,
210,BB-MKT-00426,S002,EliteGadgets Inc,Smart Home,Google,Learning Thermostat,GO-5826-BL,375669310483,0375669310483,Google Learning Thermostat Smart Home Device,Transform your home with the Google Learning Thermostat. Easy setup and seamless smart home integration.,339.42,0.21,232,https://images.bestbuy.com/marketplace/google-learning-thermostat-main.jpg,Connectivity: Zigbee | Voice_Assistant: Alexa | Power: USB-C,2024-11-19,2024-11-19,Yes,
211,BB-MKT-00912,S008,DigitalHub USA,Headphones,Sennheiser,AirPods Max,SE-2840-WH,957096331940,0957096331940,Sennheiser AirPods Max In-ear Wireless Headphones - EXTREMELY DETAILED SPEC DESCRIPTION THAT GOES WAY BEYOND THE ALLOWED CHARACTER LIMIT FOR BEST BUY MARKETPLACE LISTINGS,Enjoy crystal-clear audio with the Sennheiser AirPods Max. Perfect for music lovers and remote workers.,444.27,0.41,44,https://images.bestbuy.com/marketplace/sennheiser-airpods-max-main.jpg,Type: In-ear | Connectivity: Wireless | ANC: Yes | Battery_Hours: 40,2025-04-20,2025-04-20,Yes,TITLE_TOO_LONG
212,BB-MKT-00205,S008,DigitalHub USA,Tablets,Apple,Galaxy Tab S9,AP-7337-BL,243093160470,0243093160470,"Apple Galaxy Tab S9 12.9"" 512GB Tablet",Stay productive and entertained with the Apple Galaxy Tab S9. Powerful performance in a sleek design.,4855.76,0.71,390,https://images.bestbuy.com/marketplace/apple-galaxy-tab-s9-main.jpg,"Storage_GB: 512 | Screen_Size: 12.9"" | Cellular: Yes | RAM_GB: 16",2025-02-27,2025-02-27,Yes,PRICE_ANOMALY
213,BB-MKT-00183,S004,ValueTech Store,Headphones,Microsoft,Tab P12 Pro,MI-8909-BK,130054904381,0130054904381,"Microsoft Tab P12 Pro 12.9"" 512GB Tablet",Stay productive and entertained with the Microsoft Tab P12 Pro. Powerful performance in a sleek design.,488.75,0.85,43,https://images.bestbuy.com/marketplace/microsoft-tab-p12-pro-main.jpg,"Storage_GB: 512 | Screen_Size: 12.9"" | Cellular: Yes | RAM_GB: 8",2024-08-29,2024-08-29,Yes,CATEGORY_MISMATCH
214,BB-MKT-00794,S007,SmartBuy Co,Tablets,Apple,Tab P12 Pro,AP-4021-BL,517495431869,0517495431869,"Apple Tab P12 Pro 12.4"" 512GB Tablet",Stay productive and entertained with the Apple Tab P12 Pro. Powerful performance in a sleek design.,761.37,0.7,16,https://images.bestbuy.com/marketplace/apple-tab-p12-pro-main.jpg,"Storage_GB: 512 | Screen_Size: 12.4"" | Cellular: Yes | RAM_GB: 6",2025-04-04,2025-04-04,Yes,
215,BB-MKT-00755,S002,EliteGadgets Inc,TVs,Vizio,QLED 4K,VI-5055-BL,636875234772,0636875234772,"Vizio 75"" 8K Smart TV QLED 4K",Immerse yourself in stunning visuals with the Vizio QLED 4K. Features cutting-edge display technology.,659.2,44.03,290,https://images.bestbuy.com/marketplace/vizio-qled-4k-main.jpg,"Screen_Size: 75"" | Resolution: 8K | Smart_TV: No | HDR: HDR10+",2024-11-26,2024-11-26,Yes,
216,BB-MKT-00240,S007,SmartBuy Co,Smart Home,Nest,Cam OG,NE-7468-BK,187182905952,0187182905952,Nest Cam OG Smart Home Device,Transform your home with the Nest Cam OG. Easy setup and seamless smart home integration.,264.99,1.36,409,https://images.bestbuy.com/marketplace/nest-cam-og-main.jpg,Connectivity: Bluetooth | Voice_Assistant: Google Assistant | Power: Wired,2025-04-19,2025-04-19,Yes,
217,BB-MKT-00436,S002,EliteGadgets Inc,Tablets,Amazon,Galaxy Tab S9,AM-4613-BK,978728736882,0978728736882,"Amazon Galaxy Tab S9 8"" 64GB Tablet",Stay productive and entertained with the Amazon Galaxy Tab S9. Powerful performance in a sleek design.,1074.12,0.56,415,https://images.bestbuy.com/marketplace/amazon-galaxy-tab-s9-main.jpg,"Storage_GB: 64 | Screen_Size: 8"" | Cellular: Yes | RAM_GB: 12",2025-01-22,2025-01-22,Yes,
218,BB-MKT-00337,S005,ConnectPro Sales,TVs,LG,V-Series,LG-1575-SL,130797526802,0130797526802,"LG 55"" 8K Smart TV V-Series",Immerse yourself in stunning visuals with the LG V-Series. Features cutting-edge display technology.,3475.38,22.31,243,https://images.bestbuy.com/marketplace/lg-v-series-main.jpg,"Screen_Size: 55"" | Resolution: 8K | Smart_TV: Yes | HDR: HDR10",2025-02-25,2025-02-25,Yes,
219,BB-MKT-00145,S007,SmartBuy Co,Tablets,Samsung,Surface Pro 9,SA-6489-SL,218553050124,0218553050124,"Samsung Surface Pro 9 8"" 64GB Tablet",,671.5,0.68,268,https://images.bestbuy.com/marketplace/samsung-surface-pro-9-main.jpg,"Storage_GB: 64 | Screen_Size: 8"" | Cellular: No | RAM_GB: 16",2025-03-10,2025-03-10,Yes,MISSING_DESCRIPTION
220,BB-MKT-00257,S005,ConnectPro Sales,Tablets,Apple,Galaxy Tab S9,AP-8496-WH,727010213563,0727010213563,"Apple Galaxy Tab S9 10.1"" 128GB Tablet",Stay productive and entertained with the Apple Galaxy Tab S9. Powerful performance in a sleek design.,512.84,0.73,398,https://images.bestbuy.com/marketplace/apple-galaxy-tab-s9-main.jpg,"Storage_GB: 128 | Screen_Size: 10.1"" | Cellular: No | RAM_GB: 12",2024-08-11,2024-08-11,Yes,
221,BB-MKT-00007,S006,NextGen Devices,TVs,Vizio,5-Series 4K,VI-5040-SL,251461507038,0251461507038,"Vizio 65"" 1080p Full HD Smart TV 5-Series 4K",Immerse yourself in stunning visuals with the Vizio 5-Series 4K. Features cutting-edge display technology.,3050.3,26.85,298,https://images.bestbuy.com/marketplace/vizio-5-series-4k-main.jpg,"Screen_Size: 65"" | Resolution: 1080p Full HD | Smart_TV: No | HDR: HDR10",2025-01-21,2025-01-21,Yes,
222,BB-MKT-00658,S002,EliteGadgets Inc,Smart Home,Ring,Ultra 2,RI-6210-BL,284889594465,0284889594465,Ring Ultra 2 Smart Home Device,Transform your home with the Ring Ultra 2. Easy setup and seamless smart home integration.,113.92,1.23,347,https://images.bestbuy.com/marketplace/ring-ultra-2-main.jpg,Connectivity: Z-Wave | Voice_Assistant: Apple HomeKit | Power: USB-C,2025-03-30,2025-03-30,Yes,
223,BB-MKT-00242,S005,ConnectPro Sales,Headphones,Jabra,Studio Pro,JA-6343-SL,707297015444,0707297015444,Jabra Studio Pro Over-ear Wireless Headphones,Enjoy crystal-clear audio with the Jabra Studio Pro. Perfect for music lovers and remote workers.,299.24,0.43,6,https://images.bestbuy.com/marketplace/jabra-studio-pro-main.jpg,Type: Over-ear | Connectivity: Wireless | ANC: No | Battery_Hours: 40,2025-04-27,2025-04-27,Yes,
224,BB-MKT-00409,S006,NextGen Devices,Tablets,Apple,iPad Pro 12.9,AP-8421-SL,266047221246,0266047221246,"Apple iPad Pro 12.9 10.1"" 128GB Tablet",Stay productive and entertained with the Apple iPad Pro 12.9. Powerful performance in a sleek design.,597.48,0.65,100,https://images.bestbuy.com/marketplace/apple-ipad-pro-12.9-main.jpg,"Storage_GB: 128 | Screen_Size: 10.1"" | Cellular: Yes | RAM_GB: 6",2024-10-14,2024-10-14,Yes,
225,BB-MKT-00060,S001,TechDirect LLC,Tablets,Apple,Surface Pro 9,AP-1018-BL,666355478456,0666355478456,"Apple Surface Pro 9 11"" 256GB Tablet",Stay productive and entertained with the Apple Surface Pro 9. Powerful performance in a sleek design.,624.23,0.41,185,https://images.bestbuy.com/marketplace/apple-surface-pro-9-main.jpg,"Storage_GB: 256 | Screen_Size: 11"" | Cellular: Yes | RAM_GB: 12",2025-03-13,2025-03-13,Yes,
226,BB-MKT-00888,S006,NextGen Devices,Tablets,Amazon,Tab P12 Pro,AM-2831-WH,391400948440,0391400948440,"Amazon Tab P12 Pro 8"" 512GB Tablet",Stay productive and entertained with the Amazon Tab P12 Pro. Powerful performance in a sleek design.,570.43,0.69,72,https://images.bestbuy.com/marketplace/amazon-tab-p12-pro-main.jpg,"Storage_GB: 512 | Screen_Size: 8"" | Cellular: Yes | RAM_GB: 6",2024-11-02,2024-11-02,Yes,
227,BB-MKT-00184,S003,PrimeElectronics,Headphones,Apple,AirPods Max,AP-8178-BL,205124317610,0205124317610,Apple AirPods Max On-ear Wireless Headphones,Enjoy crystal-clear audio with the Apple AirPods Max. Perfect for music lovers and remote workers.,194.83,0.28,414,https://images.bestbuy.com/marketplace/apple-airpods-max-main.jpg,Type: On-ear | Connectivity: Wireless | ANC: No | Battery_Hours: 30,2024-08-28,2024-08-28,Yes,
228,BB-MKT-00270,S007,SmartBuy Co,Tablets,Amazon,Tab P12 Pro,AM-3140-BL,132690535494,0132690535494,"Amazon Tab P12 Pro 10.1"" 512GB Tablet",Stay productive and entertained with the Amazon Tab P12 Pro. Powerful performance in a sleek design.,1117.5,0.37,210,https://images.bestbuy.com/marketplace/amazon-tab-p12-pro-main.jpg,"Storage_GB: 512 | Screen_Size: 10.1"" | Cellular: No | RAM_GB: 8",2025-02-11,2025-02-11,Yes,DUPLICATE_SKU
229,BB-MKT-00497,S004,ValueTech Store,Tablets,Microsoft,Surface Pro 9,MI-3456-WH,225578330109,0225578330109,"Microsoft Surface Pro 9 11"" 128GB Tablet",Stay productive and entertained with the Microsoft Surface Pro 9. Powerful performance in a sleek design.,8129.37,0.78,158,https://images.bestbuy.com/marketplace/microsoft-surface-pro-9-main.jpg,"Storage_GB: 128 | Screen_Size: 11"" | Cellular: Yes | RAM_GB: 12",2025-02-23,2025-02-23,Yes,PRICE_ANOMALY
230,BB-MKT-00628,S002,EliteGadgets Inc,Smart Home,MSI,MacBook Air,MS-3795-WH,575594794981,0575594794981,"MSI MacBook Air 16"" Laptop - 64GB RAM 1024GB SSD",Experience premium performance with the MSI MacBook Air. Designed for professionals and students alike.,1185.77,2.33,101,https://images.bestbuy.com/marketplace/msi-macbook-air-main.jpg,"RAM_GB: 64 | Storage_GB: 1024 | Screen_Size: 16"" | Processor: AMD Ryzen 5",2025-03-07,2025-03-07,Yes,CATEGORY_MISMATCH
231,BB-MKT-00887,S002,EliteGadgets Inc,Smart Home,Arlo,Cam OG,AR-1979-SL,898124125401,0898124125401,Arlo Cam OG Smart Home Device,Transform your home with the Arlo Cam OG. Easy setup and seamless smart home integration.,410.48,1.26,371,https://images.bestbuy.com/marketplace/arlo-cam-og-main.jpg,Connectivity: Wi-Fi | Voice_Assistant: None | Power: Wired,2024-07-21,2024-07-21,Yes,
232,BB-MKT-00081,S004,ValueTech Store,Laptops,MSI,Katana 15,MS-3417-BK,951814677126,0951814677126,"MSI Katana 15 14"" Laptop - 16GB RAM 1024GB SSD",Experience premium performance with the MSI Katana 15. Designed for professionals and students alike.,981.28,2.77,66,https://images.bestbuy.com/marketplace/msi-katana-15-main.jpg,"RAM_GB: 16 | Storage_GB: 1024 | Screen_Size: 14"" | Processor: Intel i7",2025-04-03,2025-04-03,Yes,
233,BB-MKT-00683,S005,ConnectPro Sales,TVs,TCL,U8K,TC-6824-WH,112094293589,0112094293589,"TCL 55"" 8K Smart TV U8K",Immerse yourself in stunning visuals with the TCL U8K. Features cutting-edge display technology.,2988.29,20.31,131,https://images.bestbuy.com/marketplace/tcl-u8k-main.jpg,"Screen_Size: 55"" | Resolution: 8K | Smart_TV: Yes | HDR: HDR10+",2024-07-09,2024-07-09,Yes,
234,BB-MKT-00054,S007,SmartBuy Co,Headphones,Sennheiser,Momentum 4,SE-5335-BK,334614800586,0334614800586,Sennheiser Momentum 4 Over-ear Both Headphones,Enjoy crystal-clear audio with the Sennheiser Momentum 4. Perfect for music lovers and remote workers.,110.67,0.24,0,https://images.bestbuy.com/marketplace/sennheiser-momentum-4-main.jpg,Type: Over-ear | Connectivity: Both | ANC: Yes | Battery_Hours: 24,2024-09-19,2023-12-30,Yes,STALE_LISTING
235,BB-MKT-00625,S005,ConnectPro Sales,Smart Home,Nest,Ultra 2,NE-3644-BK,738241371482,0738241371482,Nest Ultra 2 Smart Home Device,Transform your home with the Nest Ultra 2. Easy setup and seamless smart home integration.,83.86,0.23,364,https://images.bestbuy.com/marketplace/nest-ultra-2-main.jpg,Connectivity: Zigbee | Voice_Assistant: Apple HomeKit | Power: Battery,2025-01-13,2025-01-13,Yes,
236,BB-MKT-00540,S003,PrimeElectronics,Headphones,Apple,Studio Pro,AP-1107-WH,559431091150,0559431091150,Apple Studio Pro Over-ear Wireless Headphones,Enjoy crystal-clear audio with the Apple Studio Pro. Perfect for music lovers and remote workers.,463.1,0.32,146,https://images.bestbuy.com/marketplace/apple-studio-pro-main.jpg,Type: Over-ear | Connectivity: Wireless | ANC: Yes | Battery_Hours: 36,2025-03-16,2025-03-16,Yes,
237,BB-MKT-00499,S001,TechDirect LLC,Tablets,Apple,iPad Pro 12.9,AP-2479-BL,836000345811,0836000345811,"Apple iPad Pro 12.9 11"" 64GB Tablet",Stay productive and entertained with the Apple iPad Pro 12.9. Powerful performance in a sleek design.,1233.64,0.73,71,,"Storage_GB: 64 | Screen_Size: 11"" | Cellular: No | RAM_GB: 4",2024-10-29,2024-10-29,Yes,MISSING_PRIMARY_IMAGE_URL
238,BB-MKT-00362,S006,NextGen Devices,Headphones,Beats,Tour One,BE-7266-BK,112578469592,0112578469592,,Enjoy crystal-clear audio with the Beats Tour One. Perfect for music lovers and remote workers.,187.49,0.21,276,https://images.bestbuy.com/marketplace/beats-tour-one-main.jpg,Type: On-ear | Connectivity: Wireless | ANC: Yes | Battery_Hours: 40,2025-04-16,2025-04-16,Yes,MISSING_TITLE
239,BB-MKT-00374,S007,SmartBuy Co,TVs,Hisense,OLED C3,HI-4387-WH,244062797014,0244062797014,"Hisense 65"" 8K Smart TV OLED C3",Immerse yourself in stunning visuals with the Hisense OLED C3. Features cutting-edge display technology.,2427.87,38.1,103,https://images.bestbuy.com/marketplace/hisense-oled-c3-main.jpg,"Screen_Size: 65"" | Resolution: 8K | Smart_TV: No | HDR: Dolby Vision",2024-09-09,2024-09-09,Yes,
240,BB-MKT-00432,S005,ConnectPro Sales,TVs,LG,U8K,LG-2749-SL,528190553934,0528190553934,"LG 43"" 8K Smart TV U8K",Immerse yourself in stunning visuals with the LG U8K. Features cutting-edge display technology.,2073.39,46.95,224,https://images.bestbuy.com/marketplace/lg-u8k-main.jpg,"Screen_Size: 43"" | Resolution: 8K | Smart_TV: Yes | HDR: Dolby Vision",2024-10-06,2024-10-06,Yes,
241,BB-MKT-00472,S005,ConnectPro Sales,Headphones,Sony,Momentum 4,SO-5610-SL,667523876457,0667523876457,Sony Momentum 4 In-ear Wired Headphones,Enjoy crystal-clear audio with the Sony Momentum 4. Perfect for music lovers and remote workers.,433.98,0.3,471,https://images.bestbuy.com/marketplace/sony-momentum-4-main.jpg,Type: In-ear | Connectivity: Wired | ANC: Yes | Battery_Hours: 20,2024-09-22,2024-09-22,Yes,
242,BB-MKT-00154,S006,NextGen Devices,Tablets,Lenovo,Tab P12 Pro,LE-9802-BL,293783053908,0293783053908,"Lenovo Tab P12 Pro 8"" 512GB Tablet",Stay productive and entertained with the Lenovo Tab P12 Pro. Powerful performance in a sleek design.,757.17,0.74,114,https://images.bestbuy.com/marketplace/lenovo-tab-p12-pro-main.jpg,"Storage_GB: 512 | Screen_Size: 8"" | Cellular: Yes | RAM_GB: 8",2024-07-02,2024-07-02,Yes,
243,BB-MKT-00020,S006,NextGen Devices,Headphones,Bose,Evolve2 85,BO-5915-BL,243433808038,0243433808038,Bose Evolve2 85 In-ear Wired Headphones,Enjoy crystal-clear audio with the Bose Evolve2 85. Perfect for music lovers and remote workers.,193.41,0.39,37,https://images.bestbuy.com/marketplace/bose-evolve2-85-main.jpg,Type: In-ear | Connectivity: Wired | ANC: Yes | Battery_Hours: 30,2024-07-05,2024-07-05,Yes,
244,BB-MKT-00637,S002,EliteGadgets Inc,Laptops,ASUS,MacBook Air,AS-4610-SL,408233949370,0408233949370,"ASUS MacBook Air 15.6"" Laptop - 8GB RAM 256GB SSD",Experience premium performance with the ASUS MacBook Air. Designed for professionals and students alike.,1797.46,2.72,343,https://images.bestbuy.com/marketplace/asus-macbook-air-main.jpg,"RAM_GB: 8 | Storage_GB: 256 | Screen_Size: 15.6"" | Processor: AMD Ryzen 7",2024-09-02,2024-09-02,Yes,
245,BB-MKT-00370,S001,TechDirect LLC,Tablets,Apple,iPad Pro 12.9,AP-7332-WH,417909520690,0417909520690,"Apple iPad Pro 12.9 11"" 512GB Tablet",Stay productive and entertained with the Apple iPad Pro 12.9. Powerful performance in a sleek design.,1275.76,0.61,363,https://images.bestbuy.com/marketplace/apple-ipad-pro-12.9-main.jpg,"Storage_GB: 512 | Screen_Size: 11"" | Cellular: No | RAM_GB: 4",2024-08-20,2024-08-20,Yes,
246,BB-MKT-00096,S005,ConnectPro Sales,Headphones,Bose,AirPods Max,BO-6724-SL,312643624935,0312643624935,Bose AirPods Max Over-ear Wireless Headphones,Enjoy crystal-clear audio with the Bose AirPods Max. Perfect for music lovers and remote workers.,407.24,0.4,417,https://images.bestbuy.com/marketplace/bose-airpods-max-main.jpg,Type: Over-ear | Connectivity: Wireless | ANC: Yes | Battery_Hours: 40,2024-09-14,2024-09-14,Yes,
247,BB-MKT-00053,S003,PrimeElectronics,TVs,Hisense,Bravia XR,HI-4697-BL,558549792976,0558549792976,"Hisense 43"" 4K UHD Smart TV Bravia XR",Immerse yourself in stunning visuals with the Hisense Bravia XR. Features cutting-edge display technology.,1938.43,27.48,440,https://images.bestbuy.com/marketplace/hisense-bravia-xr-main.jpg,"Screen_Size: 43"" | Resolution: 4K UHD | Smart_TV: Yes | HDR: HDR10+",2025-04-28,2025-04-28,Yes,
248,BB-MKT-00482,S007,SmartBuy Co,Tablets,Amazon,iPad Pro 12.9,AM-2666-WH,751525223379,0751525223379,"Amazon iPad Pro 12.9 10.1"" 64GB Tablet",Stay productive and entertained with the Amazon iPad Pro 12.9. Powerful performance in a sleek design.,223.42,0.89,173,https://images.bestbuy.com/marketplace/amazon-ipad-pro-12.9-main.jpg,"Storage_GB: 64 | Screen_Size: 10.1"" | Cellular: No | RAM_GB: 12",2024-10-11,2024-10-11,Yes,
249,BB-MKT-00606,S007,SmartBuy Co,Headphones,Jabra,Tour One,JA-3236-SL,225630395011,0225630395011,Jabra Tour One Over-ear Wired Headphones,Enjoy crystal-clear audio with the Jabra Tour One. Perfect for music lovers and remote workers.,377.55,0.32,236,https://images.bestbuy.com/marketplace/jabra-tour-one-main.jpg,Type: Over-ear | Connectivity: Wired | ANC: Yes | Battery_Hours: 20,2024-08-04,2024-08-04,Yes,
250,BB-MKT-00959,S007,SmartBuy Co,TVs,LG,Bravia XR,LG-2540-SL,926573875621,0926573875621,"LG 85"" 1080p Full HD Smart TV Bravia XR",Immerse yourself in stunning visuals with the LG Bravia XR. Features cutting-edge display technology.,325.5,34.67,285,https://images.bestbuy.com/marketplace/lg-bravia-xr-main.jpg,"Screen_Size: 85"" | Resolution: 1080p Full HD | Smart_TV: Yes | HDR: Dolby Vision",2024-07-31,2024-07-31,Yes,
251,BB-MKT-00717,S007,SmartBuy Co,Tablets,Microsoft,Fire HD 10,MI-3369-SL,833248514898,0833248514898,"Microsoft Fire HD 10 8"" 512GB Tablet",Stay productive and entertained with the Microsoft Fire HD 10. Powerful performance in a sleek design.,897.87,0.79,375,https://images.bestbuy.com/marketplace/microsoft-fire-hd-10-main.jpg,"Storage_GB: 512 | Screen_Size: 8"" | Cellular: Yes | RAM_GB: 4",2024-12-10,2024-12-10,Yes,DUPLICATE_SKU
252,BB-MKT-00375,S005,ConnectPro Sales,Smart Home,Google,Learning Thermostat,GO-9732-BK,710176615117,0710176615117,Google Learning Thermostat Smart Home Device,Transform your home with the Google Learning Thermostat. Easy setup and seamless smart home integration.,115.54,1.28,74,https://images.bestbuy.com/marketplace/google-learning-thermostat-main.jpg,Connectivity: Zigbee | Voice_Assistant: Google Assistant | Power: Wired,2024-07-16,2024-07-16,Yes,
253,BB-MKT-00935,S008,DigitalHub USA,Headphones,Bose,Evolve2 85,BO-6105-WH,712927657710,0712927657710,Bose Evolve2 85 On-ear Wireless Headphones,Enjoy crystal-clear audio with the Bose Evolve2 85. Perfect for music lovers and remote workers.,508.99,0.35,491,https://images.bestbuy.com/marketplace/bose-evolve2-85-main.jpg,Type: On-ear | Connectivity: Wireless | ANC: Yes | Battery_Hours: 30,2024-08-04,2024-08-04,Yes,
254,BB-MKT-00128,S007,SmartBuy Co,Smart Home,Arlo,Echo Show 10,AR-8912-WH,434821263002,0434821263002,Arlo Echo Show 10 Smart Home Device,Transform your home with the Arlo Echo Show 10. Easy setup and seamless smart home integration.,407.2,1.06,152,https://images.bestbuy.com/marketplace/arlo-echo-show-10-main.jpg,Connectivity: Bluetooth | Voice_Assistant: Apple HomeKit | Power: USB-C,2025-02-18,2025-02-18,Yes,
255,BB-MKT-00320,S003,PrimeElectronics,Laptops,Lenovo,Katana 15,LE-9482-BK,321560527246,0321560527246,"Lenovo Katana 15 16"" Laptop - 64GB RAM 512GB SSD",Experience premium performance with the Lenovo Katana 15. Designed for professionals and students alike.,1946.54,1.31,46,https://images.bestbuy.com/marketplace/lenovo-katana-15-main.jpg,"RAM_GB: 64 | Storage_GB: 512 | Screen_Size: 16"" | Processor: AMD Ryzen 7",2025-04-08,2025-04-08,Yes,
256,BB-MKT-00402,S008,DigitalHub USA,Laptops,HP,XPS 15,HP-2410-BL,157482122762,0157482122762,"HP XPS 15 13.3"" Laptop - 64GB RAM 1024GB SSD",Experience premium performance with the HP XPS 15. Designed for professionals and students alike.,1222.03,2.33,456,https://images.bestbuy.com/marketplace/hp-xps-15-main.jpg,"RAM_GB: 64 | Storage_GB: 1024 | Screen_Size: 13.3"" | Processor: Intel i5",2025-04-30,2025-04-30,Yes,
257,BB-MKT-00451,S005,ConnectPro Sales,Tablets,Microsoft,Fire HD 10,MI-6963-BK,842642812822,0842642812822,"Microsoft Fire HD 10 8"" 128GB Tablet",Stay productive and entertained with the Microsoft Fire HD 10. Powerful performance in a sleek design.,276.61,0.52,316,https://images.bestbuy.com/marketplace/microsoft-fire-hd-10-main.jpg,"Storage_GB: 128 | Screen_Size: 8"" | Cellular: No | RAM_GB: 4",2024-07-21,2024-07-21,Yes,
258,BB-MKT-00420,S008,DigitalHub USA,TVs,Hisense,QLED 4K,HI-7765-BL,926763802459,0926763802459,"Hisense 55"" 4K UHD Smart TV QLED 4K",Immerse yourself in stunning visuals with the Hisense QLED 4K. Features cutting-edge display technology.,1141.3,27.37,326,https://images.bestbuy.com/marketplace/hisense-qled-4k-main.jpg,"Screen_Size: 55"" | Resolution: 4K UHD | Smart_TV: Yes | HDR: HDR10+",2024-09-24,2024-09-24,Yes,
259,BB-MKT-00693,S006,NextGen Devices,TVs,TCL,5-Series 4K,TC-5562-WH,570633251525,0570633251525,"TCL 85"" 8K Smart TV 5-Series 4K",Immerse yourself in stunning visuals with the TCL 5-Series 4K. Features cutting-edge display technology.,588.18,51.77,93,https://images.bestbuy.com/marketplace/tcl-5-series-4k-main.jpg,"Screen_Size: 85"" | Resolution: 8K | Smart_TV: Yes | HDR: HDR10",2025-01-14,2025-01-14,Yes,
260,BB-MKT-00784,S002,EliteGadgets Inc,Smart Home,Wyze,Nest Hub Max,WY-2816-BL,697243756291,0697243756291,Wyze Nest Hub Max Smart Home Device,Transform your home with the Wyze Nest Hub Max. Easy setup and seamless smart home integration.,469.36,1.48,334,https://images.bestbuy.com/marketplace/wyze-nest-hub-max-main.jpg,Connectivity: Z-Wave | Voice_Assistant: None | Power: USB-C,2024-07-16,2024-07-16,Yes,
261,BB-MKT-00140,S008,DigitalHub USA,TVs,LG,Bravia XR,LG-4396-BL,416844780876,0416844780876,"LG 75"" 8K Smart TV Bravia XR",Immerse yourself in stunning visuals with the LG Bravia XR. Features cutting-edge display technology.,1437.9,23.35,478,https://images.bestbuy.com/marketplace/lg-bravia-xr-main.jpg,"Screen_Size: 75"" | Resolution: 8K | Smart_TV: Yes | HDR: Dolby Vision",2024-11-18,2024-11-18,Yes,
262,BB-MKT-00304,S004,ValueTech Store,Laptops,Lenovo,IdeaPad 5,LE-6918-BL,971482047665,0971482047665,"Lenovo IdeaPad 5 14"" Laptop - 16GB RAM 256GB SSD",Experience premium performance with the Lenovo IdeaPad 5. Designed for professionals and students alike.,1385.32,1.93,23,https://images.bestbuy.com/marketplace/lenovo-ideapad-5-main.jpg,"RAM_GB: 16 | Storage_GB: 256 | Screen_Size: 14"" | Processor: Apple M2",2024-07-21,2024-07-21,Yes,
263,BB-MKT-00195,S005,ConnectPro Sales,Smart Home,,Hue Starter Kit,RI-5543-WH,168370591034,0168370591034,Ring Hue Starter Kit Smart Home Device,Transform your home with the Ring Hue Starter Kit. Easy setup and seamless smart home integration.,358.67,0.29,74,https://images.bestbuy.com/marketplace/ring-hue-starter-kit-main.jpg,Connectivity: Wi-Fi | Voice_Assistant: Google Assistant | Power: Wired,2024-12-12,2024-12-12,Yes,MISSING_BRAND
264,BB-MKT-00399,S001,TechDirect LLC,Smart Home,Philips,Echo Show 10,PH-6119-BK,671673473661,0671673473661,Philips Echo Show 10 Smart Home Device,Transform your home with the Philips Echo Show 10. Easy setup and seamless smart home integration.,300.45,0.54,456,https://images.bestbuy.com/marketplace/philips-echo-show-10-main.jpg,Connectivity: Z-Wave | Voice_Assistant: None | Power: Battery,2024-10-16,2024-10-16,Yes,
265,BB-MKT-00077,S006,NextGen Devices,Smart Home,Google,Ultra 2,GO-7689-BK,814262468039,0814262468039,Google Ultra 2 Smart Home Device,Transform your home with the Google Ultra 2. Easy setup and seamless smart home integration.,94.7,1.42,155,https://images.bestbuy.com/marketplace/google-ultra-2-main.jpg,Connectivity: Wi-Fi | Voice_Assistant: None | Power: USB-C,2025-03-10,2025-03-10,Yes,
266,BB-MKT-00227,S004,ValueTech Store,Smart Home,Ring,Hue Starter Kit,RI-3328-WH,489555942393,0489555942393,Ring Hue Starter Kit Smart Home Device,Transform your home with the Ring Hue Starter Kit. Easy setup and seamless smart home integration.,422.25,1.23,496,https://images.bestbuy.com/marketplace/ring-hue-starter-kit-main.jpg,Connectivity: Z-Wave | Voice_Assistant: Alexa | Power: USB-C,2025-03-10,2025-03-10,Yes,
267,BB-MKT-00228,S005,ConnectPro Sales,TVs,TCL,QLED 4K,TC-9625-BL,122414613742,0122414613742,"TCL 43"" 4K UHD Smart TV QLED 4K",Immerse yourself in stunning visuals with the TCL QLED 4K. Features cutting-edge display technology.,251.56,48.39,103,https://images.bestbuy.com/marketplace/tcl-qled-4k-main.jpg,"Screen_Size: 43"" | Resolution: 4K UHD | Smart_TV: Yes | HDR: HDR10+",2024-09-05,2024-09-05,Yes,
268,BB-MKT-00978,S006,NextGen Devices,Laptops,Dell,MacBook Air,DE-6270-SL,287778042337,0287778042337,"Dell MacBook Air 13.3"" Laptop - 8GB RAM 512GB SSD",Experience premium performance with the Dell MacBook Air. Designed for professionals and students alike.,479.7,2.64,0,https://images.bestbuy.com/marketplace/dell-macbook-air-main.jpg,"RAM_GB: 8 | Storage_GB: 512 | Screen_Size: 13.3"" | Processor: Apple M2",2024-10-28,2023-11-25,Yes,STALE_LISTING
269,BB-MKT-00042,S001,TechDirect LLC,TVs,LG,QLED 4K,LG-2874-WH,836473336882,0836473336882,"LG 75"" 4K UHD Smart TV QLED 4K",Immerse yourself in stunning visuals with the LG QLED 4K. Features cutting-edge display technology.,1992.88,19.27,188,https://images.bestbuy.com/marketplace/lg-qled-4k-main.jpg,"Screen_Size: 75"" | Resolution: 4K UHD | Smart_TV: Yes | HDR: HDR10",2024-09-24,2024-09-24,Yes,
270,BB-MKT-00857,S004,ValueTech Store,Smart Home,Amazon,Video Doorbell Pro 2,AM-8790-SL,560243328878,0560243328878,Amazon Video Doorbell Pro 2 Smart Home Device,Transform your home with the Amazon Video Doorbell Pro 2. Easy setup and seamless smart home integration.,208.58,1.36,95,https://images.bestbuy.com/marketplace/amazon-video-doorbell-pro-2-main.jpg,Connectivity: Wi-Fi | Voice_Assistant: Apple HomeKit | Power: Battery,2024-12-31,2024-12-31,Yes,DUPLICATE_SKU
271,BB-MKT-00313,S006,NextGen Devices,Smart Home,Philips,Ultra 2,PH-4809-BK,625079156715,0625079156715,Philips Ultra 2 Smart Home Device,Transform your home with the Philips Ultra 2. Easy setup and seamless smart home integration.,162.14,1.33,209,https://images.bestbuy.com/marketplace/philips-ultra-2-main.jpg,Connectivity: Wi-Fi | Voice_Assistant: None | Power: Battery,2024-11-09,2024-11-09,Yes,
272,BB-MKT-00110,S003,PrimeElectronics,Laptops,Lenovo,Katana 15,LE-1086-BK,776236594141,0776236594141,"Lenovo Katana 15 14"" Laptop - 64GB RAM 1024GB SSD",Experience premium performance with the Lenovo Katana 15. Designed for professionals and students alike.,438.91,1.55,76,https://images.bestbuy.com/marketplace/lenovo-katana-15-main.jpg,"RAM_GB: 64 | Storage_GB: 1024 | Screen_Size: 14"" | Processor: AMD Ryzen 7",2025-04-07,2025-04-07,Yes,
273,BB-MKT-00632,S008,DigitalHub USA,Tablets,Microsoft,Fire HD 10,MI-4925-SL,447889967854,0447889967854,"Microsoft Fire HD 10 11"" 512GB Tablet",Stay productive and entertained with the Microsoft Fire HD 10. Powerful performance in a sleek design.,913.84,0.53,29,https://images.bestbuy.com/marketplace/microsoft-fire-hd-10-main.jpg,"Storage_GB: 512 | Screen_Size: 11"" | Cellular: No | RAM_GB: 8",2024-12-30,2024-12-30,Yes,
274,BB-MKT-00934,S003,PrimeElectronics,Smart Home,Wyze,Learning Thermostat,WY-5857-BL,542162154842,0542162154842,Wyze Learning Thermostat Smart Home Device,Transform your home with the Wyze Learning Thermostat. Easy setup and seamless smart home integration.,452.45,1.46,0,https://images.bestbuy.com/marketplace/wyze-learning-thermostat-main.jpg,Connectivity: Zigbee | Voice_Assistant: Apple HomeKit | Power: Battery,2025-03-01,2023-11-14,Yes,STALE_LISTING
275,BB-MKT-00223,S008,DigitalHub USA,TVs,Samsung,U8K,SA-7750-BL,646728313631,0646728313631,"Samsung 75"" 1080p Full HD Smart TV U8K - EXTREMELY DETAILED SPEC DESCRIPTION THAT GOES WAY BEYOND THE ALLOWED CHARACTER LIMIT FOR BEST BUY MARKETPLACE LISTINGS",Immerse yourself in stunning visuals with the Samsung U8K. Features cutting-edge display technology.,477.67,20.31,70,https://images.bestbuy.com/marketplace/samsung-u8k-main.jpg,"Screen_Size: 75"" | Resolution: 1080p Full HD | Smart_TV: Yes | HDR: HDR10+",2025-01-31,2025-01-31,Yes,TITLE_TOO_LONG
276,BB-MKT-00476,S001,TechDirect LLC,Tablets,Apple,Surface Pro 9,AP-3028-WH,206319983860,0206319983860,"Apple Surface Pro 9 8"" 64GB Tablet",Stay productive and entertained with the Apple Surface Pro 9. Powerful performance in a sleek design.,824.74,0.42,343,https://images.bestbuy.com/marketplace/apple-surface-pro-9-main.jpg,"Storage_GB: 64 | Screen_Size: 8"" | Cellular: No | RAM_GB: 4",2024-12-27,2024-12-27,Yes,
277,BB-MKT-00435,S004,ValueTech Store,Laptops,Dell,MacBook Air,DE-4976-WH,149900528148,0149900528148,"Dell MacBook Air 13.3"" Laptop - 16GB RAM 512GB SSD",Experience premium performance with the Dell MacBook Air. Designed for professionals and students alike.,429.17,2.21,463,https://images.bestbuy.com/marketplace/dell-macbook-air-main.jpg,"RAM_GB: 16 | Storage_GB: 512 | Screen_Size: 13.3"" | Processor: AMD Ryzen 7",2024-12-05,2024-12-05,Yes,
278,BB-MKT-00364,S003,PrimeElectronics,Headphones,Sony,Tour One,SO-2393-BL,389477322407,0389477322407,Sony Tour One In-ear Both Headphones,Enjoy crystal-clear audio with the Sony Tour One. Perfect for music lovers and remote workers.,289.95,0.39,66,https://images.bestbuy.com/marketplace/sony-tour-one-main.jpg,Type: In-ear | Connectivity: Both | ANC: Yes | Battery_Hours: 40,2024-09-08,2024-09-08,Yes,
279,BB-MKT-00437,S008,DigitalHub USA,Laptops,Apple,Aspire 5,AP-6496-BK,291525842785,0291525842785,"Apple Aspire 5 14"" Laptop - 16GB RAM 512GB SSD",Experience premium performance with the Apple Aspire 5. Designed for professionals and students alike.,678.45,1.43,212,https://images.bestbuy.com/marketplace/apple-aspire-5-main.jpg,"RAM_GB: 16 | Storage_GB: 512 | Screen_Size: 14"" | Processor: Intel i5",2024-09-25,2024-09-25,Yes,DUPLICATE_SKU
280,BB-MKT-00967,S004,ValueTech Store,Laptops,Lenovo,Aspire 5,LE-1773-SL,132359538314,0132359538314,"Lenovo Aspire 5 15.6"" Laptop - 16GB RAM 1024GB SSD",Experience premium performance with the Lenovo Aspire 5. Designed for professionals and students alike.,1207.29,1.76,275,https://images.bestbuy.com/marketplace/lenovo-aspire-5-main.jpg,"RAM_GB: 16 | Storage_GB: 1024 | Screen_Size: 15.6"" | Processor: Intel i5",2024-07-27,2024-07-27,Yes,
281,BB-MKT-00690,S007,SmartBuy Co,Tablets,Samsung,Surface Pro 9,SA-2804-WH,286795947034,0286795947034,"Samsung Surface Pro 9 10.1"" 256GB Tablet",Stay productive and entertained with the Samsung Surface Pro 9. Powerful performance in a sleek design.,266.0,0.87,182,https://images.bestbuy.com/marketplace/samsung-surface-pro-9-main.jpg,"Storage_GB: 256 | Screen_Size: 10.1"" | Cellular: No | RAM_GB: 4",2024-08-09,2024-08-09,Yes,
282,BB-MKT-00638,S003,PrimeElectronics,Smart Home,Arlo,Ultra 2,AR-2059-SL,944287371277,0665526273973,Arlo Ultra 2 Smart Home Device,Transform your home with the Arlo Ultra 2. Easy setup and seamless smart home integration.,206.19,1.1,376,https://images.bestbuy.com/marketplace/arlo-ultra-2-main.jpg,Connectivity: Bluetooth | Voice_Assistant: Alexa | Power: USB-C,2025-01-12,2025-01-12,Yes,GTIN_UPC_MISMATCH
283,BB-MKT-00694,S006,NextGen Devices,Headphones,JBL,Tour One,JB-6463-WH,799192765325,0799192765325,JBL Tour One On-ear Both Headphones,Enjoy crystal-clear audio with the JBL Tour One. Perfect for music lovers and remote workers.,446.11,0.36,125,https://images.bestbuy.com/marketplace/jbl-tour-one-main.jpg,Type: On-ear | Connectivity: Both | ANC: No | Battery_Hours: 40,2025-01-13,2025-01-13,Yes,
284,BB-MKT-00649,S008,DigitalHub USA,Headphones,Jabra,Evolve2 85,JA-8105-SL,871567667493,0871567667493,Jabra Evolve2 85 Over-ear Both Headphones,Enjoy crystal-clear audio with the Jabra Evolve2 85. Perfect for music lovers and remote workers.,326.14,0.22,32,https://images.bestbuy.com/marketplace/jabra-evolve2-85-main.jpg,Type: Over-ear | Connectivity: Both | ANC: Yes | Battery_Hours: 36,2025-04-02,2025-04-02,Yes,
285,BB-MKT-00827,S005,ConnectPro Sales,Headphones,Sony,QuietComfort 45,SO-3025-BL,921508952771,0921508952771,Sony QuietComfort 45 In-ear Both Headphones,Enjoy crystal-clear audio with the Sony QuietComfort 45. Perfect for music lovers and remote workers.,369.74,0.23,379,,Type: In-ear | Connectivity: Both | ANC: Yes | Battery_Hours: 20,2024-11-16,2024-11-16,Yes,MISSING_PRIMARY_IMAGE_URL
286,BB-MKT-00114,S004,ValueTech Store,Laptops,MSI,Aspire 5,MS-3868-BL,471712298625,0471712298625,"MSI Aspire 5 13.3"" Laptop - 32GB RAM 256GB SSD",Experience premium performance with the MSI Aspire 5. Designed for professionals and students alike.,2458.72,1.97,93,https://images.bestbuy.com/marketplace/msi-aspire-5-main.jpg,"RAM_GB: 32 | Storage_GB: 256 | Screen_Size: 13.3"" | Processor: AMD Ryzen 5",2024-09-08,2024-09-08,Yes,
287,BB-MKT-00209,S001,TechDirect LLC,TVs,Vizio,QLED 4K,VI-5247-WH,961214914381,0961214914381,"Vizio 50"" 8K Smart TV QLED 4K",Immerse yourself in stunning visuals with the Vizio QLED 4K. Features cutting-edge display technology.,1643.51,40.99,447,https://images.bestbuy.com/marketplace/vizio-qled-4k-main.jpg,"Screen_Size: 50"" | Resolution: 8K | Smart_TV: No | HDR: HDR10+",2024-11-15,2024-11-15,Yes,
288,BB-MKT-00193,S001,TechDirect LLC,Laptops,ASUS,IdeaPad 5,AS-4882-WH,992389542821,0992389542821,"ASUS IdeaPad 5 16"" Laptop - 32GB RAM 256GB SSD",Experience premium performance with the ASUS IdeaPad 5. Designed for professionals and students alike.,2145.11,2.14,179,https://images.bestbuy.com/marketplace/asus-ideapad-5-main.jpg,"RAM_GB: 32 | Storage_GB: 256 | Screen_Size: 16"" | Processor: Intel i5",2025-02-05,2025-02-05,Yes,DUPLICATE_SKU
289,BB-MKT-00890,S006,NextGen Devices,Tablets,Microsoft,Fire HD 10,MI-5725-BK,671866408499,0671866408499,"Microsoft Fire HD 10 12.9"" 256GB Tablet",Stay productive and entertained with the Microsoft Fire HD 10. Powerful performance in a sleek design.,403.17,0.52,0,https://images.bestbuy.com/marketplace/microsoft-fire-hd-10-main.jpg,"Storage_GB: 256 | Screen_Size: 12.9"" | Cellular: Yes | RAM_GB: 6",2024-11-27,2023-12-14,Yes,STALE_LISTING
290,BB-MKT-00379,S004,ValueTech Store,Laptops,HP,VivoBook 16,HP-8005-BL,374395096441,0374395096441,"HP VivoBook 16 15.6"" Laptop - 64GB RAM 1024GB SSD",Experience premium performance with the HP VivoBook 16. Designed for professionals and students alike.,2029.05,2.17,422,https://images.bestbuy.com/marketplace/hp-vivobook-16-main.jpg,"RAM_GB: 64 | Storage_GB: 1024 | Screen_Size: 15.6"" | Processor: AMD Ryzen 7",2025-01-11,2025-01-11,Yes,
291,BB-MKT-00249,S006,NextGen Devices,TVs,Sony,V-Series,SO-3669-WH,153199894466,0153199894466,"Sony 85"" 4K UHD Smart TV V-Series",Immerse yourself in stunning visuals with the Sony V-Series. Features cutting-edge display technology.,3463.17,36.48,346,https://images.bestbuy.com/marketplace/sony-v-series-main.jpg,"Screen_Size: 85"" | Resolution: 4K UHD | Smart_TV: No | HDR: HDR10",2024-10-14,2024-10-14,Yes,
292,BB-MKT-00920,S002,EliteGadgets Inc,Headphones,Apple,AirPods Max,AP-2383-BL,873092852971,0873092852971,Apple AirPods Max Over-ear Wired Headphones,Enjoy crystal-clear audio with the Apple AirPods Max. Perfect for music lovers and remote workers.,484.49,0.2,493,https://images.bestbuy.com/marketplace/apple-airpods-max-main.jpg,Type: Over-ear | Connectivity: Wired | ANC: No | Battery_Hours: 24,2024-11-18,2024-11-18,Yes,
293,BB-MKT-00454,S008,DigitalHub USA,Smart Home,Arlo,Hue Starter Kit,AR-2075-WH,977754502752,0977754502752,Arlo Hue Starter Kit Smart Home Device,Transform your home with the Arlo Hue Starter Kit. Easy setup and seamless smart home integration.,448.19,0.74,41,https://images.bestbuy.com/marketplace/arlo-hue-starter-kit-main.jpg,Connectivity: Z-Wave | Voice_Assistant: None | Power: USB-C,2025-01-17,2025-01-17,Yes,
294,BB-MKT-00083,S002,EliteGadgets Inc,Laptops,ASUS,VivoBook 16,AS-1710-SL,342682139286,0342682139286,"ASUS VivoBook 16 13.3"" Laptop - 32GB RAM 1024GB SSD",Experience premium performance with the ASUS VivoBook 16. Designed for professionals and students alike.,1360.89,2.74,31,https://images.bestbuy.com/marketplace/asus-vivobook-16-main.jpg,"RAM_GB: 32 | Storage_GB: 1024 | Screen_Size: 13.3"" | Processor: AMD Ryzen 7",2025-03-03,2025-03-03,Yes,
295,BB-MKT-00009,S005,ConnectPro Sales,Smart Home,Philips,Echo Show 10,PH-5808-BL,221720126831,0221720126831,Philips Echo Show 10 Smart Home Device,Transform your home with the Philips Echo Show 10. Easy setup and seamless smart home integration.,103.33,0.1,369,https://images.bestbuy.com/marketplace/philips-echo-show-10-main.jpg,Connectivity: Wi-Fi | Voice_Assistant: Apple HomeKit | Power: USB-C,2024-11-12,2024-11-12,Yes,
296,BB-MKT-00404,S003,PrimeElectronics,Laptops,MSI,Katana 15,MS-8625-BL,807314447054,0807314447054,"MSI Katana 15 16"" Laptop - 64GB RAM 256GB SSD",Experience premium performance with the MSI Katana 15. Designed for professionals and students alike.,885.56,1.56,440,https://images.bestbuy.com/marketplace/msi-katana-15-main.jpg,"RAM_GB: 64 | Storage_GB: 256 | Screen_Size: 16"" | Processor: AMD Ryzen 5",2024-11-10,2024-11-10,Yes,
297,BB-MKT-00469,S006,NextGen Devices,Smart Home,Nest,Cam OG,NE-2959-SL,622637016018,0622637016018,Nest Cam OG Smart Home Device,Transform your home with the Nest Cam OG. Easy setup and seamless smart home integration.,269.89,0.91,432,https://images.bestbuy.com/marketplace/nest-cam-og-main.jpg,Connectivity: Bluetooth | Voice_Assistant: Apple HomeKit | Power: USB-C,2024-11-10,2024-11-10,Yes,
298,BB-MKT-00197,S008,DigitalHub USA,Tablets,Microsoft,Fire HD 10,MI-9756-BL,172370655239,0172370655239,"Microsoft Fire HD 10 8"" 64GB Tablet",Stay productive and entertained with the Microsoft Fire HD 10. Powerful performance in a sleek design.,399.5,0.56,108,https://images.bestbuy.com/marketplace/microsoft-fire-hd-10-main.jpg,"Storage_GB: 64 | Screen_Size: 8"" | Cellular: No | RAM_GB: 8",2025-03-11,2025-03-11,Yes,
299,BB-MKT-00088,S005,ConnectPro Sales,Headphones,Sony,Momentum 4,SO-7022-BK,482716883762,0482716883762,Sony Momentum 4 In-ear Wireless Headphones,Enjoy crystal-clear audio with the Sony Momentum 4. Perfect for music lovers and remote workers.,425.55,0.34,413,https://images.bestbuy.com/marketplace/sony-momentum-4-main.jpg,Type: In-ear | Connectivity: Wireless | ANC: Yes | Battery_Hours: 36,2025-02-05,2025-02-05,Yes,
300,BB-MKT-00731,S002,EliteGadgets Inc,Tablets,Apple,Tab P12 Pro,AP-7148-SL,562513588084,0562513588084,"Apple Tab P12 Pro 12.4"" 64GB Tablet",Stay productive and entertained with the Apple Tab P12 Pro. Powerful performance in a sleek design.,877.58,0.57,82,https://images.bestbuy.com/marketplace/apple-tab-p12-pro-main.jpg,"Storage_GB: 64 | Screen_Size: 12.4"" | Cellular: Yes | RAM_GB: 6",2024-10-01,2024-10-01,Yes,
301,BB-MKT-00163,S007,SmartBuy Co,Tablets,,Surface Pro 9,AM-8635-BK,649252495040,0649252495040,"Amazon Surface Pro 9 11"" 256GB Tablet",Stay productive and entertained with the Amazon Surface Pro 9. Powerful performance in a sleek design.,1072.24,0.73,0,https://images.bestbuy.com/marketplace/amazon-surface-pro-9-main.jpg,"Storage_GB: 256 | Screen_Size: 11"" | Cellular: No | RAM_GB: 16",2024-12-11,2023-12-07,Yes,STALE_LISTING
302,BB-MKT-00860,S004,ValueTech Store,Smart Home,Philips,Nest Hub Max,PH-6067-WH,202951762523,0202951762523,Philips Nest Hub Max Smart Home Device,Transform your home with the Philips Nest Hub Max. Easy setup and seamless smart home integration.,405.7,0.74,84,https://images.bestbuy.com/marketplace/philips-nest-hub-max-main.jpg,Connectivity: Zigbee | Voice_Assistant: Apple HomeKit | Power: Battery,2025-02-21,2025-02-21,Yes,
303,BB-MKT-00415,S007,SmartBuy Co,Smart Home,Wyze,Video Doorbell Pro 2,WY-7038-BK,875169734100,0875169734100,Wyze Video Doorbell Pro 2 Smart Home Device,Transform your home with the Wyze Video Doorbell Pro 2. Easy setup and seamless smart home integration.,301.73,1.45,40,https://images.bestbuy.com/marketplace/wyze-video-doorbell-pro-2-main.jpg,Connectivity: Wi-Fi | Voice_Assistant: Alexa | Power: USB-C,2024-09-11,2024-09-11,Yes,
304,BB-MKT-00567,S008,DigitalHub USA,Laptops,Dell,MacBook Air,DE-2270-BK,188210602917,0188210602917,"Dell MacBook Air 16"" Laptop - 16GB RAM 512GB SSD",Experience premium performance with the Dell MacBook Air. Designed for professionals and students alike.,2273.4,2.51,227,https://images.bestbuy.com/marketplace/dell-macbook-air-main.jpg,"RAM_GB: 16 | Storage_GB: 512 | Screen_Size: 16"" | Processor: AMD Ryzen 7",2024-09-02,2024-09-02,Yes,
305,BB-MKT-00997,S002,EliteGadgets Inc,Laptops,MSI,Pavilion 15,MS-3523-WH,170323167245,0170323167245,"MSI Pavilion 15 13.3"" Laptop - 8GB RAM 256GB SSD",Experience premium performance with the MSI Pavilion 15. Designed for professionals and students alike.,2034.64,2.58,4,https://images.bestbuy.com/marketplace/msi-pavilion-15-main.jpg,"RAM_GB: 8 | Storage_GB: 256 | Screen_Size: 13.3"" | Processor: Intel i7",2024-07-07,2024-07-07,Yes,
306,BB-MKT-00876,S002,EliteGadgets Inc,Smart Home,Ring,Ultra 2,RI-9871-BL,463333749515,0463333749515,Ring Ultra 2 Smart Home Device,Transform your home with the Ring Ultra 2. Easy setup and seamless smart home integration.,252.53,0.88,175,https://images.bestbuy.com/marketplace/ring-ultra-2-main.jpg,Connectivity: Bluetooth | Voice_Assistant: None | Power: USB-C,2024-12-22,2024-12-22,Yes,
307,BB-MKT-00182,S001,TechDirect LLC,Smart Home,Arlo,Ultra 2,AR-2615-SL,109044962993,0109044962993,Arlo Ultra 2 Smart Home Device,Transform your home with the Arlo Ultra 2. Easy setup and seamless smart home integration.,133.34,1.15,285,https://images.bestbuy.com/marketplace/arlo-ultra-2-main.jpg,Connectivity: Bluetooth | Voice_Assistant: Apple HomeKit | Power: Wired,2025-04-24,2025-04-24,Yes,
308,BB-MKT-00283,S003,PrimeElectronics,Laptops,Apple,Katana 15,AP-2679-WH,597417455016,0597417455016,"Apple Katana 15 13.3"" Laptop - 32GB RAM 256GB SSD",Experience premium performance with the Apple Katana 15. Designed for professionals and students alike.,1958.07,2.1,121,https://images.bestbuy.com/marketplace/apple-katana-15-main.jpg,"RAM_GB: 32 | Storage_GB: 256 | Screen_Size: 13.3"" | Processor: AMD Ryzen 5",2025-03-19,2025-03-19,Yes,
309,BB-MKT-00351,S003,PrimeElectronics,Laptops,Acer,Pavilion 15,AC-1011-BL,599792943394,0599792943394,"Acer Pavilion 15 15.6"" Laptop - 64GB RAM 512GB SSD",Experience premium performance with the Acer Pavilion 15. Designed for professionals and students alike.,1939.68,2.61,317,https://images.bestbuy.com/marketplace/acer-pavilion-15-main.jpg,"RAM_GB: 64 | Storage_GB: 512 | Screen_Size: 15.6"" | Processor: Apple M2",2025-01-03,2025-01-03,Yes,
310,BB-MKT-00293,S007,SmartBuy Co,Tablets,Lenovo,Tab P12 Pro,LE-9762-BK,231740814935,0231740814935,"Lenovo Tab P12 Pro 11"" 512GB Tablet",Stay productive and entertained with the Lenovo Tab P12 Pro. Powerful performance in a sleek design.,886.64,0.67,387,https://images.bestbuy.com/marketplace/lenovo-tab-p12-pro-main.jpg,"Storage_GB: 512 | Screen_Size: 11"" | Cellular: Yes | RAM_GB: 12",2025-04-26,2025-04-26,Yes,
311,BB-MKT-00883,S004,ValueTech Store,Laptops,Acer,Pavilion 15,AC-7697-BK,905609526988,0905609526988,"Acer Pavilion 15 13.3"" Laptop - 16GB RAM 1024GB SSD",Experience premium performance with the Acer Pavilion 15. Designed for professionals and students alike.,1081.54,1.6,291,https://images.bestbuy.com/marketplace/acer-pavilion-15-main.jpg,"RAM_GB: 16 | Storage_GB: 1024 | Screen_Size: 13.3"" | Processor: Apple M2",2025-02-27,2025-02-27,Yes,
312,BB-MKT-00646,S006,NextGen Devices,Smart Home,Amazon,Ultra 2,AM-6825-BL,203321157088,0203321157088,Amazon Ultra 2 Smart Home Device,Transform your home with the Amazon Ultra 2. Easy setup and seamless smart home integration.,113.43,0.17,263,,Connectivity: Zigbee | Voice_Assistant: None | Power: Wired,2024-12-21,2024-12-21,Yes,MISSING_PRIMARY_IMAGE_URL
313,BB-MKT-00576,S002,EliteGadgets Inc,TVs,Samsung,5-Series 4K,SA-1914-BK,843466688345,0843466688345,"Samsung 43"" 8K Smart TV 5-Series 4K",Immerse yourself in stunning visuals with the Samsung 5-Series 4K. Features cutting-edge display technology.,20454.71,24.78,49,https://images.bestbuy.com/marketplace/samsung-5-series-4k-main.jpg,"Screen_Size: 43"" | Resolution: 8K | Smart_TV: No | HDR: HDR10",2025-01-27,2025-01-27,Yes,PRICE_ANOMALY
314,BB-MKT-00592,S006,NextGen Devices,Headphones,JBL,WH-1000XM5,JB-6883-BK,184376156631,0184376156631,JBL WH-1000XM5 Over-ear Wired Headphones,Enjoy crystal-clear audio with the JBL WH-1000XM5. Perfect for music lovers and remote workers.,182.15,0.33,279,https://images.bestbuy.com/marketplace/jbl-wh-1000xm5-main.jpg,Type: Over-ear | Connectivity: Wired | ANC: Yes | Battery_Hours: 30,2024-08-10,2024-08-10,Yes,
315,BB-MKT-00944,S002,EliteGadgets Inc,Headphones,JBL,Studio Pro,JB-6636-SL,999188292603,0999188292603,JBL Studio Pro Over-ear Both Headphones,Enjoy crystal-clear audio with the JBL Studio Pro. Perfect for music lovers and remote workers.,535.26,0.26,228,https://images.bestbuy.com/marketplace/jbl-studio-pro-main.jpg,Type: Over-ear | Connectivity: Both | ANC: No | Battery_Hours: 30,2024-07-25,2024-07-25,Yes,
316,BB-MKT-00986,S003,PrimeElectronics,Headphones,Jabra,Evolve2 85,JA-4240-WH,983826354112,0983826354112,Jabra Evolve2 85 In-ear Wireless Headphones,Enjoy crystal-clear audio with the Jabra Evolve2 85. Perfect for music lovers and remote workers.,242.87,0.32,444,https://images.bestbuy.com/marketplace/jabra-evolve2-85-main.jpg,Type: In-ear | Connectivity: Wireless | ANC: No | Battery_Hours: 40,2024-09-05,2024-09-05,Yes,
317,BB-MKT-00778,S006,NextGen Devices,TVs,Vizio,OLED C3,VI-2014-SL,172681050625,0172681050625,"Vizio 43"" 4K UHD Smart TV OLED C3",Immerse yourself in stunning visuals with the Vizio OLED C3. Features cutting-edge display technology.,678.28,45.26,37,https://images.bestbuy.com/marketplace/vizio-oled-c3-main.jpg,"Screen_Size: 43"" | Resolution: 4K UHD | Smart_TV: No | HDR: Dolby Vision",2025-02-12,2025-02-12,Yes,
318,BB-MKT-00940,S004,ValueTech Store,Tablets,Lenovo,Tab P12 Pro,LE-9320-SL,378763698557,0378763698557,"Lenovo Tab P12 Pro 8"" 64GB Tablet",Stay productive and entertained with the Lenovo Tab P12 Pro. Powerful performance in a sleek design.,631.59,0.8,182,https://images.bestbuy.com/marketplace/lenovo-tab-p12-pro-main.jpg,"Storage_GB: 64 | Screen_Size: 8"" | Cellular: No | RAM_GB: 8",2024-08-12,2024-08-12,Yes,
319,BB-MKT-00058,S005,ConnectPro Sales,Laptops,Dell,Pavilion 15,DE-3870-BL,937691416447,0937691416447,"Dell Pavilion 15 15.6"" Laptop - 8GB RAM 1024GB SSD",Experience premium performance with the Dell Pavilion 15. Designed for professionals and students alike.,1488.82,1.91,0,https://images.bestbuy.com/marketplace/dell-pavilion-15-main.jpg,"RAM_GB: 8 | Storage_GB: 1024 | Screen_Size: 15.6"" | Processor: Apple M2",2024-10-01,2023-11-17,Yes,STALE_LISTING
320,BB-MKT-00639,S007,SmartBuy Co,TVs,LG,Bravia XR,LG-4082-BK,474045005672,0474045005672,"LG 43"" 8K Smart TV Bravia XR",Immerse yourself in stunning visuals with the LG Bravia XR. Features cutting-edge display technology.,2397.15,13.61,160,https://images.bestbuy.com/marketplace/lg-bravia-xr-main.jpg,"Screen_Size: 43"" | Resolution: 8K | Smart_TV: Yes | HDR: HDR10",2025-01-11,2025-01-11,Yes,
321,BB-MKT-00939,S005,ConnectPro Sales,Laptops,ASUS,Katana 15,AS-8983-SL,287196057574,0287196057574,"ASUS Katana 15 16"" Laptop - 32GB RAM 256GB SSD",Experience premium performance with the ASUS Katana 15. Designed for professionals and students alike.,870.73,1.36,374,https://images.bestbuy.com/marketplace/asus-katana-15-main.jpg,"RAM_GB: 32 | Storage_GB: 256 | Screen_Size: 16"" | Processor: AMD Ryzen 7",2025-01-02,2025-01-02,Yes,
322,BB-MKT-00354,S008,DigitalHub USA,Smart Home,Wyze,Ultra 2,WY-2161-BK,766667928028,0766667928028,Wyze Ultra 2 Smart Home Device,Transform your home with the Wyze Ultra 2. Easy setup and seamless smart home integration.,466.2,0.39,251,https://images.bestbuy.com/marketplace/wyze-ultra-2-main.jpg,Connectivity: Z-Wave | Voice_Assistant: Alexa | Power: Wired,2024-08-10,2024-08-10,Yes,
323,BB-MKT-00839,S006,NextGen Devices,Laptops,HP,IdeaPad 5,HP-7607-SL,944495801115,0944495801115,"HP IdeaPad 5 15.6"" Laptop - 32GB RAM 512GB SSD",Experience premium performance with the HP IdeaPad 5. Designed for professionals and students alike.,1577.34,2.23,103,https://images.bestbuy.com/marketplace/hp-ideapad-5-main.jpg,"RAM_GB: 32 | Storage_GB: 512 | Screen_Size: 15.6"" | Processor: AMD Ryzen 5",2024-08-09,2024-08-09,Yes,
324,BB-MKT-00754,S002,EliteGadgets Inc,TVs,LG,Bravia XR,LG-1208-BL,256573961868,0256573961868,"LG 85"" 4K UHD Smart TV Bravia XR",Immerse yourself in stunning visuals with the LG Bravia XR. Features cutting-edge display technology.,1905.39,8.92,498,https://images.bestbuy.com/marketplace/lg-bravia-xr-main.jpg,"Screen_Size: 85"" | Resolution: 4K UHD | Smart_TV: Yes | HDR: HDR10",2024-11-13,2024-11-13,Yes,DUPLICATE_SKU
325,BB-MKT-00217,S001,TechDirect LLC,Tablets,Samsung,Galaxy Tab S9,SA-6211-BL,459640602106,0459640602106,"Samsung Galaxy Tab S9 11"" 256GB Tablet",Stay productive and entertained with the Samsung Galaxy Tab S9. Powerful performance in a sleek design.,461.75,0.34,103,https://images.bestbuy.com/marketplace/samsung-galaxy-tab-s9-main.jpg,"Storage_GB: 256 | Screen_Size: 11"" | Cellular: No | RAM_GB: 12",2024-09-08,2024-09-08,Yes,
326,BB-MKT-00843,S006,NextGen Devices,Headphones,Beats,Momentum 4,BE-3721-SL,335545417741,0335545417741,Beats Momentum 4 On-ear Both Headphones,Enjoy crystal-clear audio with the Beats Momentum 4. Perfect for music lovers and remote workers.,398.9,0.41,286,https://images.bestbuy.com/marketplace/beats-momentum-4-main.jpg,Type: On-ear | Connectivity: Both | ANC: Yes | Battery_Hours: 40,2025-02-12,2025-02-12,Yes,
327,BB-MKT-00066,S008,DigitalHub USA,Laptops,HP,Aspire 5,HP-3361-BL,114847393047,0114847393047,"HP Aspire 5 16"" Laptop - 32GB RAM 256GB SSD",Experience premium performance with the HP Aspire 5. Designed for professionals and students alike.,2227.96,2.75,38,https://images.bestbuy.com/marketplace/hp-aspire-5-main.jpg,"RAM_GB: 32 | Storage_GB: 256 | Screen_Size: 16"" | Processor: Intel i5",2025-02-26,2025-02-26,Yes,
328,BB-MKT-00792,S006,NextGen Devices,Tablets,Amazon,Tab P12 Pro,AM-5996-WH,355640726726,0355640726726,"Amazon Tab P12 Pro 8"" 256GB Tablet",Stay productive and entertained with the Amazon Tab P12 Pro. Powerful performance in a sleek design.,290.16,0.73,403,https://images.bestbuy.com/marketplace/amazon-tab-p12-pro-main.jpg,"Storage_GB: 256 | Screen_Size: 8"" | Cellular: Yes | RAM_GB: 6",2024-09-11,2024-09-11,Yes,
329,BB-MKT-00480,S005,ConnectPro Sales,Smart Home,Arlo,Echo Show 10,AR-5646-BL,521403819813,0521403819813,Arlo Echo Show 10 Smart Home Device,Transform your home with the Arlo Echo Show 10. Easy setup and seamless smart home integration.,311.18,0.54,499,https://images.bestbuy.com/marketplace/arlo-echo-show-10-main.jpg,Connectivity: Wi-Fi | Voice_Assistant: Apple HomeKit | Power: Wired,2025-02-13,2025-02-13,Yes,
330,BB-MKT-00234,S005,ConnectPro Sales,TVs,TCL,QLED 4K,TC-6600-WH,177759201989,0177759201989,"TCL 43"" 8K Smart TV QLED 4K",Immerse yourself in stunning visuals with the TCL QLED 4K. Features cutting-edge display technology.,3378.48,15.08,38,https://images.bestbuy.com/marketplace/tcl-qled-4k-main.jpg,"Screen_Size: 43"" | Resolution: 8K | Smart_TV: Yes | HDR: Dolby Vision",2025-04-07,2025-04-07,Yes,DUPLICATE_SKU
331,BB-MKT-00345,S007,SmartBuy Co,Laptops,Dell,Katana 15,DE-8550-BK,314892290422,0314892290422,"Dell Katana 15 16"" Laptop - 16GB RAM 512GB SSD",Experience premium performance with the Dell Katana 15. Designed for professionals and students alike.,1493.39,2.77,242,https://images.bestbuy.com/marketplace/dell-katana-15-main.jpg,"RAM_GB: 16 | Storage_GB: 512 | Screen_Size: 16"" | Processor: Intel i7",2025-01-16,2025-01-16,Yes,
332,BB-MKT-00532,S001,TechDirect LLC,Headphones,Sony,WH-1000XM5,SO-5764-BK,,0644810658381,Sony WH-1000XM5 In-ear Both Headphones,Enjoy crystal-clear audio with the Sony WH-1000XM5. Perfect for music lovers and remote workers.,282.5,0.32,302,https://images.bestbuy.com/marketplace/sony-wh-1000xm5-main.jpg,Type: In-ear | Connectivity: Both | ANC: No | Battery_Hours: 36,2025-03-07,2025-03-07,Yes,MISSING_UPC
333,BB-MKT-00671,S002,EliteGadgets Inc,Tablets,Microsoft,Surface Pro 9,MI-9376-WH,270156352877,0270156352877,"Microsoft Surface Pro 9 8"" 512GB Tablet",Stay productive and entertained with the Microsoft Surface Pro 9. Powerful performance in a sleek design.,373.34,0.76,442,https://images.bestbuy.com/marketplace/microsoft-surface-pro-9-main.jpg,"Storage_GB: 512 | Screen_Size: 8"" | Cellular: No | RAM_GB: 6",2024-11-12,2024-11-12,Yes,DUPLICATE_SKU
334,BB-MKT-00831,S004,ValueTech Store,Tablets,Microsoft,Tab P12 Pro,MI-2370-BK,794967287154,0794967287154,"Microsoft Tab P12 Pro 11"" 64GB Tablet",Stay productive and entertained with the Microsoft Tab P12 Pro. Powerful performance in a sleek design.,7503.44,0.42,482,https://images.bestbuy.com/marketplace/microsoft-tab-p12-pro-main.jpg,"Storage_GB: 64 | Screen_Size: 11"" | Cellular: No | RAM_GB: 6",2025-03-08,2025-03-08,Yes,PRICE_ANOMALY
335,BB-MKT-00703,S001,TechDirect LLC,TVs,Sony,OLED C3,SO-6064-WH,111154505777,0111154505777,"Sony 75"" 4K UHD Smart TV OLED C3",Immerse yourself in stunning visuals with the Sony OLED C3. Features cutting-edge display technology.,2317.84,36.09,16,https://images.bestbuy.com/marketplace/sony-oled-c3-main.jpg,"Screen_Size: 75"" | Resolution: 4K UHD | Smart_TV: Yes | HDR: HDR10",2024-11-01,2024-11-01,Yes,
336,BB-MKT-00819,S003,PrimeElectronics,Tablets,Microsoft,Galaxy Tab S9,MI-9039-WH,174879829009,0174879829009,"Microsoft Galaxy Tab S9 8"" 128GB Tablet",Stay productive and entertained with the Microsoft Galaxy Tab S9. Powerful performance in a sleek design.,965.49,0.32,352,https://images.bestbuy.com/marketplace/microsoft-galaxy-tab-s9-main.jpg,"Storage_GB: 128 | Screen_Size: 8"" | Cellular: Yes | RAM_GB: 4",2024-11-12,2024-11-12,Yes,
337,BB-MKT-00063,S007,SmartBuy Co,TVs,Hisense,U8K,HI-7798-SL,970902008220,0970902008220,"Hisense 85"" 4K UHD Smart TV U8K",Immerse yourself in stunning visuals with the Hisense U8K. Features cutting-edge display technology.,14567.07,30.34,420,https://images.bestbuy.com/marketplace/hisense-u8k-main.jpg,"Screen_Size: 85"" | Resolution: 4K UHD | Smart_TV: Yes | HDR: Dolby Vision",2024-07-02,2024-07-02,Yes,PRICE_ANOMALY
338,BB-MKT-00093,S005,ConnectPro Sales,TVs,LG,Bravia XR,LG-8055-WH,922475007249,0922475007249,"LG 55"" 8K Smart TV Bravia XR",Immerse yourself in stunning visuals with the LG Bravia XR. Features cutting-edge display technology.,733.45,31.43,117,https://images.bestbuy.com/marketplace/lg-bravia-xr-main.jpg,"Screen_Size: 55"" | Resolution: 8K | Smart_TV: Yes | HDR: HDR10",2025-03-14,2025-03-14,Yes,
339,BB-MKT-00714,S002,EliteGadgets Inc,Headphones,JBL,WH-1000XM5,JB-6245-BK,334677942418,0334677942418,JBL WH-1000XM5 In-ear Wireless Headphones,Enjoy crystal-clear audio with the JBL WH-1000XM5. Perfect for music lovers and remote workers.,542.66,0.39,31,https://images.bestbuy.com/marketplace/jbl-wh-1000xm5-main.jpg,Type: In-ear | Connectivity: Wireless | ANC: No | Battery_Hours: 24,2025-01-02,2025-01-02,Yes,
340,BB-MKT-00527,S007,SmartBuy Co,Headphones,Apple,Momentum 4,AP-6592-WH,391232429742,0391232429742,Apple Momentum 4 In-ear Wired Headphones,Enjoy crystal-clear audio with the Apple Momentum 4. Perfect for music lovers and remote workers.,138.76,0.22,309,https://images.bestbuy.com/marketplace/apple-momentum-4-main.jpg,Type: In-ear | Connectivity: Wired | ANC: No | Battery_Hours: 40,2024-11-10,2024-11-10,Yes,
341,BB-MKT-00854,S003,PrimeElectronics,Headphones,Apple,Evolve2 85,AP-6957-SL,737180530773,0737180530773,Apple Evolve2 85 On-ear Wired Headphones,Enjoy crystal-clear audio with the Apple Evolve2 85. Perfect for music lovers and remote workers.,430.63,0.33,424,https://images.bestbuy.com/marketplace/apple-evolve2-85-main.jpg,Type: On-ear | Connectivity: Wired | ANC: Yes | Battery_Hours: 36,2024-09-26,2024-09-26,Yes,
342,BB-MKT-00199,S001,TechDirect LLC,Laptops,MSI,Pavilion 15,MS-3604-SL,433504198505,0433504198505,"MSI Pavilion 15 13.3"" Laptop - 64GB RAM 512GB SSD",Experience premium performance with the MSI Pavilion 15. Designed for professionals and students alike.,595.01,1.78,42,https://images.bestbuy.com/marketplace/msi-pavilion-15-main.jpg,"RAM_GB: 64 | Storage_GB: 512 | Screen_Size: 13.3"" | Processor: AMD Ryzen 7",2025-01-07,2025-01-07,Yes,
343,BB-MKT-00224,S004,ValueTech Store,Smart Home,Google,Ultra 2,GO-9921-BL,625528384880,0625528384880,Google Ultra 2 Smart Home Device,Transform your home with the Google Ultra 2. Easy setup and seamless smart home integration.,190.7,0.89,164,https://images.bestbuy.com/marketplace/google-ultra-2-main.jpg,Connectivity: Wi-Fi | Voice_Assistant: None | Power: USB-C,2025-01-15,2025-01-15,Yes,
344,BB-MKT-00244,S005,ConnectPro Sales,Tablets,Lenovo,Fire HD 10,LE-7581-BK,256349582652,0256349582652,"Lenovo Fire HD 10 8"" 512GB Tablet",Stay productive and entertained with the Lenovo Fire HD 10. Powerful performance in a sleek design.,604.16,0.83,353,https://images.bestbuy.com/marketplace/lenovo-fire-hd-10-main.jpg,"Storage_GB: 512 | Screen_Size: 8"" | Cellular: Yes | RAM_GB: 8",2024-10-30,2024-10-30,Yes,
345,BB-MKT-00056,S004,ValueTech Store,Tablets,Apple,Fire HD 10,AP-3718-SL,164731212366,0164731212366,"Apple Fire HD 10 10.1"" 128GB Tablet",Stay productive and entertained with the Apple Fire HD 10. Powerful performance in a sleek design.,833.3,0.79,471,https://images.bestbuy.com/marketplace/apple-fire-hd-10-main.jpg,"Storage_GB: 128 | Screen_Size: 10.1"" | Cellular: No | RAM_GB: 6",2024-11-25,2024-11-25,Yes,
346,BB-MKT-00440,S003,PrimeElectronics,Tablets,Amazon,iPad Pro 12.9,AM-4144-BK,360093385701,0360093385701,,Stay productive and entertained with the Amazon iPad Pro 12.9. Powerful performance in a sleek design.,1283.59,0.89,316,https://images.bestbuy.com/marketplace/amazon-ipad-pro-12.9-main.jpg,"Storage_GB: 256 | Screen_Size: 11"" | Cellular: No | RAM_GB: 4",2025-01-02,2025-01-02,Yes,MISSING_TITLE
347,BB-MKT-00452,S006,NextGen Devices,Headphones,Bose,Evolve2 85,BO-4354-WH,953450104387,0953450104387,Bose Evolve2 85 In-ear Both Headphones,Enjoy crystal-clear audio with the Bose Evolve2 85. Perfect for music lovers and remote workers.,539.25,0.26,58,https://images.bestbuy.com/marketplace/bose-evolve2-85-main.jpg,Type: In-ear | Connectivity: Both | ANC: Yes | Battery_Hours: 40,2025-03-02,2025-03-02,Yes,
348,BB-MKT-00322,S002,EliteGadgets Inc,Smart Home,Ring,Video Doorbell Pro 2,RI-5098-BL,975370802363,0975370802363,Ring Video Doorbell Pro 2 Smart Home Device,Transform your home with the Ring Video Doorbell Pro 2. Easy setup and seamless smart home integration.,3399.12,0.89,394,https://images.bestbuy.com/marketplace/ring-video-doorbell-pro-2-main.jpg,Connectivity: Wi-Fi | Voice_Assistant: Apple HomeKit | Power: USB-C,2024-11-02,2024-11-02,Yes,PRICE_ANOMALY
349,BB-MKT-00766,S006,NextGen Devices,Tablets,Microsoft,Tab P12 Pro,MI-7896-BK,128170300103,0128170300103,"Microsoft Tab P12 Pro 12.4"" 512GB Tablet",Stay productive and entertained with the Microsoft Tab P12 Pro. Powerful performance in a sleek design.,1018.23,0.67,154,https://images.bestbuy.com/marketplace/microsoft-tab-p12-pro-main.jpg,"Storage_GB: 512 | Screen_Size: 12.4"" | Cellular: No | RAM_GB: 12",2024-11-02,2024-11-02,Yes,
350,BB-MKT-00027,S004,ValueTech Store,Laptops,Bose,Studio Pro,BO-4644-WH,619083705463,0619083705463,Bose Studio Pro In-ear Wireless Headphones,Enjoy crystal-clear audio with the Bose Studio Pro. Perfect for music lovers and remote workers.,453.63,0.32,156,https://images.bestbuy.com/marketplace/bose-studio-pro-main.jpg,Type: In-ear | Connectivity: Wireless | ANC: No | Battery_Hours: 20,2024-10-25,2024-10-25,Yes,CATEGORY_MISMATCH
351,BB-MKT-00569,S006,NextGen Devices,TVs,Samsung,U8K,SA-6947-BK,645375458868,0645375458868,"Samsung 85"" 8K Smart TV U8K",Immerse yourself in stunning visuals with the Samsung U8K. Features cutting-edge display technology.,1301.84,47.8,361,https://images.bestbuy.com/marketplace/samsung-u8k-main.jpg,"Screen_Size: 85"" | Resolution: 8K | Smart_TV: Yes | HDR: HDR10",2024-10-16,2024-10-16,Yes,
352,BB-MKT-00546,S001,TechDirect LLC,Laptops,MSI,Aspire 5,MS-2809-BK,658289719336,0658289719336,"MSI Aspire 5 15.6"" Laptop - 32GB RAM 256GB SSD",Experience premium performance with the MSI Aspire 5. Designed for professionals and students alike.,2166.33,1.62,259,https://images.bestbuy.com/marketplace/msi-aspire-5-main.jpg,"RAM_GB: 32 | Storage_GB: 256 | Screen_Size: 15.6"" | Processor: AMD Ryzen 7",2024-12-29,2024-12-29,Yes,
353,BB-MKT-00216,S002,EliteGadgets Inc,Laptops,HP,Katana 15,HP-2391-BK,924524434492,0924524434492,"HP Katana 15 15.6"" Laptop - 64GB RAM 1024GB SSD",Experience premium performance with the HP Katana 15. Designed for professionals and students alike.,1460.4,2.22,201,https://images.bestbuy.com/marketplace/hp-katana-15-main.jpg,"RAM_GB: 64 | Storage_GB: 1024 | Screen_Size: 15.6"" | Processor: AMD Ryzen 7",2024-08-08,2024-08-08,Yes,
354,BB-MKT-00885,S006,NextGen Devices,TVs,Sony,QLED 4K,SO-8268-WH,852671745521,0852671745521,"Sony 43"" 4K UHD Smart TV QLED 4K",Immerse yourself in stunning visuals with the Sony QLED 4K. Features cutting-edge display technology.,3236.83,50.8,256,https://images.bestbuy.com/marketplace/sony-qled-4k-main.jpg,"Screen_Size: 43"" | Resolution: 4K UHD | Smart_TV: No | HDR: Dolby Vision",2024-08-26,2024-08-26,Yes,
355,BB-MKT-00473,S002,EliteGadgets Inc,TVs,LG,U8K,LG-3150-BK,224882188492,0224882188492,"LG 50"" 4K UHD Smart TV U8K",Immerse yourself in stunning visuals with the LG U8K. Features cutting-edge display technology.,2047.19,21.71,185,https://images.bestbuy.com/marketplace/lg-u8k-main.jpg,"Screen_Size: 50"" | Resolution: 4K UHD | Smart_TV: Yes | HDR: Dolby Vision",2024-09-10,2024-09-10,Yes,
356,BB-MKT-00142,S004,ValueTech Store,TVs,Hisense,Bravia XR,HI-4920-WH,774778990070,0774778990070,"Hisense 75"" 1080p Full HD Smart TV Bravia XR",Immerse yourself in stunning visuals with the Hisense Bravia XR. Features cutting-edge display technology.,439.37,47.83,115,https://images.bestbuy.com/marketplace/hisense-bravia-xr-main.jpg,"Screen_Size: 75"" | Resolution: 1080p Full HD | Smart_TV: No | HDR: HDR10",2024-10-28,2024-10-28,Yes,
357,BB-MKT-00299,S008,DigitalHub USA,Tablets,Microsoft,Fire HD 10,MI-6182-BL,501866611833,0501866611833,"Microsoft Fire HD 10 12.9"" 256GB Tablet",Stay productive and entertained with the Microsoft Fire HD 10. Powerful performance in a sleek design.,342.94,0.49,402,https://images.bestbuy.com/marketplace/microsoft-fire-hd-10-main.jpg,"Storage_GB: 256 | Screen_Size: 12.9"" | Cellular: Yes | RAM_GB: 16",2024-10-22,2024-10-22,Yes,
358,BB-MKT-00366,S002,EliteGadgets Inc,Laptops,Apple,VivoBook 16,AP-1396-SL,479334682818,0479334682818,"Apple VivoBook 16 15.6"" Laptop - 64GB RAM 512GB SSD",Experience premium performance with the Apple VivoBook 16. Designed for professionals and students alike.,754.44,1.76,420,https://images.bestbuy.com/marketplace/apple-vivobook-16-main.jpg,"RAM_GB: 64 | Storage_GB: 512 | Screen_Size: 15.6"" | Processor: Intel i7",2025-02-12,2025-02-12,Yes,
359,BB-MKT-00803,S006,NextGen Devices,Tablets,Microsoft,Fire HD 10,MI-2740-WH,128309106281,0128309106281,"Microsoft Fire HD 10 10.1"" 64GB Tablet",Stay productive and entertained with the Microsoft Fire HD 10. Powerful performance in a sleek design.,3967.89,0.61,399,https://images.bestbuy.com/marketplace/microsoft-fire-hd-10-main.jpg,"Storage_GB: 64 | Screen_Size: 10.1"" | Cellular: No | RAM_GB: 4",2025-03-18,2025-03-18,Yes,PRICE_ANOMALY
360,BB-MKT-00254,S007,SmartBuy Co,Tablets,Apple,Fire HD 10,AP-8794-SL,961734995189,0961734995189,"Apple Fire HD 10 11"" 128GB Tablet",Stay productive and entertained with the Apple Fire HD 10. Powerful performance in a sleek design.,732.41,0.81,430,https://images.bestbuy.com/marketplace/apple-fire-hd-10-main.jpg,"Storage_GB: 128 | Screen_Size: 11"" | Cellular: Yes | RAM_GB: 16",2025-04-12,2025-04-12,Yes,
361,BB-MKT-00372,S007,SmartBuy Co,TVs,Samsung,Bravia XR,SA-9212-SL,358996518966,0358996518966,"Samsung 85"" 8K Smart TV Bravia XR",Immerse yourself in stunning visuals with the Samsung Bravia XR. Features cutting-edge display technology.,3293.6,35.53,449,https://images.bestbuy.com/marketplace/samsung-bravia-xr-main.jpg,"Screen_Size: 85"" | Resolution: 8K | Smart_TV: No | HDR: HDR10+",2025-01-15,2025-01-15,Yes,
362,BB-MKT-00785,S001,TechDirect LLC,Headphones,JBL,AirPods Max,JB-6400-BK,702172596807,0702172596807,JBL AirPods Max Over-ear Wired Headphones,Enjoy crystal-clear audio with the JBL AirPods Max. Perfect for music lovers and remote workers.,151.52,0.22,485,https://images.bestbuy.com/marketplace/jbl-airpods-max-main.jpg,Type: Over-ear | Connectivity: Wired | ANC: Yes | Battery_Hours: 24,2025-04-15,2025-04-15,Yes,
363,BB-MKT-00607,S002,EliteGadgets Inc,Smart Home,Arlo,Nest Hub Max,AR-3643-WH,408466383812,0408466383812,Arlo Nest Hub Max Smart Home Device,Transform your home with the Arlo Nest Hub Max. Easy setup and seamless smart home integration.,423.09,0.95,90,https://images.bestbuy.com/marketplace/arlo-nest-hub-max-main.jpg,Connectivity: Bluetooth | Voice_Assistant: Google Assistant | Power: Wired,2024-11-28,2024-11-28,Yes,
364,BB-MKT-00906,S001,TechDirect LLC,Headphones,JBL,Studio Pro,JB-8210-SL,652408196002,0652408196002,JBL Studio Pro On-ear Wired Headphones - EXTREMELY DETAILED SPEC DESCRIPTION THAT GOES WAY BEYOND THE ALLOWED CHARACTER LIMIT FOR BEST BUY MARKETPLACE LISTINGS,Enjoy crystal-clear audio with the JBL Studio Pro. Perfect for music lovers and remote workers.,84.55,0.26,166,https://images.bestbuy.com/marketplace/jbl-studio-pro-main.jpg,Type: On-ear | Connectivity: Wired | ANC: Yes | Battery_Hours: 24,2025-03-03,2025-03-03,Yes,TITLE_TOO_LONG
365,BB-MKT-00489,S005,ConnectPro Sales,Headphones,Sony,WH-1000XM5,SO-1440-SL,990556644647,0990556644647,,Enjoy crystal-clear audio with the Sony WH-1000XM5. Perfect for music lovers and remote workers.,226.9,0.31,182,https://images.bestbuy.com/marketplace/sony-wh-1000xm5-main.jpg,Type: In-ear | Connectivity: Wireless | ANC: Yes | Battery_Hours: 30,2025-01-27,2025-01-27,Yes,MISSING_TITLE
366,BB-MKT-00665,S001,TechDirect LLC,Smart Home,Nest,Nest Hub Max,NE-8999-BK,782438064899,0782438064899,Nest Nest Hub Max Smart Home Device,Transform your home with the Nest Nest Hub Max. Easy setup and seamless smart home integration.,196.2,0.96,168,https://images.bestbuy.com/marketplace/nest-nest-hub-max-main.jpg,Connectivity: Z-Wave | Voice_Assistant: Alexa | Power: Wired,2024-11-30,2024-11-30,Yes,
367,BB-MKT-00774,S001,TechDirect LLC,Smart Home,Ring,Echo Show 10,RI-8666-BL,254459034948,0254459034948,Ring Echo Show 10 Smart Home Device,Transform your home with the Ring Echo Show 10. Easy setup and seamless smart home integration.,159.14,1.47,183,https://images.bestbuy.com/marketplace/ring-echo-show-10-main.jpg,Connectivity: Bluetooth | Voice_Assistant: Alexa | Power: Wired,2025-03-14,2025-03-14,Yes,
368,BB-MKT-00544,S001,TechDirect LLC,Headphones,Apple,WH-1000XM5,AP-4360-BL,806291003905,0806291003905,Apple WH-1000XM5 On-ear Both Headphones,Enjoy crystal-clear audio with the Apple WH-1000XM5. Perfect for music lovers and remote workers.,378.91,0.42,400,https://images.bestbuy.com/marketplace/apple-wh-1000xm5-main.jpg,Type: On-ear | Connectivity: Both | ANC: Yes | Battery_Hours: 36,2025-01-24,2025-01-24,Yes,DUPLICATE_SKU
369,BB-MKT-00130,S007,SmartBuy Co,TVs,Sony,U8K,SO-5382-BL,235147470601,0235147470601,"Sony 75"" 4K UHD Smart TV U8K",Immerse yourself in stunning visuals with the Sony U8K. Features cutting-edge display technology.,1178.7,12.26,148,https://images.bestbuy.com/marketplace/sony-u8k-main.jpg,"Screen_Size: 75"" | Resolution: 4K UHD | Smart_TV: No | HDR: HDR10",2025-01-13,2025-01-13,Yes,
370,BB-MKT-00037,S004,ValueTech Store,Headphones,Apple,AirPods Max,AP-3503-WH,521900055512,0521900055512,Apple AirPods Max In-ear Wireless Headphones,Enjoy crystal-clear audio with the Apple AirPods Max. Perfect for music lovers and remote workers.,62.4,0.3,277,https://images.bestbuy.com/marketplace/apple-airpods-max-main.jpg,Type: In-ear | Connectivity: Wireless | ANC: Yes | Battery_Hours: 24,2025-02-24,2025-02-24,Yes,
371,BB-MKT-00611,S003,PrimeElectronics,Laptops,ASUS,Aspire 5,AS-4393-BL,308850457458,0308850457458,"ASUS Aspire 5 15.6"" Laptop - 8GB RAM 512GB SSD",Experience premium performance with the ASUS Aspire 5. Designed for professionals and students alike.,2370.74,1.39,109,https://images.bestbuy.com/marketplace/asus-aspire-5-main.jpg,"RAM_GB: 8 | Storage_GB: 512 | Screen_Size: 15.6"" | Processor: Apple M2",2024-08-24,2024-08-24,Yes,
372,BB-MKT-00516,S001,TechDirect LLC,TVs,LG,QLED 4K,LG-8653-BL,277211312573,0277211312573,"LG 50"" 4K UHD Smart TV QLED 4K",Immerse yourself in stunning visuals with the LG QLED 4K. Features cutting-edge display technology.,684.09,47.39,253,https://images.bestbuy.com/marketplace/lg-qled-4k-main.jpg,"Screen_Size: 50"" | Resolution: 4K UHD | Smart_TV: Yes | HDR: Dolby Vision",2024-07-21,2024-07-21,Yes,
373,BB-MKT-00495,S003,PrimeElectronics,Laptops,Apple,MacBook Air,AP-8656-SL,919582444151,0919582444151,"Apple MacBook Air 16"" Laptop - 16GB RAM 1024GB SSD",Experience premium performance with the Apple MacBook Air. Designed for professionals and students alike.,17376.91,2.05,314,https://images.bestbuy.com/marketplace/apple-macbook-air-main.jpg,"RAM_GB: 16 | Storage_GB: 1024 | Screen_Size: 16"" | Processor: Intel i7",2025-02-08,2025-02-08,Yes,PRICE_ANOMALY
374,BB-MKT-00483,S007,SmartBuy Co,Laptops,HP,Katana 15,HP-5472-BL,884968911912,0884968911912,"HP Katana 15 16"" Laptop - 64GB RAM 1024GB SSD",Experience premium performance with the HP Katana 15. Designed for professionals and students alike.,1146.8,2.27,486,https://images.bestbuy.com/marketplace/hp-katana-15-main.jpg,"RAM_GB: 64 | Storage_GB: 1024 | Screen_Size: 16"" | Processor: AMD Ryzen 5",2025-01-24,2025-01-24,Yes,
375,BB-MKT-00276,S006,NextGen Devices,Headphones,Sennheiser,Momentum 4,SE-9067-WH,284240684348,0284240684348,Sennheiser Momentum 4 On-ear Both Headphones,Enjoy crystal-clear audio with the Sennheiser Momentum 4. Perfect for music lovers and remote workers.,456.36,0.39,209,https://images.bestbuy.com/marketplace/sennheiser-momentum-4-main.jpg,Type: On-ear | Connectivity: Both | ANC: Yes | Battery_Hours: 20,2024-08-24,2024-08-24,Yes,
376,BB-MKT-00236,S007,SmartBuy Co,Smart Home,Arlo,Ultra 2,AR-1813-BL,204099477227,0204099477227,Arlo Ultra 2 Smart Home Device - EXTREMELY DETAILED SPEC DESCRIPTION THAT GOES WAY BEYOND THE ALLOWED CHARACTER LIMIT FOR BEST BUY MARKETPLACE LISTINGS,Transform your home with the Arlo Ultra 2. Easy setup and seamless smart home integration.,297.73,1.28,78,https://images.bestbuy.com/marketplace/arlo-ultra-2-main.jpg,Connectivity: Z-Wave | Voice_Assistant: Apple HomeKit | Power: Wired,2024-07-28,2024-07-28,Yes,TITLE_TOO_LONG
377,BB-MKT-00291,S002,EliteGadgets Inc,Laptops,HP,Katana 15,HP-4492-BL,794368802109,0794368802109,"HP Katana 15 13.3"" Laptop - 8GB RAM 1024GB SSD",Experience premium performance with the HP Katana 15. Designed for professionals and students alike.,2153.9,1.53,424,https://images.bestbuy.com/marketplace/hp-katana-15-main.jpg,"RAM_GB: 8 | Storage_GB: 1024 | Screen_Size: 13.3"" | Processor: Intel i7",2025-02-08,2025-02-08,Yes,
378,BB-MKT-00442,S005,ConnectPro Sales,TVs,TCL,Bravia XR,TC-1859-WH,912197304142,0912197304142,"TCL 55"" 1080p Full HD Smart TV Bravia XR",Immerse yourself in stunning visuals with the TCL Bravia XR. Features cutting-edge display technology.,841.67,9.28,263,https://images.bestbuy.com/marketplace/tcl-bravia-xr-main.jpg,"Screen_Size: 55"" | Resolution: 1080p Full HD | Smart_TV: No | HDR: HDR10",2024-08-29,2024-08-29,Yes,
379,BB-MKT-00844,S008,DigitalHub USA,Headphones,Jabra,WH-1000XM5,JA-6668-BL,948110337979,0948110337979,Jabra WH-1000XM5 In-ear Wired Headphones,Enjoy crystal-clear audio with the Jabra WH-1000XM5. Perfect for music lovers and remote workers.,3365.07,0.34,471,https://images.bestbuy.com/marketplace/jabra-wh-1000xm5-main.jpg,Type: In-ear | Connectivity: Wired | ANC: No | Battery_Hours: 24,2024-10-06,2024-10-06,Yes,PRICE_ANOMALY
380,BB-MKT-00719,S008,DigitalHub USA,Smart Home,Amazon,Echo Show 10,AM-3721-BL,699991667309,0699991667309,Amazon Echo Show 10 Smart Home Device,Transform your home with the Amazon Echo Show 10. Easy setup and seamless smart home integration.,130.58,0.39,97,https://images.bestbuy.com/marketplace/amazon-echo-show-10-main.jpg,Connectivity: Zigbee | Voice_Assistant: Google Assistant | Power: Wired,2025-04-22,2025-04-22,Yes,
381,BB-MKT-00201,S008,DigitalHub USA,Laptops,Dell,MacBook Air,DE-4751-BL,179361118255,0179361118255,"Dell MacBook Air 16"" Laptop - 32GB RAM 256GB SSD",Experience premium performance with the Dell MacBook Air. Designed for professionals and students alike.,586.6,2.49,52,https://images.bestbuy.com/marketplace/dell-macbook-air-main.jpg,"RAM_GB: 32 | Storage_GB: 256 | Screen_Size: 16"" | Processor: Intel i7",2024-12-08,2024-12-08,Yes,
382,BB-MKT-00126,S004,ValueTech Store,Headphones,Sennheiser,AirPods Max,SE-5961-BK,238617711685,0238617711685,Sennheiser AirPods Max Over-ear Wired Headphones,Enjoy crystal-clear audio with the Sennheiser AirPods Max. Perfect for music lovers and remote workers.,290.34,0.24,482,https://images.bestbuy.com/marketplace/sennheiser-airpods-max-main.jpg,Type: Over-ear | Connectivity: Wired | ANC: Yes | Battery_Hours: 40,2025-04-24,2025-04-24,Yes,
383,BB-MKT-00587,S007,SmartBuy Co,Headphones,Apple,Momentum 4,AP-4098-SL,777587279298,0777587279298,Apple Momentum 4 On-ear Both Headphones,Enjoy crystal-clear audio with the Apple Momentum 4. Perfect for music lovers and remote workers.,439.59,0.28,27,https://images.bestbuy.com/marketplace/apple-momentum-4-main.jpg,Type: On-ear | Connectivity: Both | ANC: Yes | Battery_Hours: 20,2024-11-21,2024-11-21,Yes,
384,BB-MKT-00769,S004,ValueTech Store,Smart Home,Google,Cam OG,GO-3535-SL,842578595436,0842578595436,Google Cam OG Smart Home Device,Transform your home with the Google Cam OG. Easy setup and seamless smart home integration.,324.27,1.11,479,https://images.bestbuy.com/marketplace/google-cam-og-main.jpg,Connectivity: Bluetooth | Voice_Assistant: Google Assistant | Power: Battery,2024-07-04,2024-07-04,Yes,
385,BB-MKT-00332,S008,DigitalHub USA,Tablets,ASUS,MacBook Air,AS-5222-SL,712292041102,0712292041102,"ASUS MacBook Air 15.6"" Laptop - 32GB RAM 512GB SSD",,440.65,1.39,444,https://images.bestbuy.com/marketplace/asus-macbook-air-main.jpg,"RAM_GB: 32 | Storage_GB: 512 | Screen_Size: 15.6"" | Processor: AMD Ryzen 5",2024-10-10,2024-10-10,Yes,CATEGORY_MISMATCH
386,BB-MKT-00094,S006,NextGen Devices,Laptops,ASUS,Katana 15,AS-6129-BL,185560741164,0185560741164,"ASUS Katana 15 13.3"" Laptop - 8GB RAM 512GB SSD",Experience premium performance with the ASUS Katana 15. Designed for professionals and students alike.,1603.14,2.34,213,https://images.bestbuy.com/marketplace/asus-katana-15-main.jpg,"RAM_GB: 8 | Storage_GB: 512 | Screen_Size: 13.3"" | Processor: AMD Ryzen 7",2024-11-26,2024-11-26,Yes,
387,BB-MKT-00455,S003,PrimeElectronics,Headphones,Sony,WH-1000XM5,SO-4346-BK,265340472930,0265340472930,Sony WH-1000XM5 Over-ear Wired Headphones,Enjoy crystal-clear audio with the Sony WH-1000XM5. Perfect for music lovers and remote workers.,181.45,0.44,277,https://images.bestbuy.com/marketplace/sony-wh-1000xm5-main.jpg,Type: Over-ear | Connectivity: Wired | ANC: Yes | Battery_Hours: 24,2024-09-06,2024-09-06,Yes,
388,BB-MKT-00325,S008,DigitalHub USA,TVs,LG,V-Series,LG-3555-BK,493498877389,0493498877389,"LG 50"" 8K Smart TV V-Series",Immerse yourself in stunning visuals with the LG V-Series. Features cutting-edge display technology.,698.54,11.45,489,https://images.bestbuy.com/marketplace/lg-v-series-main.jpg,"Screen_Size: 50"" | Resolution: 8K | Smart_TV: Yes | HDR: HDR10",2025-03-10,2025-03-10,Yes,
389,BB-MKT-00422,S004,ValueTech Store,Tablets,Lenovo,Tab P12 Pro,LE-7258-SL,593050688004,0593050688004,"Lenovo Tab P12 Pro 10.1"" 256GB Tablet",Stay productive and entertained with the Lenovo Tab P12 Pro. Powerful performance in a sleek design.,1255.03,0.71,21,https://images.bestbuy.com/marketplace/lenovo-tab-p12-pro-main.jpg,"Storage_GB: 256 | Screen_Size: 10.1"" | Cellular: No | RAM_GB: 4",2024-08-19,2024-08-19,Yes,
390,BB-MKT-00106,S008,DigitalHub USA,Smart Home,Ring,Hue Starter Kit,RI-8684-WH,440329637250,0440329637250,Ring Hue Starter Kit Smart Home Device,Transform your home with the Ring Hue Starter Kit. Easy setup and seamless smart home integration.,201.89,1.43,225,https://images.bestbuy.com/marketplace/ring-hue-starter-kit-main.jpg,Connectivity: Bluetooth | Voice_Assistant: Google Assistant | Power: USB-C,2025-02-22,2025-02-22,Yes,
391,BB-MKT-00127,S003,PrimeElectronics,TVs,Vizio,U8K,VI-2330-BK,133774683071,0133774683071,"Vizio 85"" 1080p Full HD Smart TV U8K",Immerse yourself in stunning visuals with the Vizio U8K. Features cutting-edge display technology.,3806.05,41.92,135,https://images.bestbuy.com/marketplace/vizio-u8k-main.jpg,"Screen_Size: 85"" | Resolution: 1080p Full HD | Smart_TV: No | HDR: HDR10+",2024-10-16,2024-10-16,Yes,
392,BB-MKT-00327,S007,SmartBuy Co,TVs,Hisense,OLED C3,HI-1533-SL,696741271854,0696741271854,"Hisense 43"" 1080p Full HD Smart TV OLED C3",Immerse yourself in stunning visuals with the Hisense OLED C3. Features cutting-edge display technology.,1725.44,38.2,89,https://images.bestbuy.com/marketplace/hisense-oled-c3-main.jpg,"Screen_Size: 43"" | Resolution: 1080p Full HD | Smart_TV: No | HDR: Dolby Vision",2025-02-20,2025-02-20,Yes,
393,BB-MKT-00542,S007,SmartBuy Co,Tablets,Amazon,Surface Pro 9,AM-9476-BK,987845442030,0987845442030,"Amazon Surface Pro 9 12.4"" 64GB Tablet",Stay productive and entertained with the Amazon Surface Pro 9. Powerful performance in a sleek design.,246.49,0.49,395,https://images.bestbuy.com/marketplace/amazon-surface-pro-9-main.jpg,"Storage_GB: 64 | Screen_Size: 12.4"" | Cellular: Yes | RAM_GB: 4",2024-09-23,2024-09-23,Yes,
394,BB-MKT-00865,S004,ValueTech Store,Headphones,JBL,WH-1000XM5,JB-6096-BL,409885101207,0409885101207,JBL WH-1000XM5 On-ear Wired Headphones,Enjoy crystal-clear audio with the JBL WH-1000XM5. Perfect for music lovers and remote workers.,380.14,0.32,133,https://images.bestbuy.com/marketplace/jbl-wh-1000xm5-main.jpg,Type: On-ear | Connectivity: Wired | ANC: Yes | Battery_Hours: 36,2025-02-01,2025-02-01,Yes,
395,BB-MKT-00531,S007,SmartBuy Co,Laptops,Dell,Pavilion 15,DE-8364-WH,123499867178,0123499867178,"Dell Pavilion 15 16"" Laptop - 16GB RAM 1024GB SSD",Experience premium performance with the Dell Pavilion 15. Designed for professionals and students alike.,821.81,2.11,426,https://images.bestbuy.com/marketplace/dell-pavilion-15-main.jpg,"RAM_GB: 16 | Storage_GB: 1024 | Screen_Size: 16"" | Processor: AMD Ryzen 7",2025-01-17,2025-01-17,Yes,
396,BB-MKT-00061,S008,DigitalHub USA,Laptops,HP,IdeaPad 5,HP-4920-WH,130586292150,0130586292150,"HP IdeaPad 5 16"" Laptop - 16GB RAM 512GB SSD",Experience premium performance with the HP IdeaPad 5. Designed for professionals and students alike.,1051.58,1.22,208,https://images.bestbuy.com/marketplace/hp-ideapad-5-main.jpg,"RAM_GB: 16 | Storage_GB: 512 | Screen_Size: 16"" | Processor: AMD Ryzen 7",2024-08-17,2024-08-17,Yes,
397,BB-MKT-00589,S006,NextGen Devices,Tablets,Amazon,Tab P12 Pro,AM-9106-BL,631263873744,0631263873744,"Amazon Tab P12 Pro 11"" 128GB Tablet",Stay productive and entertained with the Amazon Tab P12 Pro. Powerful performance in a sleek design.,457.59,0.54,471,https://images.bestbuy.com/marketplace/amazon-tab-p12-pro-main.jpg,"Storage_GB: 128 | Screen_Size: 11"" | Cellular: No | RAM_GB: 16",2025-04-25,2025-04-25,Yes,
398,BB-MKT-00979,S001,TechDirect LLC,Tablets,Apple,Fire HD 10,AP-1576-BK,790468289425,0790468289425,"Apple Fire HD 10 12.4"" 64GB Tablet",Stay productive and entertained with the Apple Fire HD 10. Powerful performance in a sleek design.,171.76,0.79,243,,"Storage_GB: 64 | Screen_Size: 12.4"" | Cellular: Yes | RAM_GB: 6",2025-04-19,2025-04-19,Yes,MISSING_PRIMARY_IMAGE_URL
399,BB-MKT-00650,S003,PrimeElectronics,Tablets,Apple,Tab P12 Pro,AP-2922-WH,825702074238,0825702074238,"Apple Tab P12 Pro 8"" 512GB Tablet",Stay productive and entertained with the Apple Tab P12 Pro. Powerful performance in a sleek design.,1140.3,0.72,2,https://images.bestbuy.com/marketplace/apple-tab-p12-pro-main.jpg,"Storage_GB: 512 | Screen_Size: 8"" | Cellular: Yes | RAM_GB: 6",2025-04-11,2025-04-11,Yes,
400,BB-MKT-00237,S006,NextGen Devices,Laptops,ASUS,XPS 15,AS-4390-WH,126186359352,0126186359352,"ASUS XPS 15 16"" Laptop - 32GB RAM 1024GB SSD",Experience premium performance with the ASUS XPS 15. Designed for professionals and students alike.,1739.2,2.76,242,https://images.bestbuy.com/marketplace/asus-xps-15-main.jpg,"RAM_GB: 32 | Storage_GB: 1024 | Screen_Size: 16"" | Processor: Intel i7",2024-08-29,2024-08-29,Yes,
401,BB-MKT-00105,S001,TechDirect LLC,Headphones,Beats,Momentum 4,BE-3712-BL,298265342080,0298265342080,Beats Momentum 4 Over-ear Both Headphones,Enjoy crystal-clear audio with the Beats Momentum 4. Perfect for music lovers and remote workers.,51.72,0.29,368,https://images.bestbuy.com/marketplace/beats-momentum-4-main.jpg,Type: Over-ear | Connectivity: Both | ANC: No | Battery_Hours: 24,2024-10-30,2024-10-30,Yes,
402,BB-MKT-00165,S004,ValueTech Store,Tablets,Amazon,Surface Pro 9,AM-6770-WH,903881442358,0903881442358,"Amazon Surface Pro 9 12.4"" 256GB Tablet",Stay productive and entertained with the Amazon Surface Pro 9. Powerful performance in a sleek design.,309.95,0.63,94,https://images.bestbuy.com/marketplace/amazon-surface-pro-9-main.jpg,"Storage_GB: 256 | Screen_Size: 12.4"" | Cellular: No | RAM_GB: 12",2025-04-04,2025-04-04,Yes,
403,BB-MKT-00284,S005,ConnectPro Sales,Laptops,ASUS,VivoBook 16,AS-5117-WH,113115980550,0113115980550,"ASUS VivoBook 16 15.6"" Laptop - 64GB RAM 1024GB SSD",Experience premium performance with the ASUS VivoBook 16. Designed for professionals and students alike.,1702.18,2.45,445,https://images.bestbuy.com/marketplace/asus-vivobook-16-main.jpg,"RAM_GB: 64 | Storage_GB: 1024 | Screen_Size: 15.6"" | Processor: Apple M2",2025-02-12,2025-02-12,Yes,
404,BB-MKT-00278,S002,EliteGadgets Inc,Tablets,Lenovo,Fire HD 10,LE-8091-BL,154701622307,0154701622307,"Lenovo Fire HD 10 12.4"" 128GB Tablet",Stay productive and entertained with the Lenovo Fire HD 10. Powerful performance in a sleek design.,1212.03,0.77,466,https://images.bestbuy.com/marketplace/lenovo-fire-hd-10-main.jpg,"Storage_GB: 128 | Screen_Size: 12.4"" | Cellular: Yes | RAM_GB: 16",2024-09-29,2024-09-29,Yes,
405,BB-MKT-00365,S008,DigitalHub USA,Smart Home,Google,Learning Thermostat,GO-5034-WH,678685286593,0678685286593,Google Learning Thermostat Smart Home Device,Transform your home with the Google Learning Thermostat. Easy setup and seamless smart home integration.,62.67,1.19,165,https://images.bestbuy.com/marketplace/google-learning-thermostat-main.jpg,Connectivity: Bluetooth | Voice_Assistant: Google Assistant | Power: USB-C,2025-04-21,2025-04-21,Yes,
406,BB-MKT-00667,S002,EliteGadgets Inc,Tablets,Apple,Galaxy Tab S9,AP-6971-BL,428025161411,0428025161411,"Apple Galaxy Tab S9 10.1"" 256GB Tablet",Stay productive and entertained with the Apple Galaxy Tab S9. Powerful performance in a sleek design.,1175.02,0.62,137,https://images.bestbuy.com/marketplace/apple-galaxy-tab-s9-main.jpg,"Storage_GB: 256 | Screen_Size: 10.1"" | Cellular: No | RAM_GB: 12",2024-08-25,2024-08-25,Yes,
407,BB-MKT-00976,S001,TechDirect LLC,TVs,Sony,Bravia XR,SO-1924-BL,808246819329,0808246819329,,Immerse yourself in stunning visuals with the Sony Bravia XR. Features cutting-edge display technology.,1674.13,49.66,258,https://images.bestbuy.com/marketplace/sony-bravia-xr-main.jpg,"Screen_Size: 50"" | Resolution: 8K | Smart_TV: No | HDR: HDR10",2024-08-02,2024-08-02,Yes,MISSING_TITLE
408,BB-MKT-00735,S003,PrimeElectronics,TVs,Vizio,V-Series,VI-6105-WH,945220157193,0945220157193,"Vizio 55"" 8K Smart TV V-Series",Immerse yourself in stunning visuals with the Vizio V-Series. Features cutting-edge display technology.,3226.87,49.97,249,https://images.bestbuy.com/marketplace/vizio-v-series-main.jpg,"Screen_Size: 55"" | Resolution: 8K | Smart_TV: Yes | HDR: HDR10+",2025-02-07,2025-02-07,Yes,
409,BB-MKT-00603,S006,NextGen Devices,Headphones,JBL,Momentum 4,JB-8079-BL,782470151387,0782470151387,JBL Momentum 4 Over-ear Wired Headphones,Enjoy crystal-clear audio with the JBL Momentum 4. Perfect for music lovers and remote workers.,229.03,0.36,357,https://images.bestbuy.com/marketplace/jbl-momentum-4-main.jpg,Type: Over-ear | Connectivity: Wired | ANC: Yes | Battery_Hours: 24,2025-04-18,2025-04-18,Yes,
410,BB-MKT-00859,S006,NextGen Devices,Tablets,Lenovo,Surface Pro 9,LE-5413-BL,952232726388,0952232726388,"Lenovo Surface Pro 9 10.1"" 64GB Tablet",Stay productive and entertained with the Lenovo Surface Pro 9. Powerful performance in a sleek design.,831.04,0.4,85,https://images.bestbuy.com/marketplace/lenovo-surface-pro-9-main.jpg,"Storage_GB: 64 | Screen_Size: 10.1"" | Cellular: Yes | RAM_GB: 12",2024-12-01,2024-12-01,Yes,
411,BB-MKT-00960,S006,NextGen Devices,Laptops,HP,XPS 15,HP-7141-BK,131380164466,0131380164466,"HP XPS 15 15.6"" Laptop - 8GB RAM 256GB SSD",Experience premium performance with the HP XPS 15. Designed for professionals and students alike.,2405.99,1.5,317,https://images.bestbuy.com/marketplace/hp-xps-15-main.jpg,"RAM_GB: 8 | Storage_GB: 256 | Screen_Size: 15.6"" | Processor: AMD Ryzen 7",2025-03-13,2025-03-13,Yes,
412,BB-MKT-00395,S001,TechDirect LLC,TVs,Hisense,V-Series,HI-7147-WH,469501075191,0469501075191,"Hisense 55"" 8K Smart TV V-Series",Immerse yourself in stunning visuals with the Hisense V-Series. Features cutting-edge display technology.,2390.18,25.14,304,https://images.bestbuy.com/marketplace/hisense-v-series-main.jpg,"Screen_Size: 55"" | Resolution: 8K | Smart_TV: Yes | HDR: HDR10",2024-08-29,2024-08-29,Yes,
413,BB-MKT-00596,S007,SmartBuy Co,Tablets,Samsung,Tab P12 Pro,SA-3102-SL,731956979188,0731956979188,"Samsung Tab P12 Pro 12.9"" 512GB Tablet",Stay productive and entertained with the Samsung Tab P12 Pro. Powerful performance in a sleek design.,1233.86,0.31,414,https://images.bestbuy.com/marketplace/samsung-tab-p12-pro-main.jpg,"Storage_GB: 512 | Screen_Size: 12.9"" | Cellular: Yes | RAM_GB: 8",2024-12-29,2024-12-29,Yes,
414,BB-MKT-00072,S002,EliteGadgets Inc,TVs,TCL,U8K,TC-7484-SL,122742842928,0122742842928,"TCL 55"" 1080p Full HD Smart TV U8K",Immerse yourself in stunning visuals with the TCL U8K. Features cutting-edge display technology.,279.37,46.06,398,https://images.bestbuy.com/marketplace/tcl-u8k-main.jpg,"Screen_Size: 55"" | Resolution: 1080p Full HD | Smart_TV: No | HDR: HDR10+",2024-07-26,2024-07-26,Yes,
415,BB-MKT-00958,S007,SmartBuy Co,Tablets,Lenovo,Tab P12 Pro,LE-3906-BL,487883630646,0487883630646,"Lenovo Tab P12 Pro 11"" 128GB Tablet",Stay productive and entertained with the Lenovo Tab P12 Pro. Powerful performance in a sleek design.,1159.92,0.6,94,https://images.bestbuy.com/marketplace/lenovo-tab-p12-pro-main.jpg,"Storage_GB: 128 | Screen_Size: 11"" | Cellular: Yes | RAM_GB: 4",2024-11-11,2024-11-11,Yes,
416,BB-MKT-00765,S004,ValueTech Store,Headphones,Apple,WH-1000XM5,AP-8158-BK,513104437904,0513104437904,Apple WH-1000XM5 On-ear Both Headphones,Enjoy crystal-clear audio with the Apple WH-1000XM5. Perfect for music lovers and remote workers.,101.08,0.31,160,https://images.bestbuy.com/marketplace/apple-wh-1000xm5-main.jpg,Type: On-ear | Connectivity: Both | ANC: No | Battery_Hours: 40,2025-03-15,2025-03-15,Yes,
417,BB-MKT-00394,S008,DigitalHub USA,TVs,Vizio,5-Series 4K,VI-1917-SL,920028613832,0920028613832,"Vizio 75"" 8K Smart TV 5-Series 4K",Immerse yourself in stunning visuals with the Vizio 5-Series 4K. Features cutting-edge display technology.,2367.53,37.84,284,https://images.bestbuy.com/marketplace/vizio-5-series-4k-main.jpg,"Screen_Size: 75"" | Resolution: 8K | Smart_TV: No | HDR: Dolby Vision",2025-04-01,2025-04-01,Yes,
418,BB-MKT-00691,S006,NextGen Devices,Laptops,Lenovo,XPS 15,LE-6486-WH,681661529940,0681661529940,"Lenovo XPS 15 14"" Laptop - 8GB RAM 1024GB SSD",Experience premium performance with the Lenovo XPS 15. Designed for professionals and students alike.,1825.81,1.44,341,https://images.bestbuy.com/marketplace/lenovo-xps-15-main.jpg,"RAM_GB: 8 | Storage_GB: 1024 | Screen_Size: 14"" | Processor: Intel i7",2024-12-02,2024-12-02,Yes,
419,BB-MKT-00338,S005,ConnectPro Sales,Smart Home,Nest,Nest Hub Max,NE-8126-SL,799001252793,0799001252793,Nest Nest Hub Max Smart Home Device,Transform your home with the Nest Nest Hub Max. Easy setup and seamless smart home integration.,456.19,0.77,116,https://images.bestbuy.com/marketplace/nest-nest-hub-max-main.jpg,Connectivity: Zigbee | Voice_Assistant: None | Power: USB-C,2024-08-15,2024-08-15,Yes,
420,BB-MKT-00800,S003,PrimeElectronics,Smart Home,Arlo,Echo Show 10,AR-9302-BL,302028826793,0302028826793,Arlo Echo Show 10 Smart Home Device,Transform your home with the Arlo Echo Show 10. Easy setup and seamless smart home integration.,301.55,0.16,367,https://images.bestbuy.com/marketplace/arlo-echo-show-10-main.jpg,Connectivity: Zigbee | Voice_Assistant: Alexa | Power: USB-C,2024-10-25,2024-10-25,Yes,
421,BB-MKT-00218,S002,EliteGadgets Inc,TVs,Samsung,OLED C3,SA-6870-WH,688929079884,0457323121762,"Samsung 65"" 8K Smart TV OLED C3",Immerse yourself in stunning visuals with the Samsung OLED C3. Features cutting-edge display technology.,1943.69,28.39,436,https://images.bestbuy.com/marketplace/samsung-oled-c3-main.jpg,"Screen_Size: 65"" | Resolution: 8K | Smart_TV: No | HDR: Dolby Vision",2024-08-31,2024-08-31,Yes,GTIN_UPC_MISMATCH
422,BB-MKT-00518,S003,PrimeElectronics,Smart Home,Philips,Video Doorbell Pro 2,PH-3958-BL,730358810706,0730358810706,Philips Video Doorbell Pro 2 Smart Home Device,Transform your home with the Philips Video Doorbell Pro 2. Easy setup and seamless smart home integration.,461.59,0.44,255,https://images.bestbuy.com/marketplace/philips-video-doorbell-pro-2-main.jpg,Connectivity: Zigbee | Voice_Assistant: Alexa | Power: USB-C,2024-08-18,2024-08-18,Yes,
423,BB-MKT-00622,S008,DigitalHub USA,Laptops,,Pavilion 15,LE-9203-SL,112902857221,0112902857221,"Lenovo Pavilion 15 14"" Laptop - 64GB RAM 256GB SSD",Experience premium performance with the Lenovo Pavilion 15. Designed for professionals and students alike.,1431.05,2.68,481,https://images.bestbuy.com/marketplace/lenovo-pavilion-15-main.jpg,"RAM_GB: 64 | Storage_GB: 256 | Screen_Size: 14"" | Processor: Intel i7",2025-01-19,2025-01-19,Yes,MISSING_BRAND
424,BB-MKT-00537,S003,PrimeElectronics,TVs,Hisense,QLED 4K,HI-2977-WH,351760515736,0351760515736,"Hisense 43"" 8K Smart TV QLED 4K",Immerse yourself in stunning visuals with the Hisense QLED 4K. Features cutting-edge display technology.,23045.74,51.72,401,https://images.bestbuy.com/marketplace/hisense-qled-4k-main.jpg,"Screen_Size: 43"" | Resolution: 8K | Smart_TV: No | HDR: HDR10",2024-12-29,2024-12-29,Yes,PRICE_ANOMALY
425,BB-MKT-00821,S008,DigitalHub USA,Headphones,Sony,QuietComfort 45,SO-7960-BK,371980509326,0371980509326,Sony QuietComfort 45 Over-ear Wired Headphones,Enjoy crystal-clear audio with the Sony QuietComfort 45. Perfect for music lovers and remote workers.,120.62,0.44,338,https://images.bestbuy.com/marketplace/sony-quietcomfort-45-main.jpg,Type: Over-ear | Connectivity: Wired | ANC: No | Battery_Hours: 36,2024-08-28,2024-08-28,Yes,
426,BB-MKT-00347,S002,EliteGadgets Inc,TVs,Vizio,5-Series 4K,VI-7484-WH,231360272779,0231360272779,"Vizio 55"" 4K UHD Smart TV 5-Series 4K",,282.49,9.85,401,https://images.bestbuy.com/marketplace/vizio-5-series-4k-main.jpg,"Screen_Size: 55"" | Resolution: 4K UHD | Smart_TV: Yes | HDR: Dolby Vision",2025-03-01,2025-03-01,Yes,MISSING_DESCRIPTION
427,BB-MKT-00266,S008,DigitalHub USA,TVs,Vizio,5-Series 4K,VI-2809-BL,197373922878,0197373922878,"Vizio 55"" 4K UHD Smart TV 5-Series 4K",Immerse yourself in stunning visuals with the Vizio 5-Series 4K. Features cutting-edge display technology.,808.29,11.96,261,https://images.bestbuy.com/marketplace/vizio-5-series-4k-main.jpg,"Screen_Size: 55"" | Resolution: 4K UHD | Smart_TV: Yes | HDR: HDR10",2024-08-08,2024-08-08,Yes,
428,BB-MKT-00172,S006,NextGen Devices,Tablets,Samsung,iPad Pro 12.9,SA-7499-SL,473988650640,0473988650640,"Samsung iPad Pro 12.9 8"" 256GB Tablet",Stay productive and entertained with the Samsung iPad Pro 12.9. Powerful performance in a sleek design.,183.07,0.46,230,https://images.bestbuy.com/marketplace/samsung-ipad-pro-12.9-main.jpg,"Storage_GB: 256 | Screen_Size: 8"" | Cellular: Yes | RAM_GB: 12",2025-03-09,2025-03-09,Yes,
429,BB-MKT-00933,S004,ValueTech Store,Headphones,Sennheiser,Momentum 4,SE-4775-WH,694263083161,0694263083161,Sennheiser Momentum 4 Over-ear Both Headphones,Enjoy crystal-clear audio with the Sennheiser Momentum 4. Perfect for music lovers and remote workers.,223.73,0.23,84,https://images.bestbuy.com/marketplace/sennheiser-momentum-4-main.jpg,Type: Over-ear | Connectivity: Both | ANC: Yes | Battery_Hours: 40,2024-10-24,2024-10-24,Yes,
430,BB-MKT-00804,S006,NextGen Devices,TVs,TCL,U8K,TC-2266-WH,188687690576,0188687690576,"TCL 43"" 1080p Full HD Smart TV U8K",Immerse yourself in stunning visuals with the TCL U8K. Features cutting-edge display technology.,2369.26,51.9,322,https://images.bestbuy.com/marketplace/tcl-u8k-main.jpg,"Screen_Size: 43"" | Resolution: 1080p Full HD | Smart_TV: Yes | HDR: Dolby Vision",2025-04-07,2025-04-07,Yes,
431,BB-MKT-00945,S006,NextGen Devices,Tablets,Microsoft,Galaxy Tab S9,MI-3818-BL,485487570495,0485487570495,"Microsoft Galaxy Tab S9 12.9"" 128GB Tablet",Stay productive and entertained with the Microsoft Galaxy Tab S9. Powerful performance in a sleek design.,1134.14,0.5,315,https://images.bestbuy.com/marketplace/microsoft-galaxy-tab-s9-main.jpg,"Storage_GB: 128 | Screen_Size: 12.9"" | Cellular: No | RAM_GB: 12",2025-04-02,2025-04-02,Yes,
432,BB-MKT-00870,S005,ConnectPro Sales,TVs,Sony,Bravia XR,SO-1583-BK,797063242206,0797063242206,"Sony 65"" 4K UHD Smart TV Bravia XR",Immerse yourself in stunning visuals with the Sony Bravia XR. Features cutting-edge display technology.,1588.67,9.61,378,https://images.bestbuy.com/marketplace/sony-bravia-xr-main.jpg,"Screen_Size: 65"" | Resolution: 4K UHD | Smart_TV: No | HDR: Dolby Vision",2025-01-19,2025-01-19,Yes,
433,BB-MKT-00676,S003,PrimeElectronics,Headphones,Apple,Evolve2 85,AP-4441-BL,403440506081,0403440506081,Apple Evolve2 85 On-ear Both Headphones,Enjoy crystal-clear audio with the Apple Evolve2 85. Perfect for music lovers and remote workers.,74.36,0.23,322,https://images.bestbuy.com/marketplace/apple-evolve2-85-main.jpg,Type: On-ear | Connectivity: Both | ANC: No | Battery_Hours: 24,2024-08-31,2024-08-31,Yes,
434,BB-MKT-00290,S002,EliteGadgets Inc,Laptops,Microsoft,Fire HD 10,MI-8300-BL,661793820110,0661793820110,"Microsoft Fire HD 10 8"" 256GB Tablet",Stay productive and entertained with the Microsoft Fire HD 10. Powerful performance in a sleek design.,199.43,0.84,98,https://images.bestbuy.com/marketplace/microsoft-fire-hd-10-main.jpg,"Storage_GB: 256 | Screen_Size: 8"" | Cellular: No | RAM_GB: 16",2024-12-12,2024-12-12,Yes,CATEGORY_MISMATCH
435,BB-MKT-00988,S002,EliteGadgets Inc,Headphones,Apple,QuietComfort 45,AP-6946-SL,172330163470,0172330163470,Apple QuietComfort 45 In-ear Wireless Headphones,Enjoy crystal-clear audio with the Apple QuietComfort 45. Perfect for music lovers and remote workers.,332.39,0.41,243,https://images.bestbuy.com/marketplace/apple-quietcomfort-45-main.jpg,Type: In-ear | Connectivity: Wireless | ANC: Yes | Battery_Hours: 30,2024-12-21,2024-12-21,Yes,
436,BB-MKT-00810,S007,SmartBuy Co,Tablets,Microsoft,Galaxy Tab S9,MI-6515-BK,469878415874,0469878415874,"Microsoft Galaxy Tab S9 12.9"" 512GB Tablet",Stay productive and entertained with the Microsoft Galaxy Tab S9. Powerful performance in a sleek design.,1292.25,0.33,378,https://images.bestbuy.com/marketplace/microsoft-galaxy-tab-s9-main.jpg,"Storage_GB: 512 | Screen_Size: 12.9"" | Cellular: Yes | RAM_GB: 8",2024-12-29,2024-12-29,Yes,
437,BB-MKT-00161,S001,TechDirect LLC,Headphones,JBL,Evolve2 85,JB-4555-BL,981276450865,0981276450865,JBL Evolve2 85 In-ear Both Headphones,Enjoy crystal-clear audio with the JBL Evolve2 85. Perfect for music lovers and remote workers.,137.62,0.43,155,https://images.bestbuy.com/marketplace/jbl-evolve2-85-main.jpg,Type: In-ear | Connectivity: Both | ANC: Yes | Battery_Hours: 20,2024-07-08,2024-07-08,Yes,
438,BB-MKT-00117,S006,NextGen Devices,Smart Home,Ring,Hue Starter Kit,RI-3956-SL,763274407218,0763274407218,Ring Hue Starter Kit Smart Home Device,Transform your home with the Ring Hue Starter Kit. Easy setup and seamless smart home integration.,179.97,0.21,338,https://images.bestbuy.com/marketplace/ring-hue-starter-kit-main.jpg,Connectivity: Wi-Fi | Voice_Assistant: None | Power: Battery,2024-11-29,2024-11-29,Yes,
439,BB-MKT-00263,S005,ConnectPro Sales,Smart Home,Wyze,Echo Show 10,WY-1790-BK,125065944579,0125065944579,Wyze Echo Show 10 Smart Home Device,Transform your home with the Wyze Echo Show 10. Easy setup and seamless smart home integration.,224.88,0.63,280,https://images.bestbuy.com/marketplace/wyze-echo-show-10-main.jpg,Connectivity: Wi-Fi | Voice_Assistant: Alexa | Power: USB-C,2024-11-07,2024-11-07,Yes,
440,BB-MKT-00992,S003,PrimeElectronics,Smart Home,Ring,Ultra 2,RI-6254-SL,317621285036,0317621285036,Ring Ultra 2 Smart Home Device,Transform your home with the Ring Ultra 2. Easy setup and seamless smart home integration.,363.36,1.43,42,https://images.bestbuy.com/marketplace/ring-ultra-2-main.jpg,Connectivity: Bluetooth | Voice_Assistant: Google Assistant | Power: Battery,2024-12-29,2024-12-29,Yes,
441,BB-MKT-00848,S003,PrimeElectronics,TVs,Samsung,5-Series 4K,SA-6148-BK,167476474012,0167476474012,"Samsung 43"" 4K UHD Smart TV 5-Series 4K",Immerse yourself in stunning visuals with the Samsung 5-Series 4K. Features cutting-edge display technology.,3466.09,20.21,436,https://images.bestbuy.com/marketplace/samsung-5-series-4k-main.jpg,"Screen_Size: 43"" | Resolution: 4K UHD | Smart_TV: No | HDR: HDR10+",2024-10-08,2024-10-08,Yes,
442,BB-MKT-00139,S004,ValueTech Store,Smart Home,Ring,Ultra 2,RI-8531-SL,293087493940,0293087493940,Ring Ultra 2 Smart Home Device,Transform your home with the Ring Ultra 2. Easy setup and seamless smart home integration.,285.75,1.05,444,https://images.bestbuy.com/marketplace/ring-ultra-2-main.jpg,Connectivity: Bluetooth | Voice_Assistant: None | Power: Wired,2024-11-13,2024-11-13,Yes,
443,BB-MKT-00138,S002,EliteGadgets Inc,TVs,Samsung,5-Series 4K,SA-7723-BL,326303975452,0326303975452,"Samsung 55"" 8K Smart TV 5-Series 4K",Immerse yourself in stunning visuals with the Samsung 5-Series 4K. Features cutting-edge display technology.,3522.07,40.38,31,https://images.bestbuy.com/marketplace/samsung-5-series-4k-main.jpg,"Screen_Size: 55"" | Resolution: 8K | Smart_TV: Yes | HDR: Dolby Vision",2024-09-09,2024-09-09,Yes,
444,BB-MKT-00323,S006,NextGen Devices,Smart Home,Lenovo,Fire HD 10,LE-4610-WH,516901971065,0516901971065,"Lenovo Fire HD 10 12.4"" 64GB Tablet",Stay productive and entertained with the Lenovo Fire HD 10. Powerful performance in a sleek design.,1069.19,0.55,180,https://images.bestbuy.com/marketplace/lenovo-fire-hd-10-main.jpg,"Storage_GB: 64 | Screen_Size: 12.4"" | Cellular: Yes | RAM_GB: 8",2025-03-22,2025-03-22,Yes,CATEGORY_MISMATCH
445,BB-MKT-00129,S002,EliteGadgets Inc,Laptops,HP,VivoBook 16,HP-3353-SL,767181046830,0767181046830,"HP VivoBook 16 16"" Laptop - 64GB RAM 512GB SSD",Experience premium performance with the HP VivoBook 16. Designed for professionals and students alike.,2208.12,1.71,440,https://images.bestbuy.com/marketplace/hp-vivobook-16-main.jpg,"RAM_GB: 64 | Storage_GB: 512 | Screen_Size: 16"" | Processor: Intel i7",2024-12-24,2024-12-24,Yes,
446,BB-MKT-00897,S002,EliteGadgets Inc,TVs,Vizio,QLED 4K,VI-4996-BL,350000305528,0350000305528,"Vizio 50"" 1080p Full HD Smart TV QLED 4K",Immerse yourself in stunning visuals with the Vizio QLED 4K. Features cutting-edge display technology.,1990.02,31.63,400,https://images.bestbuy.com/marketplace/vizio-qled-4k-main.jpg,"Screen_Size: 50"" | Resolution: 1080p Full HD | Smart_TV: No | HDR: HDR10",2024-07-27,2024-07-27,Yes,
447,BB-MKT-00324,S001,TechDirect LLC,Headphones,Bose,AirPods Max,BO-6142-SL,620457633259,0620457633259,Bose AirPods Max Over-ear Wired Headphones,Enjoy crystal-clear audio with the Bose AirPods Max. Perfect for music lovers and remote workers.,142.65,0.34,93,https://images.bestbuy.com/marketplace/bose-airpods-max-main.jpg,Type: Over-ear | Connectivity: Wired | ANC: No | Battery_Hours: 20,2024-10-06,2024-10-06,Yes,
448,BB-MKT-00316,S008,DigitalHub USA,Headphones,Apple,Momentum 4,AP-4764-BL,231680617183,0231680617183,Apple Momentum 4 On-ear Both Headphones,,436.22,0.44,51,https://images.bestbuy.com/marketplace/apple-momentum-4-main.jpg,Type: On-ear | Connectivity: Both | ANC: No | Battery_Hours: 24,2024-10-18,2024-10-18,Yes,MISSING_DESCRIPTION
449,BB-MKT-00265,S002,EliteGadgets Inc,Headphones,Sony,Studio Pro,SO-5308-WH,955556408971,0955556408971,Sony Studio Pro Over-ear Wired Headphones,Enjoy crystal-clear audio with the Sony Studio Pro. Perfect for music lovers and remote workers.,215.12,0.3,82,https://images.bestbuy.com/marketplace/sony-studio-pro-main.jpg,Type: Over-ear | Connectivity: Wired | ANC: Yes | Battery_Hours: 40,2024-07-21,2024-07-21,Yes,
450,BB-MKT-00584,S002,EliteGadgets Inc,TVs,Sony,5-Series 4K,SO-4262-WH,134253692541,0134253692541,"Sony 50"" 1080p Full HD Smart TV 5-Series 4K",Immerse yourself in stunning visuals with the Sony 5-Series 4K. Features cutting-edge display technology.,1314.38,17.63,134,https://images.bestbuy.com/marketplace/sony-5-series-4k-main.jpg,"Screen_Size: 50"" | Resolution: 1080p Full HD | Smart_TV: No | HDR: HDR10",2024-09-28,2024-09-28,Yes,
451,BB-MKT-00176,S004,ValueTech Store,Smart Home,Wyze,Nest Hub Max,WY-5397-BL,431867479962,0431867479962,Wyze Nest Hub Max Smart Home Device,Transform your home with the Wyze Nest Hub Max. Easy setup and seamless smart home integration.,97.59,0.33,141,https://images.bestbuy.com/marketplace/wyze-nest-hub-max-main.jpg,Connectivity: Bluetooth | Voice_Assistant: Google Assistant | Power: Battery,2025-02-01,2025-02-01,Yes,
452,BB-MKT-00251,S007,SmartBuy Co,Tablets,Microsoft,Tab P12 Pro,MI-7506-BK,674139185700,0674139185700,"Microsoft Tab P12 Pro 10.1"" 256GB Tablet",Stay productive and entertained with the Microsoft Tab P12 Pro. Powerful performance in a sleek design.,157.45,0.9,494,https://images.bestbuy.com/marketplace/microsoft-tab-p12-pro-main.jpg,"Storage_GB: 256 | Screen_Size: 10.1"" | Cellular: No | RAM_GB: 8",2025-01-08,2025-01-08,Yes,
453,BB-MKT-00355,S008,DigitalHub USA,Laptops,Lenovo,Aspire 5,LE-1666-BK,680962254427,0680962254427,"Lenovo Aspire 5 13.3"" Laptop - 64GB RAM 512GB SSD",Experience premium performance with the Lenovo Aspire 5. Designed for professionals and students alike.,2151.36,1.32,110,https://images.bestbuy.com/marketplace/lenovo-aspire-5-main.jpg,"RAM_GB: 64 | Storage_GB: 512 | Screen_Size: 13.3"" | Processor: Apple M2",2025-03-23,2025-03-23,Yes,
454,BB-MKT-00047,S008,DigitalHub USA,Headphones,Bose,Tour One,BO-5526-BK,871359612234,0871359612234,Bose Tour One Over-ear Wired Headphones,Enjoy crystal-clear audio with the Bose Tour One. Perfect for music lovers and remote workers.,297.65,0.25,123,https://images.bestbuy.com/marketplace/bose-tour-one-main.jpg,Type: Over-ear | Connectivity: Wired | ANC: No | Battery_Hours: 30,2025-01-25,2025-01-25,Yes,
455,BB-MKT-00173,S004,ValueTech Store,Headphones,Sennheiser,Tour One,SE-5839-WH,781921266516,0781921266516,Sennheiser Tour One On-ear Wireless Headphones,Enjoy crystal-clear audio with the Sennheiser Tour One. Perfect for music lovers and remote workers.,399.82,0.22,78,https://images.bestbuy.com/marketplace/sennheiser-tour-one-main.jpg,Type: On-ear | Connectivity: Wireless | ANC: No | Battery_Hours: 20,2025-01-11,2025-01-11,Yes,
456,BB-MKT-00474,S008,DigitalHub USA,Smart Home,Wyze,Hue Starter Kit,WY-2943-WH,131373380010,0131373380010,Wyze Hue Starter Kit Smart Home Device,Transform your home with the Wyze Hue Starter Kit. Easy setup and seamless smart home integration.,89.5,1.07,352,https://images.bestbuy.com/marketplace/wyze-hue-starter-kit-main.jpg,Connectivity: Z-Wave | Voice_Assistant: Google Assistant | Power: USB-C,2024-10-25,2024-10-25,Yes,
457,BB-MKT-00669,S001,TechDirect LLC,TVs,Vizio,OLED C3,VI-9119-WH,638679502634,0638679502634,"Vizio 65"" 1080p Full HD Smart TV OLED C3",Immerse yourself in stunning visuals with the Vizio OLED C3. Features cutting-edge display technology.,1467.33,41.63,451,https://images.bestbuy.com/marketplace/vizio-oled-c3-main.jpg,"Screen_Size: 65"" | Resolution: 1080p Full HD | Smart_TV: No | HDR: HDR10",2025-01-21,2025-01-21,Yes,
458,BB-MKT-00889,S008,DigitalHub USA,TVs,Sony,QLED 4K,SO-9053-WH,881251095022,0881251095022,"Sony 55"" 1080p Full HD Smart TV QLED 4K",Immerse yourself in stunning visuals with the Sony QLED 4K. Features cutting-edge display technology.,3087.68,23.07,352,https://images.bestbuy.com/marketplace/sony-qled-4k-main.jpg,"Screen_Size: 55"" | Resolution: 1080p Full HD | Smart_TV: Yes | HDR: Dolby Vision",2025-02-13,2025-02-13,Yes,
459,BB-MKT-00790,S001,TechDirect LLC,Headphones,Apple,Momentum 4,AP-8843-BK,536394978982,0536394978982,Apple Momentum 4 In-ear Wireless Headphones,Enjoy crystal-clear audio with the Apple Momentum 4. Perfect for music lovers and remote workers.,370.43,0.22,480,https://images.bestbuy.com/marketplace/apple-momentum-4-main.jpg,Type: In-ear | Connectivity: Wireless | ANC: No | Battery_Hours: 24,2025-04-05,2025-04-05,Yes,
460,BB-MKT-00257,S004,ValueTech Store,Tablets,Apple,Galaxy Tab S9,AP-8496-WH,727010213563,0727010213563,"Apple Galaxy Tab S9 10.1"" 128GB Tablet",Stay productive and entertained with the Apple Galaxy Tab S9. Powerful performance in a sleek design.,492.18,0.73,398,https://images.bestbuy.com/marketplace/apple-galaxy-tab-s9-main.jpg,"Storage_GB: 128 | Screen_Size: 10.1"" | Cellular: No | RAM_GB: 12",2024-08-11,2024-08-11,Yes,DUPLICATE_SKU
461,BB-MKT-00511,S003,PrimeElectronics,Laptops,Lenovo,IdeaPad 5,LE-8506-BK,741537709100,0741537709100,"Lenovo IdeaPad 5 16"" Laptop - 16GB RAM 1024GB SSD",Experience premium performance with the Lenovo IdeaPad 5. Designed for professionals and students alike.,420.67,1.41,165,https://images.bestbuy.com/marketplace/lenovo-ideapad-5-main.jpg,"RAM_GB: 16 | Storage_GB: 1024 | Screen_Size: 16"" | Processor: Intel i7",2025-01-20,2025-01-20,Yes,
462,BB-MKT-00863,S003,PrimeElectronics,Headphones,Beats,QuietComfort 45,BE-9750-BK,532060562529,0532060562529,Beats QuietComfort 45 On-ear Wired Headphones,Enjoy crystal-clear audio with the Beats QuietComfort 45. Perfect for music lovers and remote workers.,209.37,0.37,496,https://images.bestbuy.com/marketplace/beats-quietcomfort-45-main.jpg,Type: On-ear | Connectivity: Wired | ANC: No | Battery_Hours: 36,2025-04-27,2025-04-27,Yes,
463,BB-MKT-00907,S008,DigitalHub USA,Laptops,MSI,MacBook Air,MS-7144-BK,746850871858,0746850871858,"MSI MacBook Air 16"" Laptop - 64GB RAM 1024GB SSD",Experience premium performance with the MSI MacBook Air. Designed for professionals and students alike.,9045.32,2.22,141,https://images.bestbuy.com/marketplace/msi-macbook-air-main.jpg,"RAM_GB: 64 | Storage_GB: 1024 | Screen_Size: 16"" | Processor: Intel i7",2025-04-02,2025-04-02,Yes,PRICE_ANOMALY
464,BB-MKT-00996,S007,SmartBuy Co,Headphones,Bose,AirPods Max,BO-2364-BL,393267415610,0393267415610,Bose AirPods Max In-ear Wired Headphones,Enjoy crystal-clear audio with the Bose AirPods Max. Perfect for music lovers and remote workers.,506.76,0.22,341,https://images.bestbuy.com/marketplace/bose-airpods-max-main.jpg,Type: In-ear | Connectivity: Wired | ANC: Yes | Battery_Hours: 36,2024-12-11,2024-12-11,Yes,
465,BB-MKT-00862,S001,TechDirect LLC,Tablets,Samsung,Surface Pro 9,SA-7165-BL,619316663592,0619316663592,"Samsung Surface Pro 9 12.4"" 64GB Tablet",Stay productive and entertained with the Samsung Surface Pro 9. Powerful performance in a sleek design.,961.16,0.76,49,https://images.bestbuy.com/marketplace/samsung-surface-pro-9-main.jpg,"Storage_GB: 64 | Screen_Size: 12.4"" | Cellular: No | RAM_GB: 6",2025-01-15,2025-01-15,Yes,
466,BB-MKT-00302,S005,ConnectPro Sales,Smart Home,Wyze,Learning Thermostat,WY-5767-WH,747561431258,0747561431258,Wyze Learning Thermostat Smart Home Device,Transform your home with the Wyze Learning Thermostat. Easy setup and seamless smart home integration.,247.41,0.81,203,https://images.bestbuy.com/marketplace/wyze-learning-thermostat-main.jpg,Connectivity: Zigbee | Voice_Assistant: Apple HomeKit | Power: Wired,2025-01-03,2025-01-03,Yes,
467,BB-MKT-00353,S002,EliteGadgets Inc,Laptops,Acer,MacBook Air,AC-4310-BK,138111361296,0138111361296,"Acer MacBook Air 14"" Laptop - 8GB RAM 256GB SSD",Experience premium performance with the Acer MacBook Air. Designed for professionals and students alike.,1418.28,1.36,292,https://images.bestbuy.com/marketplace/acer-macbook-air-main.jpg,"RAM_GB: 8 | Storage_GB: 256 | Screen_Size: 14"" | Processor: Intel i7",2025-01-15,2025-01-15,Yes,
468,BB-MKT-00817,S005,ConnectPro Sales,Laptops,Lenovo,Katana 15,LE-9307-SL,273203643141,0273203643141,"Lenovo Katana 15 14"" Laptop - 8GB RAM 1024GB SSD",Experience premium performance with the Lenovo Katana 15. Designed for professionals and students alike.,978.83,2.21,262,https://images.bestbuy.com/marketplace/lenovo-katana-15-main.jpg,"RAM_GB: 8 | Storage_GB: 1024 | Screen_Size: 14"" | Processor: Intel i5",2024-08-07,2024-08-07,Yes,
469,BB-MKT-00605,S002,EliteGadgets Inc,Laptops,Acer,Katana 15,AC-9291-BK,328718891043,0328718891043,"Acer Katana 15 16"" Laptop - 32GB RAM 512GB SSD",Experience premium performance with the Acer Katana 15. Designed for professionals and students alike.,1369.55,1.32,355,https://images.bestbuy.com/marketplace/acer-katana-15-main.jpg,"RAM_GB: 32 | Storage_GB: 512 | Screen_Size: 16"" | Processor: Intel i7",2025-02-22,2025-02-22,Yes,
470,BB-MKT-00388,S006,NextGen Devices,Laptops,Dell,XPS 15,DE-3906-BL,828474083546,0828474083546,"Dell XPS 15 14"" Laptop - 64GB RAM 256GB SSD",Experience premium performance with the Dell XPS 15. Designed for professionals and students alike.,1972.6,1.78,18,https://images.bestbuy.com/marketplace/dell-xps-15-main.jpg,"RAM_GB: 64 | Storage_GB: 256 | Screen_Size: 14"" | Processor: AMD Ryzen 5",2024-08-17,2024-08-17,Yes,
471,BB-MKT-00521,S001,TechDirect LLC,Laptops,Acer,Aspire 5,AC-7535-BK,362757555627,0362757555627,"Acer Aspire 5 16"" Laptop - 64GB RAM 256GB SSD",Experience premium performance with the Acer Aspire 5. Designed for professionals and students alike.,442.08,1.53,198,https://images.bestbuy.com/marketplace/acer-aspire-5-main.jpg,"RAM_GB: 64 | Storage_GB: 256 | Screen_Size: 16"" | Processor: AMD Ryzen 5",2025-01-23,2025-01-23,Yes,
472,BB-MKT-00829,S007,SmartBuy Co,Smart Home,Arlo,Echo Show 10,AR-5329-BL,208244629239,0208244629239,Arlo Echo Show 10 Smart Home Device,Transform your home with the Arlo Echo Show 10. Easy setup and seamless smart home integration.,205.99,0.7,113,https://images.bestbuy.com/marketplace/arlo-echo-show-10-main.jpg,Connectivity: Z-Wave | Voice_Assistant: Apple HomeKit | Power: Wired,2025-01-25,2025-01-25,Yes,
473,BB-MKT-00738,S004,ValueTech Store,Laptops,Apple,QuietComfort 45,AP-6388-WH,111546128003,0111546128003,Apple QuietComfort 45 On-ear Wireless Headphones,Enjoy crystal-clear audio with the Apple QuietComfort 45. Perfect for music lovers and remote workers.,271.0,0.4,460,https://images.bestbuy.com/marketplace/apple-quietcomfort-45-main.jpg,Type: On-ear | Connectivity: Wireless | ANC: Yes | Battery_Hours: 30,2024-10-28,2024-10-28,Yes,CATEGORY_MISMATCH
474,BB-MKT-00910,S004,ValueTech Store,TVs,Sony,5-Series 4K,SO-5243-SL,843883977052,0843883977052,"Sony 50"" 8K Smart TV 5-Series 4K",Immerse yourself in stunning visuals with the Sony 5-Series 4K. Features cutting-edge display technology.,2512.56,49.04,71,https://images.bestbuy.com/marketplace/sony-5-series-4k-main.jpg,"Screen_Size: 50"" | Resolution: 8K | Smart_TV: No | HDR: Dolby Vision",2024-08-31,2024-08-31,Yes,
475,BB-MKT-00438,S006,NextGen Devices,Smart Home,Google,Learning Thermostat,GO-7162-WH,968012752430,0968012752430,Google Learning Thermostat Smart Home Device,Transform your home with the Google Learning Thermostat. Easy setup and seamless smart home integration.,36.35,0.78,3,https://images.bestbuy.com/marketplace/google-learning-thermostat-main.jpg,Connectivity: Zigbee | Voice_Assistant: Alexa | Power: Battery,2024-07-04,2024-07-04,Yes,
476,BB-MKT-00158,S004,ValueTech Store,Tablets,Microsoft,Surface Pro 9,MI-1768-SL,643553239733,0643553239733,"Microsoft Surface Pro 9 12.9"" 64GB Tablet",Stay productive and entertained with the Microsoft Surface Pro 9. Powerful performance in a sleek design.,1231.82,0.7,402,https://images.bestbuy.com/marketplace/microsoft-surface-pro-9-main.jpg,"Storage_GB: 64 | Screen_Size: 12.9"" | Cellular: Yes | RAM_GB: 12",2025-03-26,2025-03-26,Yes,
477,BB-MKT-00471,S001,TechDirect LLC,Headphones,Apple,Momentum 4,AP-3738-SL,206363530982,0206363530982,Apple Momentum 4 In-ear Wireless Headphones,Enjoy crystal-clear audio with the Apple Momentum 4. Perfect for music lovers and remote workers.,482.67,0.41,350,https://images.bestbuy.com/marketplace/apple-momentum-4-main.jpg,Type: In-ear | Connectivity: Wireless | ANC: Yes | Battery_Hours: 24,2024-12-02,2024-12-02,Yes,
478,BB-MKT-00880,S002,EliteGadgets Inc,Tablets,Samsung,Galaxy Tab S9,SA-7571-BL,275513380246,0275513380246,"Samsung Galaxy Tab S9 12.9"" 64GB Tablet",Stay productive and entertained with the Samsung Galaxy Tab S9. Powerful performance in a sleek design.,553.83,0.43,461,https://images.bestbuy.com/marketplace/samsung-galaxy-tab-s9-main.jpg,"Storage_GB: 64 | Screen_Size: 12.9"" | Cellular: No | RAM_GB: 6",2024-11-20,2024-11-20,Yes,
479,BB-MKT-00634,S008,DigitalHub USA,Smart Home,,Ultra 2,AR-6278-BK,100807174408,0100807174408,Arlo Ultra 2 Smart Home Device,Transform your home with the Arlo Ultra 2. Easy setup and seamless smart home integration.,326.88,1.32,496,https://images.bestbuy.com/marketplace/arlo-ultra-2-main.jpg,Connectivity: Bluetooth | Voice_Assistant: None | Power: USB-C,2024-12-14,2024-12-14,Yes,MISSING_BRAND
480,BB-MKT-00275,S001,TechDirect LLC,TVs,TCL,Bravia XR,TC-8414-BK,502254470187,0502254470187,"TCL 75"" 1080p Full HD Smart TV Bravia XR",Immerse yourself in stunning visuals with the TCL Bravia XR. Features cutting-edge display technology.,614.39,36.99,1,https://images.bestbuy.com/marketplace/tcl-bravia-xr-main.jpg,"Screen_Size: 75"" | Resolution: 1080p Full HD | Smart_TV: No | HDR: HDR10+",2024-12-22,2024-12-22,Yes,
481,BB-MKT-00609,S004,ValueTech Store,Tablets,Apple,Fire HD 10,AP-1076-BK,757355118095,0757355118095,"Apple Fire HD 10 12.4"" 64GB Tablet",Stay productive and entertained with the Apple Fire HD 10. Powerful performance in a sleek design.,1037.27,0.76,475,https://images.bestbuy.com/marketplace/apple-fire-hd-10-main.jpg,"Storage_GB: 64 | Screen_Size: 12.4"" | Cellular: No | RAM_GB: 12",2024-11-05,2024-11-05,Yes,
482,BB-MKT-00156,S001,TechDirect LLC,Tablets,Amazon,iPad Pro 12.9,AM-8314-BK,136910709084,0387324413480,"Amazon iPad Pro 12.9 10.1"" 128GB Tablet",Stay productive and entertained with the Amazon iPad Pro 12.9. Powerful performance in a sleek design.,430.44,0.33,224,https://images.bestbuy.com/marketplace/amazon-ipad-pro-12.9-main.jpg,"Storage_GB: 128 | Screen_Size: 10.1"" | Cellular: Yes | RAM_GB: 4",2024-10-28,2024-10-28,Yes,GTIN_UPC_MISMATCH
483,BB-MKT-00175,S007,SmartBuy Co,Laptops,Dell,XPS 15,DE-6315-BL,961562037738,0961562037738,"Dell XPS 15 13.3"" Laptop - 32GB RAM 1024GB SSD",Experience premium performance with the Dell XPS 15. Designed for professionals and students alike.,424.92,1.86,398,https://images.bestbuy.com/marketplace/dell-xps-15-main.jpg,"RAM_GB: 32 | Storage_GB: 1024 | Screen_Size: 13.3"" | Processor: Apple M2",2024-08-13,2024-08-13,Yes,
484,BB-MKT-00470,S003,PrimeElectronics,Smart Home,Amazon,Nest Hub Max,AM-3675-BK,491423980803,0491423980803,Amazon Nest Hub Max Smart Home Device,Transform your home with the Amazon Nest Hub Max. Easy setup and seamless smart home integration.,157.16,0.69,466,https://images.bestbuy.com/marketplace/amazon-nest-hub-max-main.jpg,Connectivity: Z-Wave | Voice_Assistant: None | Power: USB-C,2024-12-30,2024-12-30,Yes,
485,BB-MKT-00414,S003,PrimeElectronics,Tablets,Amazon,Tab P12 Pro,AM-1121-BL,564654434392,0564654434392,"Amazon Tab P12 Pro 12.4"" 512GB Tablet",Stay productive and entertained with the Amazon Tab P12 Pro. Powerful performance in a sleek design.,1122.82,0.44,256,https://images.bestbuy.com/marketplace/amazon-tab-p12-pro-main.jpg,"Storage_GB: 512 | Screen_Size: 12.4"" | Cellular: No | RAM_GB: 6",2024-11-15,2024-11-15,Yes,
486,BB-MKT-00333,S003,PrimeElectronics,Headphones,Apple,AirPods Max,AP-7243-SL,189720288214,0189720288214,Apple AirPods Max In-ear Both Headphones,Enjoy crystal-clear audio with the Apple AirPods Max. Perfect for music lovers and remote workers.,270.15,0.44,444,https://images.bestbuy.com/marketplace/apple-airpods-max-main.jpg,Type: In-ear | Connectivity: Both | ANC: No | Battery_Hours: 36,2024-09-24,2024-09-24,Yes,
487,BB-MKT-00924,S007,SmartBuy Co,Laptops,Acer,VivoBook 16,AC-7879-BK,199740735655,0199740735655,"Acer VivoBook 16 13.3"" Laptop - 16GB RAM 256GB SSD",Experience premium performance with the Acer VivoBook 16. Designed for professionals and students alike.,635.06,1.96,212,https://images.bestbuy.com/marketplace/acer-vivobook-16-main.jpg,"RAM_GB: 16 | Storage_GB: 256 | Screen_Size: 13.3"" | Processor: Intel i5",2025-04-01,2025-04-01,Yes,
488,BB-MKT-00144,S004,ValueTech Store,Headphones,Apple,AirPods Max,AP-1611-WH,685112930413,0685112930413,Apple AirPods Max In-ear Wireless Headphones,Enjoy crystal-clear audio with the Apple AirPods Max. Perfect for music lovers and remote workers.,246.3,0.41,478,https://images.bestbuy.com/marketplace/apple-airpods-max-main.jpg,Type: In-ear | Connectivity: Wireless | ANC: Yes | Battery_Hours: 40,2024-07-19,2024-07-19,Yes,
489,BB-MKT-00586,S006,NextGen Devices,TVs,Sony,5-Series 4K,SO-2941-WH,171772950004,0171772950004,"Sony 50"" 8K Smart TV 5-Series 4K",Immerse yourself in stunning visuals with the Sony 5-Series 4K. Features cutting-edge display technology.,3559.21,13.75,97,https://images.bestbuy.com/marketplace/sony-5-series-4k-main.jpg,"Screen_Size: 50"" | Resolution: 8K | Smart_TV: No | HDR: HDR10+",2024-10-07,2024-10-07,Yes,
490,BB-MKT-00623,S006,NextGen Devices,Tablets,Lenovo,Surface Pro 9,LE-4182-BL,278522929538,0157826493810,,Stay productive and entertained with the Lenovo Surface Pro 9. Powerful performance in a sleek design.,1249.66,0.76,384,https://images.bestbuy.com/marketplace/lenovo-surface-pro-9-main.jpg,"Storage_GB: 64 | Screen_Size: 12.4"" | Cellular: Yes | RAM_GB: 4",2024-12-26,2024-12-26,Yes,GTIN_UPC_MISMATCH
491,BB-MKT-00578,S008,DigitalHub USA,Smart Home,Ring,Cam OG,RI-2106-WH,752887808032,0752887808032,Ring Cam OG Smart Home Device,Transform your home with the Ring Cam OG. Easy setup and seamless smart home integration.,454.05,0.28,260,https://images.bestbuy.com/marketplace/ring-cam-og-main.jpg,Connectivity: Zigbee | Voice_Assistant: Alexa | Power: Battery,2024-11-09,2024-11-09,Yes,
492,BB-MKT-00021,S008,DigitalHub USA,Smart Home,Wyze,Echo Show 10,WY-6718-BK,242872947887,0242872947887,Wyze Echo Show 10 Smart Home Device,Transform your home with the Wyze Echo Show 10. Easy setup and seamless smart home integration.,442.26,0.62,80,https://images.bestbuy.com/marketplace/wyze-echo-show-10-main.jpg,Connectivity: Wi-Fi | Voice_Assistant: Google Assistant | Power: USB-C,2025-02-10,2025-02-10,Yes,
493,BB-MKT-00524,S004,ValueTech Store,TVs,TCL,U8K,TC-2297-BL,578752355883,0916502186470,"TCL 85"" 1080p Full HD Smart TV U8K - EXTREMELY DETAILED SPEC DESCRIPTION THAT GOES WAY BEYOND THE ALLOWED CHARACTER LIMIT FOR BEST BUY MARKETPLACE LISTINGS",Immerse yourself in stunning visuals with the TCL U8K. Features cutting-edge display technology.,1375.47,51.3,350,https://images.bestbuy.com/marketplace/tcl-u8k-main.jpg,"Screen_Size: 85"" | Resolution: 1080p Full HD | Smart_TV: Yes | HDR: Dolby Vision",2024-12-01,2024-12-01,Yes,TITLE_TOO_LONG
494,BB-MKT-00855,S001,TechDirect LLC,Smart Home,Nest,Nest Hub Max,NE-5729-WH,991832813429,0923498571838,Nest Nest Hub Max Smart Home Device,Transform your home with the Nest Nest Hub Max. Easy setup and seamless smart home integration.,189.83,1.46,282,https://images.bestbuy.com/marketplace/nest-nest-hub-max-main.jpg,Connectivity: Zigbee | Voice_Assistant: None | Power: Wired,2024-11-15,2024-11-15,Yes,GTIN_UPC_MISMATCH
495,BB-MKT-00535,S003,PrimeElectronics,Headphones,Jabra,Evolve2 85,JA-4394-SL,279720893379,0279720893379,Jabra Evolve2 85 On-ear Wired Headphones,Enjoy crystal-clear audio with the Jabra Evolve2 85. Perfect for music lovers and remote workers.,388.16,0.22,247,https://images.bestbuy.com/marketplace/jabra-evolve2-85-main.jpg,Type: On-ear | Connectivity: Wired | ANC: No | Battery_Hours: 36,2024-09-05,2024-09-05,Yes,
496,BB-MKT-00559,S005,ConnectPro Sales,Laptops,Dell,XPS 15,DE-2468-WH,942911188322,0942911188322,"Dell XPS 15 14"" Laptop - 16GB RAM 512GB SSD",Experience premium performance with the Dell XPS 15. Designed for professionals and students alike.,1043.27,1.85,86,https://images.bestbuy.com/marketplace/dell-xps-15-main.jpg,"RAM_GB: 16 | Storage_GB: 512 | Screen_Size: 14"" | Processor: Intel i7",2024-07-31,2024-07-31,Yes,
497,BB-MKT-00824,S005,ConnectPro Sales,Tablets,Lenovo,Galaxy Tab S9,LE-6401-WH,772649018684,0772649018684,"Lenovo Galaxy Tab S9 12.9"" 128GB Tablet",Stay productive and entertained with the Lenovo Galaxy Tab S9. Powerful performance in a sleek design.,844.71,0.31,369,https://images.bestbuy.com/marketplace/lenovo-galaxy-tab-s9-main.jpg,"Storage_GB: 128 | Screen_Size: 12.9"" | Cellular: Yes | RAM_GB: 4",2024-07-11,2024-07-11,Yes,
498,BB-MKT-00361,S004,ValueTech Store,Laptops,Apple,IdeaPad 5,AP-5921-BK,753244614485,0753244614485,"Apple IdeaPad 5 16"" Laptop - 64GB RAM 256GB SSD",Experience premium performance with the Apple IdeaPad 5. Designed for professionals and students alike.,1933.66,2.12,40,https://images.bestbuy.com/marketplace/apple-ideapad-5-main.jpg,"RAM_GB: 64 | Storage_GB: 256 | Screen_Size: 16"" | Processor: Apple M2",2024-07-29,2024-07-29,Yes,
499,BB-MKT-00525,S004,ValueTech Store,Smart Home,Nest,Video Doorbell Pro 2,NE-9366-BL,218169215563,0218169215563,Nest Video Doorbell Pro 2 Smart Home Device,Transform your home with the Nest Video Doorbell Pro 2. Easy setup and seamless smart home integration.,223.12,0.75,368,https://images.bestbuy.com/marketplace/nest-video-doorbell-pro-2-main.jpg,Connectivity: Wi-Fi | Voice_Assistant: Alexa | Power: Battery,2025-04-18,2025-04-18,Yes,
500,BB-MKT-00923,S001,TechDirect LLC,Tablets,Samsung,Surface Pro 9,SA-1423-SL,131443767973,0131443767973,"Samsung Surface Pro 9 11"" 512GB Tablet",Stay productive and entertained with the Samsung Surface Pro 9. Powerful performance in a sleek design.,181.77,0.58,376,https://images.bestbuy.com/marketplace/samsung-surface-pro-9-main.jpg,"Storage_GB: 512 | Screen_Size: 11"" | Cellular: No | RAM_GB: 16",2024-09-12,2024-09-12,Yes,
501,BB-MKT-00034,S008,DigitalHub USA,Tablets,Amazon,Galaxy Tab S9,AM-1090-BK,817893352516,0817893352516,"Amazon Galaxy Tab S9 12.4"" 512GB Tablet",Stay productive and entertained with the Amazon Galaxy Tab S9. Powerful performance in a sleek design.,1044.18,0.43,411,https://images.bestbuy.com/marketplace/amazon-galaxy-tab-s9-main.jpg,"Storage_GB: 512 | Screen_Size: 12.4"" | Cellular: No | RAM_GB: 6",2025-03-23,2025-03-23,Yes,
502,BB-MKT-00732,S005,ConnectPro Sales,Laptops,HP,MacBook Air,HP-9953-BK,759767127670,0759767127670,"HP MacBook Air 15.6"" Laptop - 8GB RAM 256GB SSD",Experience premium performance with the HP MacBook Air. Designed for professionals and students alike.,731.62,2.39,474,https://images.bestbuy.com/marketplace/hp-macbook-air-main.jpg,"RAM_GB: 8 | Storage_GB: 256 | Screen_Size: 15.6"" | Processor: AMD Ryzen 5",2024-09-01,2024-09-01,Yes,
503,BB-MKT-00016,S007,SmartBuy Co,TVs,Sony,5-Series 4K,SO-9856-BK,151960122341,0151960122341,"Sony 50"" 4K UHD Smart TV 5-Series 4K",Immerse yourself in stunning visuals with the Sony 5-Series 4K. Features cutting-edge display technology.,3882.74,48.76,434,https://images.bestbuy.com/marketplace/sony-5-series-4k-main.jpg,"Screen_Size: 50"" | Resolution: 4K UHD | Smart_TV: No | HDR: HDR10+",2024-10-30,2024-10-30,Yes,
504,BB-MKT-00570,S001,TechDirect LLC,TVs,Vizio,5-Series 4K,VI-3875-BK,312823296844,0143433687831,"Vizio 43"" 8K Smart TV 5-Series 4K",Immerse yourself in stunning visuals with the Vizio 5-Series 4K. Features cutting-edge display technology.,2454.62,40.82,65,https://images.bestbuy.com/marketplace/vizio-5-series-4k-main.jpg,"Screen_Size: 43"" | Resolution: 8K | Smart_TV: No | HDR: HDR10",2024-11-10,2024-11-10,Yes,GTIN_UPC_MISMATCH
505,BB-MKT-00679,S008,DigitalHub USA,Tablets,Amazon,Fire HD 10,AM-1996-WH,148488704857,0148488704857,"Amazon Fire HD 10 10.1"" 64GB Tablet",Stay productive and entertained with the Amazon Fire HD 10. Powerful performance in a sleek design.,1000.82,0.54,350,https://images.bestbuy.com/marketplace/amazon-fire-hd-10-main.jpg,"Storage_GB: 64 | Screen_Size: 10.1"" | Cellular: No | RAM_GB: 6",2025-03-30,2025-03-30,Yes,
506,BB-MKT-00354,S006,NextGen Devices,Smart Home,Wyze,Ultra 2,WY-2161-BK,766667928028,0766667928028,Wyze Ultra 2 Smart Home Device,Transform your home with the Wyze Ultra 2. Easy setup and seamless smart home integration.,522.89,0.39,251,https://images.bestbuy.com/marketplace/wyze-ultra-2-main.jpg,Connectivity: Z-Wave | Voice_Assistant: Alexa | Power: Wired,2024-08-10,2024-08-10,Yes,DUPLICATE_SKU
507,BB-MKT-00396,S005,ConnectPro Sales,Headphones,Jabra,WH-1000XM5,JA-7088-BL,361464933400,0361464933400,Jabra WH-1000XM5 On-ear Wired Headphones,Enjoy crystal-clear audio with the Jabra WH-1000XM5. Perfect for music lovers and remote workers.,460.32,0.28,268,https://images.bestbuy.com/marketplace/jabra-wh-1000xm5-main.jpg,Type: On-ear | Connectivity: Wired | ANC: Yes | Battery_Hours: 36,2024-12-02,2024-12-02,Yes,
508,BB-MKT-00255,S003,PrimeElectronics,Headphones,Sony,Tour One,SO-2463-WH,818701068874,0818701068874,Sony Tour One Over-ear Both Headphones,Enjoy crystal-clear audio with the Sony Tour One. Perfect for music lovers and remote workers.,213.75,0.39,157,https://images.bestbuy.com/marketplace/sony-tour-one-main.jpg,Type: Over-ear | Connectivity: Both | ANC: No | Battery_Hours: 40,2025-02-01,2025-02-01,Yes,
509,BB-MKT-00861,S001,TechDirect LLC,TVs,LG,OLED C3,LG-2477-WH,577614631113,0577614631113,"LG 55"" 8K Smart TV OLED C3",Immerse yourself in stunning visuals with the LG OLED C3. Features cutting-edge display technology.,827.02,32.44,397,https://images.bestbuy.com/marketplace/lg-oled-c3-main.jpg,"Screen_Size: 55"" | Resolution: 8K | Smart_TV: Yes | HDR: HDR10",2025-01-08,2025-01-08,Yes,
510,BB-MKT-00267,S002,EliteGadgets Inc,Headphones,Jabra,QuietComfort 45,JA-3862-BK,207589275203,0207589275203,Jabra QuietComfort 45 On-ear Wired Headphones,Enjoy crystal-clear audio with the Jabra QuietComfort 45. Perfect for music lovers and remote workers.,472.17,0.29,346,https://images.bestbuy.com/marketplace/jabra-quietcomfort-45-main.jpg,Type: On-ear | Connectivity: Wired | ANC: No | Battery_Hours: 36,2024-12-08,2024-12-08,Yes,
511,BB-MKT-00307,S004,ValueTech Store,TVs,LG,OLED C3,LG-6410-BK,556255863329,0556255863329,"LG 55"" 1080p Full HD Smart TV OLED C3",Immerse yourself in stunning visuals with the LG OLED C3. Features cutting-edge display technology.,2054.69,29.07,107,https://images.bestbuy.com/marketplace/lg-oled-c3-main.jpg,"Screen_Size: 55"" | Resolution: 1080p Full HD | Smart_TV: Yes | HDR: HDR10+",2025-04-29,2025-04-29,Yes,
512,BB-MKT-00687,S002,EliteGadgets Inc,Tablets,Lenovo,iPad Pro 12.9,LE-2369-SL,947175182116,0947175182116,"Lenovo iPad Pro 12.9 8"" 64GB Tablet",Stay productive and entertained with the Lenovo iPad Pro 12.9. Powerful performance in a sleek design.,313.03,0.68,6,https://images.bestbuy.com/marketplace/lenovo-ipad-pro-12.9-main.jpg,"Storage_GB: 64 | Screen_Size: 8"" | Cellular: Yes | RAM_GB: 6",2024-07-05,2024-07-05,Yes,
513,BB-MKT-00162,S004,ValueTech Store,TVs,Vizio,QLED 4K,VI-4350-BL,875689998101,0875689998101,"Vizio 85"" 8K Smart TV QLED 4K",Immerse yourself in stunning visuals with the Vizio QLED 4K. Features cutting-edge display technology.,3680.72,32.29,397,https://images.bestbuy.com/marketplace/vizio-qled-4k-main.jpg,"Screen_Size: 85"" | Resolution: 8K | Smart_TV: Yes | HDR: HDR10+",2024-11-22,2024-11-22,Yes,
514,BB-MKT-00528,S002,EliteGadgets Inc,Tablets,Amazon,iPad Pro 12.9,AM-8817-BL,817997136149,0817997136149,"Amazon iPad Pro 12.9 12.4"" 64GB Tablet",Stay productive and entertained with the Amazon iPad Pro 12.9. Powerful performance in a sleek design.,944.58,0.82,494,https://images.bestbuy.com/marketplace/amazon-ipad-pro-12.9-main.jpg,"Storage_GB: 64 | Screen_Size: 12.4"" | Cellular: Yes | RAM_GB: 4",2025-03-07,2025-03-07,Yes,
515,BB-MKT-00548,S004,ValueTech Store,Headphones,Apple,AirPods Max,AP-5057-BK,909685802897,0909685802897,Apple AirPods Max In-ear Both Headphones,Enjoy crystal-clear audio with the Apple AirPods Max. Perfect for music lovers and remote workers.,199.48,0.35,421,https://images.bestbuy.com/marketplace/apple-airpods-max-main.jpg,Type: In-ear | Connectivity: Both | ANC: Yes | Battery_Hours: 36,2025-01-01,2025-01-01,Yes,
516,BB-MKT-00541,S003,PrimeElectronics,Laptops,Lenovo,IdeaPad 5,LE-9677-BL,927868717083,0927868717083,"Lenovo IdeaPad 5 14"" Laptop - 64GB RAM 512GB SSD",Experience premium performance with the Lenovo IdeaPad 5. Designed for professionals and students alike.,2052.15,1.42,219,https://images.bestbuy.com/marketplace/lenovo-ideapad-5-main.jpg,"RAM_GB: 64 | Storage_GB: 512 | Screen_Size: 14"" | Processor: Intel i7",2025-01-28,2025-01-28,Yes,
517,BB-MKT-00657,S005,ConnectPro Sales,TVs,LG,Bravia XR,LG-3023-WH,959444442469,0959444442469,"LG 43"" 4K UHD Smart TV Bravia XR",Immerse yourself in stunning visuals with the LG Bravia XR. Features cutting-edge display technology.,2223.28,46.52,301,https://images.bestbuy.com/marketplace/lg-bravia-xr-main.jpg,"Screen_Size: 43"" | Resolution: 4K UHD | Smart_TV: No | HDR: HDR10",2025-03-08,2025-03-08,Yes,
518,BB-MKT-00461,S003,PrimeElectronics,Laptops,Apple,Aspire 5,AP-3409-BL,421675773769,0421675773769,"Apple Aspire 5 15.6"" Laptop - 32GB RAM 1024GB SSD",Experience premium performance with the Apple Aspire 5. Designed for professionals and students alike.,1110.24,1.38,245,https://images.bestbuy.com/marketplace/apple-aspire-5-main.jpg,"RAM_GB: 32 | Storage_GB: 1024 | Screen_Size: 15.6"" | Processor: AMD Ryzen 7",2024-07-21,2024-07-21,Yes,
519,BB-MKT-00568,S006,NextGen Devices,Tablets,Amazon,Surface Pro 9,AM-4161-BL,505714175125,0505714175125,"Amazon Surface Pro 9 10.1"" 512GB Tablet",Stay productive and entertained with the Amazon Surface Pro 9. Powerful performance in a sleek design.,159.77,0.75,388,https://images.bestbuy.com/marketplace/amazon-surface-pro-9-main.jpg,"Storage_GB: 512 | Screen_Size: 10.1"" | Cellular: Yes | RAM_GB: 4",2024-11-21,2024-11-21,Yes,
520,BB-MKT-00583,S004,ValueTech Store,TVs,Amazon,Galaxy Tab S9,AM-4018-BK,538968491232,0538968491232,"Amazon Galaxy Tab S9 12.4"" 128GB Tablet",Stay productive and entertained with the Amazon Galaxy Tab S9. Powerful performance in a sleek design.,566.24,0.34,15,https://images.bestbuy.com/marketplace/amazon-galaxy-tab-s9-main.jpg,"Storage_GB: 128 | Screen_Size: 12.4"" | Cellular: No | RAM_GB: 12",2025-04-11,2025-04-11,Yes,CATEGORY_MISMATCH
521,BB-MKT-00198,S005,ConnectPro Sales,Headphones,Beats,AirPods Max,BE-6631-BK,636237071797,0636237071797,Beats AirPods Max On-ear Both Headphones,Enjoy crystal-clear audio with the Beats AirPods Max. Perfect for music lovers and remote workers.,52.89,0.36,428,https://images.bestbuy.com/marketplace/beats-airpods-max-main.jpg,Type: On-ear | Connectivity: Both | ANC: Yes | Battery_Hours: 40,2025-02-21,2025-02-21,Yes,
522,BB-MKT-00672,S004,ValueTech Store,Tablets,Samsung,Tab P12 Pro,SA-3436-WH,794028903007,0794028903007,"Samsung Tab P12 Pro 12.9"" 64GB Tablet",Stay productive and entertained with the Samsung Tab P12 Pro. Powerful performance in a sleek design.,287.53,0.54,140,https://images.bestbuy.com/marketplace/samsung-tab-p12-pro-main.jpg,"Storage_GB: 64 | Screen_Size: 12.9"" | Cellular: Yes | RAM_GB: 6",2024-10-07,2024-10-07,Yes,
523,BB-MKT-00793,S001,TechDirect LLC,TVs,Vizio,5-Series 4K,VI-5554-BL,396497725120,0396497725120,"Vizio 85"" 8K Smart TV 5-Series 4K",Immerse yourself in stunning visuals with the Vizio 5-Series 4K. Features cutting-edge display technology.,1375.55,50.46,30,https://images.bestbuy.com/marketplace/vizio-5-series-4k-main.jpg,"Screen_Size: 85"" | Resolution: 8K | Smart_TV: Yes | HDR: HDR10",2024-11-20,2024-11-20,Yes,
524,BB-MKT-00872,S008,DigitalHub USA,Laptops,Dell,IdeaPad 5,DE-2656-BL,898764459927,0898764459927,"Dell IdeaPad 5 14"" Laptop - 32GB RAM 256GB SSD",Experience premium performance with the Dell IdeaPad 5. Designed for professionals and students alike.,1475.53,2.36,172,https://images.bestbuy.com/marketplace/dell-ideapad-5-main.jpg,"RAM_GB: 32 | Storage_GB: 256 | Screen_Size: 14"" | Processor: Apple M2",2024-12-02,2024-12-02,Yes,
525,BB-MKT-00836,S001,TechDirect LLC,Headphones,Sony,Tour One,SO-7088-WH,775694503412,0775694503412,Sony Tour One On-ear Both Headphones,Enjoy crystal-clear audio with the Sony Tour One. Perfect for music lovers and remote workers.,102.59,0.33,104,https://images.bestbuy.com/marketplace/sony-tour-one-main.jpg,Type: On-ear | Connectivity: Both | ANC: No | Battery_Hours: 40,2025-01-07,2025-01-07,Yes,
526,BB-MKT-00850,S004,ValueTech Store,Smart Home,Google,Ultra 2,GO-5514-WH,149149023919,0149149023919, - EXTREMELY DETAILED SPEC DESCRIPTION THAT GOES WAY BEYOND THE ALLOWED CHARACTER LIMIT FOR BEST BUY MARKETPLACE LISTINGS,Transform your home with the Google Ultra 2. Easy setup and seamless smart home integration.,352.7,0.67,325,https://images.bestbuy.com/marketplace/google-ultra-2-main.jpg,Connectivity: Z-Wave | Voice_Assistant: Alexa | Power: Battery,2024-07-02,2024-07-02,Yes,TITLE_TOO_LONG
527,BB-MKT-00875,S007,SmartBuy Co,TVs,Samsung,5-Series 4K,SA-6212-BK,759116166222,0759116166222,"Samsung 85"" 4K UHD Smart TV 5-Series 4K",,1078.96,8.8,166,https://images.bestbuy.com/marketplace/samsung-5-series-4k-main.jpg,"Screen_Size: 85"" | Resolution: 4K UHD | Smart_TV: No | HDR: Dolby Vision",2024-10-22,2024-10-22,Yes,MISSING_DESCRIPTION
528,BB-MKT-00868,S006,NextGen Devices,Laptops,MSI,Pavilion 15,MS-6523-SL,104940875500,0104940875500,"MSI Pavilion 15 16"" Laptop - 64GB RAM 1024GB SSD",Experience premium performance with the MSI Pavilion 15. Designed for professionals and students alike.,813.99,2.5,372,https://images.bestbuy.com/marketplace/msi-pavilion-15-main.jpg,"RAM_GB: 64 | Storage_GB: 1024 | Screen_Size: 16"" | Processor: Intel i5",2025-02-18,2025-02-18,Yes,
529,BB-MKT-00269,S003,PrimeElectronics,Laptops,ASUS,VivoBook 16,AS-3732-BK,562997041133,0562997041133,"ASUS VivoBook 16 16"" Laptop - 64GB RAM 512GB SSD",Experience premium performance with the ASUS VivoBook 16. Designed for professionals and students alike.,677.27,2.36,482,https://images.bestbuy.com/marketplace/asus-vivobook-16-main.jpg,"RAM_GB: 64 | Storage_GB: 512 | Screen_Size: 16"" | Processor: AMD Ryzen 7",2024-09-20,2024-09-20,Yes,
530,BB-MKT-00231,S005,ConnectPro Sales,Headphones,Bose,QuietComfort 45,BO-6213-WH,297707578443,0297707578443,Bose QuietComfort 45 In-ear Wireless Headphones,Enjoy crystal-clear audio with the Bose QuietComfort 45. Perfect for music lovers and remote workers.,361.62,0.23,0,https://images.bestbuy.com/marketplace/bose-quietcomfort-45-main.jpg,Type: In-ear | Connectivity: Wireless | ANC: No | Battery_Hours: 40,2024-09-11,2023-12-19,Yes,STALE_LISTING
531,BB-MKT-00912,S004,ValueTech Store,Headphones,Sennheiser,AirPods Max,SE-2840-WH,957096331940,0957096331940,Sennheiser AirPods Max In-ear Wireless Headphones,Enjoy crystal-clear audio with the Sennheiser AirPods Max. Perfect for music lovers and remote workers.,398.73,0.41,44,https://images.bestbuy.com/marketplace/sennheiser-airpods-max-main.jpg,Type: In-ear | Connectivity: Wireless | ANC: Yes | Battery_Hours: 40,2025-04-20,2025-04-20,Yes,DUPLICATE_SKU
532,BB-MKT-00621,S008,DigitalHub USA,Laptops,MSI,VivoBook 16,MS-3878-SL,269810971021,0269810971021,"MSI VivoBook 16 15.6"" Laptop - 64GB RAM 256GB SSD",Experience premium performance with the MSI VivoBook 16. Designed for professionals and students alike.,1197.95,1.69,145,https://images.bestbuy.com/marketplace/msi-vivobook-16-main.jpg,"RAM_GB: 64 | Storage_GB: 256 | Screen_Size: 15.6"" | Processor: Apple M2",2025-01-09,2025-01-09,Yes,
533,BB-MKT-00253,S004,ValueTech Store,TVs,Hisense,OLED C3,HI-3292-BK,848696919795,0848696919795,"Hisense 43"" 1080p Full HD Smart TV OLED C3",Immerse yourself in stunning visuals with the Hisense OLED C3. Features cutting-edge display technology.,2706.75,51.89,132,https://images.bestbuy.com/marketplace/hisense-oled-c3-main.jpg,"Screen_Size: 43"" | Resolution: 1080p Full HD | Smart_TV: No | HDR: HDR10+",2025-01-31,2025-01-31,Yes,
534,BB-MKT-00624,S008,DigitalHub USA,Headphones,Jabra,WH-1000XM5,JA-1565-SL,625026907757,0625026907757,Jabra WH-1000XM5 In-ear Wired Headphones,Enjoy crystal-clear audio with the Jabra WH-1000XM5. Perfect for music lovers and remote workers.,357.1,0.37,357,https://images.bestbuy.com/marketplace/jabra-wh-1000xm5-main.jpg,Type: In-ear | Connectivity: Wired | ANC: No | Battery_Hours: 24,2024-09-14,2024-09-14,Yes,
535,BB-MKT-00075,S005,ConnectPro Sales,TVs,Sony,5-Series 4K,SO-4696-BL,254942230953,0254942230953,"Sony 55"" 1080p Full HD Smart TV 5-Series 4K",Immerse yourself in stunning visuals with the Sony 5-Series 4K. Features cutting-edge display technology.,3876.26,43.4,187,https://images.bestbuy.com/marketplace/sony-5-series-4k-main.jpg,"Screen_Size: 55"" | Resolution: 1080p Full HD | Smart_TV: No | HDR: HDR10",2024-08-16,2024-08-16,Yes,
536,BB-MKT-00526,S005,ConnectPro Sales,Headphones,Apple,Momentum 4,AP-8583-WH,829029965732,0829029965732,Apple Momentum 4 Over-ear Both Headphones,Enjoy crystal-clear audio with the Apple Momentum 4. Perfect for music lovers and remote workers.,437.81,0.41,23,https://images.bestbuy.com/marketplace/apple-momentum-4-main.jpg,Type: Over-ear | Connectivity: Both | ANC: Yes | Battery_Hours: 20,2024-08-12,2024-08-12,Yes,
537,BB-MKT-00556,S004,ValueTech Store,TVs,Vizio,QLED 4K,VI-2395-WH,235914925910,0235914925910,"Vizio 75"" 1080p Full HD Smart TV QLED 4K",Immerse yourself in stunning visuals with the Vizio QLED 4K. Features cutting-edge display technology.,4293.68,31.84,387,https://images.bestbuy.com/marketplace/vizio-qled-4k-main.jpg,"Screen_Size: 75"" | Resolution: 1080p Full HD | Smart_TV: No | HDR: HDR10+",2024-07-28,2024-07-28,Yes,DUPLICATE_SKU
538,BB-MKT-00070,S002,EliteGadgets Inc,Smart Home,Philips,Learning Thermostat,PH-8555-SL,354017756402,0354017756402,Philips Learning Thermostat Smart Home Device,Transform your home with the Philips Learning Thermostat. Easy setup and seamless smart home integration.,245.0,1.03,460,https://images.bestbuy.com/marketplace/philips-learning-thermostat-main.jpg,Connectivity: Zigbee | Voice_Assistant: None | Power: USB-C,2025-02-24,2025-02-24,Yes,
539,BB-MKT-00832,S004,ValueTech Store,Laptops,HP,VivoBook 16,HP-5129-BL,644461873600,0644461873600,"HP VivoBook 16 14"" Laptop - 64GB RAM 1024GB SSD",Experience premium performance with the HP VivoBook 16. Designed for professionals and students alike.,1053.06,1.74,77,https://images.bestbuy.com/marketplace/hp-vivobook-16-main.jpg,"RAM_GB: 64 | Storage_GB: 1024 | Screen_Size: 14"" | Processor: Intel i5",2024-07-19,2024-07-19,Yes,
540,BB-MKT-00807,S008,DigitalHub USA,Smart Home,Google,Learning Thermostat,GO-9808-WH,241676990874,0241676990874,Google Learning Thermostat Smart Home Device,Transform your home with the Google Learning Thermostat. Easy setup and seamless smart home integration.,393.93,0.67,299,https://images.bestbuy.com/marketplace/google-learning-thermostat-main.jpg,Connectivity: Bluetooth | Voice_Assistant: Google Assistant | Power: USB-C,2024-09-09,2024-09-09,Yes,
541,BB-MKT-00131,S007,SmartBuy Co,TVs,LG,Bravia XR,LG-9163-BL,275076273196,0275076273196,"LG 75"" 1080p Full HD Smart TV Bravia XR",Immerse yourself in stunning visuals with the LG Bravia XR. Features cutting-edge display technology.,2119.35,21.58,11,https://images.bestbuy.com/marketplace/lg-bravia-xr-main.jpg,"Screen_Size: 75"" | Resolution: 1080p Full HD | Smart_TV: No | HDR: HDR10",2024-08-16,2024-08-16,Yes,
542,BB-MKT-00873,S007,SmartBuy Co,Tablets,,Galaxy Tab S9,AP-5275-SL,313862075937,0313862075937,"Apple Galaxy Tab S9 8"" 256GB Tablet",Stay productive and entertained with the Apple Galaxy Tab S9. Powerful performance in a sleek design.,856.92,0.62,406,https://images.bestbuy.com/marketplace/apple-galaxy-tab-s9-main.jpg,"Storage_GB: 256 | Screen_Size: 8"" | Cellular: No | RAM_GB: 4",2024-11-02,2024-11-02,Yes,MISSING_BRAND
543,BB-MKT-00073,S008,DigitalHub USA,Headphones,Beats,Studio Pro,BE-5106-WH,308892683171,0308892683171,Beats Studio Pro Over-ear Both Headphones,Enjoy crystal-clear audio with the Beats Studio Pro. Perfect for music lovers and remote workers.,355.69,0.43,330,https://images.bestbuy.com/marketplace/beats-studio-pro-main.jpg,Type: Over-ear | Connectivity: Both | ANC: No | Battery_Hours: 24,2024-07-21,2024-07-21,Yes,
544,BB-MKT-00663,S004,ValueTech Store,Smart Home,Arlo,Cam OG,AR-9577-WH,941306485636,0941306485636,Arlo Cam OG Smart Home Device,Transform your home with the Arlo Cam OG. Easy setup and seamless smart home integration.,111.16,0.61,68,https://images.bestbuy.com/marketplace/arlo-cam-og-main.jpg,Connectivity: Wi-Fi | Voice_Assistant: None | Power: Battery,2025-03-21,2025-03-21,Yes,
545,BB-MKT-00177,S005,ConnectPro Sales,Tablets,Apple,Surface Pro 9,AP-8501-BK,317396937096,0317396937096,"Apple Surface Pro 9 10.1"" 256GB Tablet",Stay productive and entertained with the Apple Surface Pro 9. Powerful performance in a sleek design.,304.81,0.3,202,https://images.bestbuy.com/marketplace/apple-surface-pro-9-main.jpg,"Storage_GB: 256 | Screen_Size: 10.1"" | Cellular: No | RAM_GB: 16",2024-12-18,2024-12-18,Yes,
546,BB-MKT-00102,S002,EliteGadgets Inc,Headphones,Sony,Momentum 4,SO-3463-SL,765317675836,0765317675836,Sony Momentum 4 In-ear Wired Headphones,Enjoy crystal-clear audio with the Sony Momentum 4. Perfect for music lovers and remote workers.,71.38,0.37,469,https://images.bestbuy.com/marketplace/sony-momentum-4-main.jpg,Type: In-ear | Connectivity: Wired | ANC: No | Battery_Hours: 30,2024-12-27,2024-12-27,Yes,
547,BB-MKT-00423,S004,ValueTech Store,Tablets,Amazon,Surface Pro 9,AM-7408-BL,818356232197,0818356232197,"Amazon Surface Pro 9 11"" 256GB Tablet",Stay productive and entertained with the Amazon Surface Pro 9. Powerful performance in a sleek design.,1023.23,0.75,375,https://images.bestbuy.com/marketplace/amazon-surface-pro-9-main.jpg,"Storage_GB: 256 | Screen_Size: 11"" | Cellular: No | RAM_GB: 4",2025-04-28,2025-04-28,Yes,DUPLICATE_SKU
548,BB-MKT-00929,S003,PrimeElectronics,Tablets,Microsoft,iPad Pro 12.9,MI-8407-WH,544860692989,0544860692989,"Microsoft iPad Pro 12.9 12.4"" 512GB Tablet",Stay productive and entertained with the Microsoft iPad Pro 12.9. Powerful performance in a sleek design.,670.17,0.46,225,https://images.bestbuy.com/marketplace/microsoft-ipad-pro-12.9-main.jpg,"Storage_GB: 512 | Screen_Size: 12.4"" | Cellular: No | RAM_GB: 6",2024-08-30,2024-08-30,Yes,
549,BB-MKT-00580,S005,ConnectPro Sales,Tablets,Wyze,Hue Starter Kit,WY-6618-SL,762750710110,0762750710110,Wyze Hue Starter Kit Smart Home Device,Transform your home with the Wyze Hue Starter Kit. Easy setup and seamless smart home integration.,202.35,0.11,300,https://images.bestbuy.com/marketplace/wyze-hue-starter-kit-main.jpg,Connectivity: Zigbee | Voice_Assistant: Google Assistant | Power: Wired,2024-09-13,2024-09-13,Yes,CATEGORY_MISMATCH
550,BB-MKT-00597,S006,NextGen Devices,TVs,TCL,5-Series 4K,TC-1527-WH,123995789394,0123995789394,"TCL 85"" 8K Smart TV 5-Series 4K",Immerse yourself in stunning visuals with the TCL 5-Series 4K. Features cutting-edge display technology.,825.34,49.92,169,https://images.bestbuy.com/marketplace/tcl-5-series-4k-main.jpg,"Screen_Size: 85"" | Resolution: 8K | Smart_TV: No | HDR: Dolby Vision",2025-04-17,2025-04-17,Yes,
551,BB-MKT-00194,S003,PrimeElectronics,Smart Home,Google,Hue Starter Kit,GO-9720-SL,484700540029,0484700540029,Google Hue Starter Kit Smart Home Device,Transform your home with the Google Hue Starter Kit. Easy setup and seamless smart home integration.,309.52,0.34,360,https://images.bestbuy.com/marketplace/google-hue-starter-kit-main.jpg,Connectivity: Zigbee | Voice_Assistant: Google Assistant | Power: Battery,2024-11-27,2024-11-27,Yes,
552,BB-MKT-00219,S002,EliteGadgets Inc,TVs,Vizio,Bravia XR,VI-2494-WH,260321653017,0260321653017,"Vizio 85"" 1080p Full HD Smart TV Bravia XR",Immerse yourself in stunning visuals with the Vizio Bravia XR. Features cutting-edge display technology.,3880.5,25.43,25,https://images.bestbuy.com/marketplace/vizio-bravia-xr-main.jpg,"Screen_Size: 85"" | Resolution: 1080p Full HD | Smart_TV: Yes | HDR: HDR10",2024-12-01,2024-12-01,Yes,
553,BB-MKT-00949,S007,SmartBuy Co,Laptops,MSI,MacBook Air,MS-8250-BK,349105693240,0349105693240,"MSI MacBook Air 13.3"" Laptop - 32GB RAM 1024GB SSD",Experience premium performance with the MSI MacBook Air. Designed for professionals and students alike.,915.4,1.45,140,https://images.bestbuy.com/marketplace/msi-macbook-air-main.jpg,"RAM_GB: 32 | Storage_GB: 1024 | Screen_Size: 13.3"" | Processor: AMD Ryzen 5",2024-07-14,2024-07-14,Yes,
554,BB-MKT-00957,S007,SmartBuy Co,TVs,Vizio,OLED C3,VI-9109-BK,813091219229,0813091219229,"Vizio 50"" 1080p Full HD Smart TV OLED C3",Immerse yourself in stunning visuals with the Vizio OLED C3. Features cutting-edge display technology.,1493.21,12.14,206,https://images.bestbuy.com/marketplace/vizio-oled-c3-main.jpg,"Screen_Size: 50"" | Resolution: 1080p Full HD | Smart_TV: Yes | HDR: HDR10",2025-04-20,2025-04-20,Yes,
555,BB-MKT-00718,S001,TechDirect LLC,TVs,TCL,OLED C3,TC-9531-BK,389508226161,0389508226161,"TCL 65"" 8K Smart TV OLED C3",Immerse yourself in stunning visuals with the TCL OLED C3. Features cutting-edge display technology.,3954.89,49.51,438,https://images.bestbuy.com/marketplace/tcl-oled-c3-main.jpg,"Screen_Size: 65"" | Resolution: 8K | Smart_TV: Yes | HDR: HDR10+",2024-09-03,2024-09-03,Yes,
556,BB-MKT-00593,S005,ConnectPro Sales,TVs,Samsung,QLED 4K,SA-4221-SL,465932530459,0465932530459,"Samsung 43"" 8K Smart TV QLED 4K",Immerse yourself in stunning visuals with the Samsung QLED 4K. Features cutting-edge display technology.,1186.59,40.79,393,https://images.bestbuy.com/marketplace/samsung-qled-4k-main.jpg,"Screen_Size: 43"" | Resolution: 8K | Smart_TV: Yes | HDR: HDR10+",2024-11-18,2024-11-18,Yes,
557,BB-MKT-00762,S002,EliteGadgets Inc,Laptops,ASUS,IdeaPad 5,AS-3256-SL,375092234595,0375092234595,"ASUS IdeaPad 5 15.6"" Laptop - 8GB RAM 512GB SSD",Experience premium performance with the ASUS IdeaPad 5. Designed for professionals and students alike.,2244.32,2.46,257,https://images.bestbuy.com/marketplace/asus-ideapad-5-main.jpg,"RAM_GB: 8 | Storage_GB: 512 | Screen_Size: 15.6"" | Processor: Intel i5",2025-04-14,2025-04-14,Yes,
558,BB-MKT-00010,S003,PrimeElectronics,Smart Home,Amazon,Hue Starter Kit,AM-3646-BK,939124570476,0939124570476,Amazon Hue Starter Kit Smart Home Device,Transform your home with the Amazon Hue Starter Kit. Easy setup and seamless smart home integration.,310.5,0.78,57,https://images.bestbuy.com/marketplace/amazon-hue-starter-kit-main.jpg,Connectivity: Z-Wave | Voice_Assistant: Google Assistant | Power: Battery,2025-01-02,2025-01-02,Yes,
559,BB-MKT-00544,S005,ConnectPro Sales,Headphones,Apple,WH-1000XM5,AP-4360-BL,806291003905,0806291003905,Apple WH-1000XM5 On-ear Both Headphones,Enjoy crystal-clear audio with the Apple WH-1000XM5. Perfect for music lovers and remote workers.,391.68,0.42,400,https://images.bestbuy.com/marketplace/apple-wh-1000xm5-main.jpg,Type: On-ear | Connectivity: Both | ANC: Yes | Battery_Hours: 36,2025-01-24,2025-01-24,Yes,
560,BB-MKT-00273,S005,ConnectPro Sales,Laptops,Acer,Pavilion 15,AC-8341-BK,587303100704,0302742170531,"Acer Pavilion 15 14"" Laptop - 64GB RAM 512GB SSD",Experience premium performance with the Acer Pavilion 15. Designed for professionals and students alike.,2197.84,1.92,60,https://images.bestbuy.com/marketplace/acer-pavilion-15-main.jpg,"RAM_GB: 64 | Storage_GB: 512 | Screen_Size: 14"" | Processor: Intel i5",2025-03-12,2025-03-12,Yes,GTIN_UPC_MISMATCH
561,BB-MKT-00886,S006,NextGen Devices,TVs,LG,5-Series 4K,LG-7657-BL,847463133860,0847463133860,"LG 85"" 4K UHD Smart TV 5-Series 4K",Immerse yourself in stunning visuals with the LG 5-Series 4K. Features cutting-edge display technology.,3482.13,11.1,213,https://images.bestbuy.com/marketplace/lg-5-series-4k-main.jpg,"Screen_Size: 85"" | Resolution: 4K UHD | Smart_TV: Yes | HDR: HDR10+",2024-11-11,2024-11-11,Yes,
562,BB-MKT-00964,S003,PrimeElectronics,TVs,TCL,OLED C3,TC-2618-BK,627942210356,0627942210356,"TCL 65"" 4K UHD Smart TV OLED C3",Immerse yourself in stunning visuals with the TCL OLED C3. Features cutting-edge display technology.,2737.17,22.1,269,https://images.bestbuy.com/marketplace/tcl-oled-c3-main.jpg,"Screen_Size: 65"" | Resolution: 4K UHD | Smart_TV: No | HDR: HDR10",2025-04-15,2025-04-15,Yes,
563,BB-MKT-00013,S008,DigitalHub USA,Laptops,HP,Pavilion 15,HP-4608-BK,351487177987,0351487177987,"HP Pavilion 15 13.3"" Laptop - 8GB RAM 512GB SSD - EXTREMELY DETAILED SPEC DESCRIPTION THAT GOES WAY BEYOND THE ALLOWED CHARACTER LIMIT FOR BEST BUY MARKETPLACE LISTINGS",Experience premium performance with the HP Pavilion 15. Designed for professionals and students alike.,548.09,2.21,117,https://images.bestbuy.com/marketplace/hp-pavilion-15-main.jpg,"RAM_GB: 8 | Storage_GB: 512 | Screen_Size: 13.3"" | Processor: Apple M2",2024-08-04,2024-08-04,Yes,TITLE_TOO_LONG
564,BB-MKT-00523,S007,SmartBuy Co,Tablets,Microsoft,Fire HD 10,MI-8112-BL,304500004982,0304500004982,"Microsoft Fire HD 10 8"" 512GB Tablet",Stay productive and entertained with the Microsoft Fire HD 10. Powerful performance in a sleek design.,255.89,0.61,498,https://images.bestbuy.com/marketplace/microsoft-fire-hd-10-main.jpg,"Storage_GB: 512 | Screen_Size: 8"" | Cellular: No | RAM_GB: 8",2025-02-23,2025-02-23,Yes,
565,BB-MKT-00062,S004,ValueTech Store,Laptops,ASUS,XPS 15,AS-7807-BL,399382463310,0399382463310,"ASUS XPS 15 15.6"" Laptop - 16GB RAM 512GB SSD",Experience premium performance with the ASUS XPS 15. Designed for professionals and students alike.,2457.51,1.59,282,,"RAM_GB: 16 | Storage_GB: 512 | Screen_Size: 15.6"" | Processor: Apple M2",2024-09-13,2024-09-13,Yes,MISSING_PRIMARY_IMAGE_URL
566,BB-MKT-00877,S006,NextGen Devices,Headphones,Beats,Tour One,BE-3785-BL,866790133642,0866790133642,Beats Tour One Over-ear Wired Headphones,Enjoy crystal-clear audio with the Beats Tour One. Perfect for music lovers and remote workers.,161.96,0.21,436,https://images.bestbuy.com/marketplace/beats-tour-one-main.jpg,Type: Over-ear | Connectivity: Wired | ANC: No | Battery_Hours: 24,2025-04-19,2025-04-19,Yes,
567,BB-MKT-00405,S005,ConnectPro Sales,Tablets,Samsung,Surface Pro 9,SA-2849-SL,619971784205,0619971784205,"Samsung Surface Pro 9 12.4"" 256GB Tablet",Stay productive and entertained with the Samsung Surface Pro 9. Powerful performance in a sleek design.,630.32,0.81,144,https://images.bestbuy.com/marketplace/samsung-surface-pro-9-main.jpg,"Storage_GB: 256 | Screen_Size: 12.4"" | Cellular: No | RAM_GB: 4",2024-12-26,2024-12-26,Yes,DUPLICATE_SKU
568,BB-MKT-00401,S002,EliteGadgets Inc,TVs,Hisense,Bravia XR,HI-5641-WH,877145460649,0877145460649,"Hisense 75"" 8K Smart TV Bravia XR",Immerse yourself in stunning visuals with the Hisense Bravia XR. Features cutting-edge display technology.,891.28,21.7,456,https://images.bestbuy.com/marketplace/hisense-bravia-xr-main.jpg,"Screen_Size: 75"" | Resolution: 8K | Smart_TV: No | HDR: HDR10",2024-12-21,2024-12-21,Yes,
569,BB-MKT-00137,S001,TechDirect LLC,Smart Home,Nest,Video Doorbell Pro 2,NE-9589-BL,286747105556,0286747105556,Nest Video Doorbell Pro 2 Smart Home Device,Transform your home with the Nest Video Doorbell Pro 2. Easy setup and seamless smart home integration.,98.45,1.05,16,https://images.bestbuy.com/marketplace/nest-video-doorbell-pro-2-main.jpg,Connectivity: Zigbee | Voice_Assistant: Alexa | Power: USB-C,2025-04-20,2025-04-20,Yes,
570,BB-MKT-00736,S008,DigitalHub USA,Tablets,Amazon,Surface Pro 9,AM-4272-SL,569796604660,0569796604660,"Amazon Surface Pro 9 12.9"" 256GB Tablet",Stay productive and entertained with the Amazon Surface Pro 9. Powerful performance in a sleek design.,579.05,0.68,32,https://images.bestbuy.com/marketplace/amazon-surface-pro-9-main.jpg,"Storage_GB: 256 | Screen_Size: 12.9"" | Cellular: Yes | RAM_GB: 16",2025-02-16,2025-02-16,Yes,
571,BB-MKT-00151,S004,ValueTech Store,Smart Home,Wyze,Nest Hub Max,WY-4365-BL,226451742323,0226451742323,Wyze Nest Hub Max Smart Home Device,Transform your home with the Wyze Nest Hub Max. Easy setup and seamless smart home integration.,71.74,0.81,414,https://images.bestbuy.com/marketplace/wyze-nest-hub-max-main.jpg,Connectivity: Zigbee | Voice_Assistant: Apple HomeKit | Power: USB-C,2024-07-29,2024-07-29,Yes,
572,BB-MKT-00918,S007,SmartBuy Co,Smart Home,Philips,Echo Show 10,PH-9462-BK,739577681323,0739577681323,Philips Echo Show 10 Smart Home Device,Transform your home with the Philips Echo Show 10. Easy setup and seamless smart home integration.,105.56,0.39,481,https://images.bestbuy.com/marketplace/philips-echo-show-10-main.jpg,Connectivity: Wi-Fi | Voice_Assistant: Google Assistant | Power: USB-C,2025-03-08,2025-03-08,Yes,
573,BB-MKT-00894,S006,NextGen Devices,TVs,Sony,OLED C3,SO-2959-WH,902205463272,0902205463272,"Sony 50"" 4K UHD Smart TV OLED C3",Immerse yourself in stunning visuals with the Sony OLED C3. Features cutting-edge display technology.,1585.88,28.21,467,https://images.bestbuy.com/marketplace/sony-oled-c3-main.jpg,"Screen_Size: 50"" | Resolution: 4K UHD | Smart_TV: No | HDR: HDR10+",2024-07-07,2024-07-07,Yes,
574,BB-MKT-00726,S007,SmartBuy Co,TVs,Hisense,V-Series,HI-7396-WH,799819358651,0799819358651,"Hisense 65"" 4K UHD Smart TV V-Series",Immerse yourself in stunning visuals with the Hisense V-Series. Features cutting-edge display technology.,1760.7,22.0,81,https://images.bestbuy.com/marketplace/hisense-v-series-main.jpg,"Screen_Size: 65"" | Resolution: 4K UHD | Smart_TV: No | HDR: HDR10",2025-02-09,2025-02-09,Yes,
575,BB-MKT-00574,S006,NextGen Devices,Headphones,Sony,Evolve2 85,SO-1393-SL,986618469547,0986618469547,Sony Evolve2 85 In-ear Wireless Headphones,Enjoy crystal-clear audio with the Sony Evolve2 85. Perfect for music lovers and remote workers.,466.06,0.26,242,https://images.bestbuy.com/marketplace/sony-evolve2-85-main.jpg,Type: In-ear | Connectivity: Wireless | ANC: Yes | Battery_Hours: 36,2024-10-31,2024-10-31,Yes,
576,BB-MKT-00626,S007,SmartBuy Co,Smart Home,Amazon,Cam OG,AM-5143-SL,571715182511,0571715182511,Amazon Cam OG Smart Home Device,Transform your home with the Amazon Cam OG. Easy setup and seamless smart home integration.,264.3,0.85,453,https://images.bestbuy.com/marketplace/amazon-cam-og-main.jpg,Connectivity: Zigbee | Voice_Assistant: None | Power: Battery,2025-01-12,2025-01-12,Yes,
577,BB-MKT-00424,S004,ValueTech Store,Smart Home,Ring,Ultra 2,RI-1138-BK,838779807037,0838779807037,Ring Ultra 2 Smart Home Device,Transform your home with the Ring Ultra 2. Easy setup and seamless smart home integration.,34.62,0.24,53,https://images.bestbuy.com/marketplace/ring-ultra-2-main.jpg,Connectivity: Zigbee | Voice_Assistant: Apple HomeKit | Power: USB-C,2025-02-14,2025-02-14,Yes,
578,BB-MKT-00190,S006,NextGen Devices,Tablets,Amazon,iPad Pro 12.9,AM-7290-BL,994191268032,0994191268032,"Amazon iPad Pro 12.9 8"" 256GB Tablet",Stay productive and entertained with the Amazon iPad Pro 12.9. Powerful performance in a sleek design.,619.5,0.6,363,https://images.bestbuy.com/marketplace/amazon-ipad-pro-12.9-main.jpg,"Storage_GB: 256 | Screen_Size: 8"" | Cellular: No | RAM_GB: 6",2025-02-13,2025-02-13,Yes,
579,BB-MKT-00708,S008,DigitalHub USA,Laptops,MSI,XPS 15,MS-6139-WH,598620422853,0598620422853,"MSI XPS 15 13.3"" Laptop - 16GB RAM 512GB SSD",Experience premium performance with the MSI XPS 15. Designed for professionals and students alike.,2360.52,1.46,143,https://images.bestbuy.com/marketplace/msi-xps-15-main.jpg,"RAM_GB: 16 | Storage_GB: 512 | Screen_Size: 13.3"" | Processor: AMD Ryzen 7",2025-04-22,2025-04-22,Yes,
580,BB-MKT-00845,S004,ValueTech Store,Headphones,Bose,Evolve2 85,BO-1091-SL,312712561451,0312712561451,Bose Evolve2 85 Over-ear Wireless Headphones,Enjoy crystal-clear audio with the Bose Evolve2 85. Perfect for music lovers and remote workers.,217.25,0.43,468,https://images.bestbuy.com/marketplace/bose-evolve2-85-main.jpg,Type: Over-ear | Connectivity: Wireless | ANC: No | Battery_Hours: 30,2024-11-07,2024-11-07,Yes,DUPLICATE_SKU
581,BB-MKT-00599,S003,PrimeElectronics,Laptops,MSI,MacBook Air,MS-5650-WH,525042825127,0525042825127,"MSI MacBook Air 14"" Laptop - 64GB RAM 256GB SSD",Experience premium performance with the MSI MacBook Air. Designed for professionals and students alike.,888.38,2.26,35,https://images.bestbuy.com/marketplace/msi-macbook-air-main.jpg,"RAM_GB: 64 | Storage_GB: 256 | Screen_Size: 14"" | Processor: Intel i7",2025-02-18,2025-02-18,Yes,
582,BB-MKT-00728,S007,SmartBuy Co,Laptops,Apple,Katana 15,AP-3138-BL,127412220106,0127412220106,"Apple Katana 15 13.3"" Laptop - 16GB RAM 256GB SSD",Experience premium performance with the Apple Katana 15. Designed for professionals and students alike.,1731.37,2.44,95,https://images.bestbuy.com/marketplace/apple-katana-15-main.jpg,"RAM_GB: 16 | Storage_GB: 256 | Screen_Size: 13.3"" | Processor: Apple M2",2024-10-31,2024-10-31,Yes,
583,BB-MKT-00795,S006,NextGen Devices,Laptops,Acer,Katana 15,AC-8111-BL,896033294730,0896033294730,"Acer Katana 15 14"" Laptop - 32GB RAM 512GB SSD",Experience premium performance with the Acer Katana 15. Designed for professionals and students alike.,2042.49,2.69,385,https://images.bestbuy.com/marketplace/acer-katana-15-main.jpg,"RAM_GB: 32 | Storage_GB: 512 | Screen_Size: 14"" | Processor: Intel i5",2024-07-30,2024-07-30,Yes,
584,BB-MKT-00560,S006,NextGen Devices,TVs,Samsung,V-Series,SA-7763-SL,255993390280,0255993390280,"Samsung 43"" 8K Smart TV V-Series",Immerse yourself in stunning visuals with the Samsung V-Series. Features cutting-edge display technology.,1216.25,49.43,460,https://images.bestbuy.com/marketplace/samsung-v-series-main.jpg,"Screen_Size: 43"" | Resolution: 8K | Smart_TV: No | HDR: HDR10",2024-08-31,2024-08-31,Yes,
585,BB-MKT-00457,S006,NextGen Devices,Headphones,JBL,Momentum 4,JB-3161-SL,724076281621,0724076281621,JBL Momentum 4 In-ear Both Headphones,Enjoy crystal-clear audio with the JBL Momentum 4. Perfect for music lovers and remote workers.,118.3,0.27,247,https://images.bestbuy.com/marketplace/jbl-momentum-4-main.jpg,Type: In-ear | Connectivity: Both | ANC: No | Battery_Hours: 36,2025-01-07,2025-01-07,Yes,
586,BB-MKT-00202,S006,NextGen Devices,Headphones,Bose,Tour One,BO-1138-WH,720753806333,0720753806333,Bose Tour One Over-ear Both Headphones,Enjoy crystal-clear audio with the Bose Tour One. Perfect for music lovers and remote workers.,257.85,0.38,321,https://images.bestbuy.com/marketplace/bose-tour-one-main.jpg,Type: Over-ear | Connectivity: Both | ANC: Yes | Battery_Hours: 20,2024-09-16,2024-09-16,Yes,
587,BB-MKT-00192,S002,EliteGadgets Inc,Smart Home,Amazon,Video Doorbell Pro 2,AM-4580-BL,698896109170,0698896109170,Amazon Video Doorbell Pro 2 Smart Home Device,Transform your home with the Amazon Video Doorbell Pro 2. Easy setup and seamless smart home integration.,77.14,1.26,384,https://images.bestbuy.com/marketplace/amazon-video-doorbell-pro-2-main.jpg,Connectivity: Z-Wave | Voice_Assistant: Alexa | Power: USB-C,2024-11-04,2024-11-04,Yes,
588,BB-MKT-00293,S001,TechDirect LLC,Tablets,Lenovo,Tab P12 Pro,LE-9762-BK,231740814935,0231740814935,"Lenovo Tab P12 Pro 11"" 512GB Tablet",Stay productive and entertained with the Lenovo Tab P12 Pro. Powerful performance in a sleek design.,985.95,0.67,387,https://images.bestbuy.com/marketplace/lenovo-tab-p12-pro-main.jpg,"Storage_GB: 512 | Screen_Size: 11"" | Cellular: Yes | RAM_GB: 12",2025-04-26,2025-04-26,Yes,DUPLICATE_SKU
589,BB-MKT-00973,S007,SmartBuy Co,Headphones,Sennheiser,AirPods Max,SE-7470-WH,232117442989,0232117442989,Sennheiser AirPods Max On-ear Both Headphones,Enjoy crystal-clear audio with the Sennheiser AirPods Max. Perfect for music lovers and remote workers.,523.11,0.34,0,https://images.bestbuy.com/marketplace/sennheiser-airpods-max-main.jpg,Type: On-ear | Connectivity: Both | ANC: No | Battery_Hours: 20,2024-10-11,2023-11-18,Yes,STALE_LISTING
590,BB-MKT-00166,S001,TechDirect LLC,Smart Home,Amazon,Hue Starter Kit,AM-4791-BK,252095066478,0252095066478,Amazon Hue Starter Kit Smart Home Device,Transform your home with the Amazon Hue Starter Kit. Easy setup and seamless smart home integration.,361.37,0.11,258,https://images.bestbuy.com/marketplace/amazon-hue-starter-kit-main.jpg,Connectivity: Wi-Fi | Voice_Assistant: Alexa | Power: Battery,2025-02-19,2025-02-19,Yes,
591,BB-MKT-00686,S007,SmartBuy Co,Smart Home,Google,Echo Show 10,GO-7594-BK,599269563534,0599269563534,Google Echo Show 10 Smart Home Device,Transform your home with the Google Echo Show 10. Easy setup and seamless smart home integration.,369.42,0.29,384,https://images.bestbuy.com/marketplace/google-echo-show-10-main.jpg,Connectivity: Zigbee | Voice_Assistant: Alexa | Power: Wired,2024-07-07,2024-07-07,Yes,
592,BB-MKT-00752,S004,ValueTech Store,Laptops,Dell,XPS 15,DE-4710-BL,401081639824,0401081639824,"Dell XPS 15 13.3"" Laptop - 32GB RAM 256GB SSD",Experience premium performance with the Dell XPS 15. Designed for professionals and students alike.,9532.45,1.36,375,https://images.bestbuy.com/marketplace/dell-xps-15-main.jpg,"RAM_GB: 32 | Storage_GB: 256 | Screen_Size: 13.3"" | Processor: Apple M2",2024-11-15,2024-11-15,Yes,PRICE_ANOMALY
593,BB-MKT-00846,S001,TechDirect LLC,Smart Home,Ring,Echo Show 10,RI-5145-SL,876081259071,0876081259071,Ring Echo Show 10 Smart Home Device,Transform your home with the Ring Echo Show 10. Easy setup and seamless smart home integration.,322.88,1.46,421,https://images.bestbuy.com/marketplace/ring-echo-show-10-main.jpg,Connectivity: Z-Wave | Voice_Assistant: None | Power: Wired,2024-07-16,2024-07-16,Yes,
594,BB-MKT-00250,S005,ConnectPro Sales,Tablets,Amazon,iPad Pro 12.9,AM-1138-WH,983050180684,0983050180684,"Amazon iPad Pro 12.9 12.4"" 64GB Tablet",Stay productive and entertained with the Amazon iPad Pro 12.9. Powerful performance in a sleek design.,439.25,0.78,156,https://images.bestbuy.com/marketplace/amazon-ipad-pro-12.9-main.jpg,"Storage_GB: 64 | Screen_Size: 12.4"" | Cellular: Yes | RAM_GB: 6",2024-11-18,2024-11-18,Yes,
595,BB-MKT-00520,S005,ConnectPro Sales,Smart Home,Arlo,Echo Show 10,AR-3118-WH,458428343837,0458428343837,Arlo Echo Show 10 Smart Home Device,Transform your home with the Arlo Echo Show 10. Easy setup and seamless smart home integration.,434.74,1.22,144,https://images.bestbuy.com/marketplace/arlo-echo-show-10-main.jpg,Connectivity: Z-Wave | Voice_Assistant: Alexa | Power: USB-C,2024-12-13,2024-12-13,Yes,
596,BB-MKT-00411,S001,TechDirect LLC,Laptops,Apple,Aspire 5,AP-7459-SL,573456755696,0573456755696,"Apple Aspire 5 15.6"" Laptop - 32GB RAM 256GB SSD",Experience premium performance with the Apple Aspire 5. Designed for professionals and students alike.,1893.72,1.85,222,https://images.bestbuy.com/marketplace/apple-aspire-5-main.jpg,"RAM_GB: 32 | Storage_GB: 256 | Screen_Size: 15.6"" | Processor: Intel i5",2025-04-06,2025-04-06,Yes,
597,BB-MKT-00698,S002,EliteGadgets Inc,Tablets,Amazon,Galaxy Tab S9,AM-2262-BK,366627245977,0366627245977,"Amazon Galaxy Tab S9 10.1"" 64GB Tablet",Stay productive and entertained with the Amazon Galaxy Tab S9. Powerful performance in a sleek design.,803.56,0.79,76,https://images.bestbuy.com/marketplace/amazon-galaxy-tab-s9-main.jpg,"Storage_GB: 64 | Screen_Size: 10.1"" | Cellular: No | RAM_GB: 6",2024-10-02,2024-10-02,Yes,
598,BB-MKT-00742,S007,SmartBuy Co,Headphones,Apple,AirPods Max,AP-9090-BK,446924323043,0446924323043,,Enjoy crystal-clear audio with the Apple AirPods Max. Perfect for music lovers and remote workers.,233.53,0.37,232,https://images.bestbuy.com/marketplace/apple-airpods-max-main.jpg,Type: On-ear | Connectivity: Wired | ANC: Yes | Battery_Hours: 40,2025-03-10,2025-03-10,Yes,MISSING_TITLE
599,BB-MKT-00720,S004,ValueTech Store,Headphones,Beats,AirPods Max,BE-9177-BL,869334923184,0869334923184,Beats AirPods Max Over-ear Wired Headphones,Enjoy crystal-clear audio with the Beats AirPods Max. Perfect for music lovers and remote workers.,250.77,0.29,424,https://images.bestbuy.com/marketplace/beats-airpods-max-main.jpg,Type: Over-ear | Connectivity: Wired | ANC: No | Battery_Hours: 40,2025-04-04,2025-04-04,Yes,DUPLICATE_SKU
600,BB-MKT-00090,S007,SmartBuy Co,Laptops,HP,MacBook Air,HP-6585-WH,600019373152,0600019373152,"HP MacBook Air 14"" Laptop - 8GB RAM 256GB SSD",Experience premium performance with the HP MacBook Air. Designed for professionals and students alike.,1176.11,2.35,397,https://images.bestbuy.com/marketplace/hp-macbook-air-main.jpg,"RAM_GB: 8 | Storage_GB: 256 | Screen_Size: 14"" | Processor: AMD Ryzen 7",2025-04-17,2025-04-17,Yes,
601,BB-MKT-00943,S007,SmartBuy Co,Tablets,Apple,Surface Pro 9,AP-8074-BK,988255761466,0988255761466,"Apple Surface Pro 9 12.4"" 512GB Tablet",Stay productive and entertained with the Apple Surface Pro 9. Powerful performance in a sleek design.,397.45,0.41,322,https://images.bestbuy.com/marketplace/apple-surface-pro-9-main.jpg,"Storage_GB: 512 | Screen_Size: 12.4"" | Cellular: Yes | RAM_GB: 12",2024-12-16,2024-12-16,Yes,
602,BB-MKT-00078,S006,NextGen Devices,Laptops,HP,Aspire 5,HP-9850-BL,867695941207,0867695941207,"HP Aspire 5 16"" Laptop - 16GB RAM 512GB SSD",Experience premium performance with the HP Aspire 5. Designed for professionals and students alike.,1719.68,2.36,453,https://images.bestbuy.com/marketplace/hp-aspire-5-main.jpg,"RAM_GB: 16 | Storage_GB: 512 | Screen_Size: 16"" | Processor: AMD Ryzen 5",2025-01-29,2025-01-29,Yes,DUPLICATE_SKU
603,BB-MKT-00980,S007,SmartBuy Co,Headphones,Jabra,Momentum 4,JA-6654-BL,,0377509040433,Jabra Momentum 4 On-ear Wired Headphones,Enjoy crystal-clear audio with the Jabra Momentum 4. Perfect for music lovers and remote workers.,2042.44,0.42,232,https://images.bestbuy.com/marketplace/jabra-momentum-4-main.jpg,Type: On-ear | Connectivity: Wired | ANC: Yes | Battery_Hours: 36,2025-04-01,2025-04-01,Yes,PRICE_ANOMALY
604,BB-MKT-00968,S007,SmartBuy Co,Smart Home,Wyze,Hue Starter Kit,WY-4514-BK,150247608888,0150247608888,Wyze Hue Starter Kit Smart Home Device,Transform your home with the Wyze Hue Starter Kit. Easy setup and seamless smart home integration.,243.9,0.36,113,https://images.bestbuy.com/marketplace/wyze-hue-starter-kit-main.jpg,Connectivity: Zigbee | Voice_Assistant: Apple HomeKit | Power: USB-C,2024-12-11,2024-12-11,Yes,
605,BB-MKT-00447,S008,DigitalHub USA,Tablets,Microsoft,iPad Pro 12.9,MI-4643-WH,737520243850,0737520243850,"Microsoft iPad Pro 12.9 10.1"" 512GB Tablet",Stay productive and entertained with the Microsoft iPad Pro 12.9. Powerful performance in a sleek design.,1199.82,0.84,213,https://images.bestbuy.com/marketplace/microsoft-ipad-pro-12.9-main.jpg,"Storage_GB: 512 | Screen_Size: 10.1"" | Cellular: Yes | RAM_GB: 8",2024-07-23,2024-07-23,Yes,
606,BB-MKT-00286,S007,SmartBuy Co,Laptops,ASUS,IdeaPad 5,AS-1092-SL,382806477544,0382806477544,"ASUS IdeaPad 5 14"" Laptop - 32GB RAM 256GB SSD",Experience premium performance with the ASUS IdeaPad 5. Designed for professionals and students alike.,1378.3,2.7,20,https://images.bestbuy.com/marketplace/asus-ideapad-5-main.jpg,"RAM_GB: 32 | Storage_GB: 256 | Screen_Size: 14"" | Processor: Apple M2",2024-09-17,2024-09-17,Yes,
607,BB-MKT-00035,S008,DigitalHub USA,Laptops,Acer,Pavilion 15,AC-6198-BL,682687809473,0682687809473,"Acer Pavilion 15 14"" Laptop - 8GB RAM 512GB SSD",Experience premium performance with the Acer Pavilion 15. Designed for professionals and students alike.,1685.57,2.35,258,https://images.bestbuy.com/marketplace/acer-pavilion-15-main.jpg,"RAM_GB: 8 | Storage_GB: 512 | Screen_Size: 14"" | Processor: AMD Ryzen 7",2025-02-04,2025-02-04,Yes,
608,BB-MKT-00486,S004,ValueTech Store,Headphones,Jabra,Tour One,JA-9856-BK,990534048227,0990534048227,Jabra Tour One On-ear Both Headphones,Enjoy crystal-clear audio with the Jabra Tour One. Perfect for music lovers and remote workers.,524.34,0.21,220,https://images.bestbuy.com/marketplace/jabra-tour-one-main.jpg,Type: On-ear | Connectivity: Both | ANC: No | Battery_Hours: 40,2024-08-30,2024-08-30,Yes,
609,BB-MKT-00429,S002,EliteGadgets Inc,Laptops,Dell,XPS 15,DE-1014-BK,817898862664,0817898862664,"Dell XPS 15 13.3"" Laptop - 32GB RAM 512GB SSD",Experience premium performance with the Dell XPS 15. Designed for professionals and students alike.,1794.67,1.63,358,https://images.bestbuy.com/marketplace/dell-xps-15-main.jpg,"RAM_GB: 32 | Storage_GB: 512 | Screen_Size: 13.3"" | Processor: AMD Ryzen 7",2024-12-16,2024-12-16,Yes,
610,BB-MKT-00782,S006,NextGen Devices,Headphones,Sennheiser,Momentum 4,SE-2161-BK,515003236622,0515003236622,Sennheiser Momentum 4 Over-ear Wireless Headphones,Enjoy crystal-clear audio with the Sennheiser Momentum 4. Perfect for music lovers and remote workers.,95.14,0.33,0,https://images.bestbuy.com/marketplace/sennheiser-momentum-4-main.jpg,Type: Over-ear | Connectivity: Wireless | ANC: No | Battery_Hours: 36,2024-08-30,2023-11-30,Yes,STALE_LISTING
611,BB-MKT-00722,S005,ConnectPro Sales,Smart Home,Philips,Echo Show 10,PH-7738-BK,119969985565,0119969985565,Philips Echo Show 10 Smart Home Device,Transform your home with the Philips Echo Show 10. Easy setup and seamless smart home integration.,262.31,1.15,474,https://images.bestbuy.com/marketplace/philips-echo-show-10-main.jpg,Connectivity: Wi-Fi | Voice_Assistant: Alexa | Power: Battery,2025-04-05,2025-04-05,Yes,
612,BB-MKT-00378,S003,PrimeElectronics,Laptops,Lenovo,Tab P12 Pro,LE-1245-SL,546815023668,0546815023668,"Lenovo Tab P12 Pro 10.1"" 128GB Tablet",Stay productive and entertained with the Lenovo Tab P12 Pro. Powerful performance in a sleek design.,1241.73,0.43,343,https://images.bestbuy.com/marketplace/lenovo-tab-p12-pro-main.jpg,"Storage_GB: 128 | Screen_Size: 10.1"" | Cellular: Yes | RAM_GB: 6",2024-10-12,2024-10-12,Yes,CATEGORY_MISMATCH
613,BB-MKT-00538,S001,TechDirect LLC,Smart Home,Ring,Nest Hub Max,RI-2817-BK,605942796182,0605942796182,Ring Nest Hub Max Smart Home Device,Transform your home with the Ring Nest Hub Max. Easy setup and seamless smart home integration.,396.38,0.95,439,https://images.bestbuy.com/marketplace/ring-nest-hub-max-main.jpg,Connectivity: Wi-Fi | Voice_Assistant: Alexa | Power: Wired,2024-08-22,2024-08-22,Yes,
614,BB-MKT-00022,S005,ConnectPro Sales,Smart Home,Philips,Ultra 2,PH-5333-BK,249800414661,0249800414661,Philips Ultra 2 Smart Home Device,Transform your home with the Philips Ultra 2. Easy setup and seamless smart home integration.,447.16,1.14,79,https://images.bestbuy.com/marketplace/philips-ultra-2-main.jpg,Connectivity: Wi-Fi | Voice_Assistant: Apple HomeKit | Power: USB-C,2024-11-17,2024-11-17,Yes,
615,BB-MKT-00441,S004,ValueTech Store,Tablets,Samsung,Surface Pro 9,SA-3888-WH,647498434216,0647498434216,"Samsung Surface Pro 9 10.1"" 64GB Tablet",Stay productive and entertained with the Samsung Surface Pro 9. Powerful performance in a sleek design.,919.66,0.33,330,https://images.bestbuy.com/marketplace/samsung-surface-pro-9-main.jpg,"Storage_GB: 64 | Screen_Size: 10.1"" | Cellular: Yes | RAM_GB: 6",2025-01-03,2025-01-03,Yes,
616,BB-MKT-00376,S006,NextGen Devices,Tablets,Lenovo,Surface Pro 9,LE-4026-BK,242192500589,0242192500589,"Lenovo Surface Pro 9 11"" 512GB Tablet",Stay productive and entertained with the Lenovo Surface Pro 9. Powerful performance in a sleek design.,1025.81,0.67,136,https://images.bestbuy.com/marketplace/lenovo-surface-pro-9-main.jpg,"Storage_GB: 512 | Screen_Size: 11"" | Cellular: Yes | RAM_GB: 6",2025-04-17,2025-04-17,Yes,
617,BB-MKT-00656,S004,ValueTech Store,Laptops,Acer,Pavilion 15,AC-9984-BL,852091680802,0852091680802,"Acer Pavilion 15 13.3"" Laptop - 8GB RAM 512GB SSD",Experience premium performance with the Acer Pavilion 15. Designed for professionals and students alike.,524.54,2.22,185,https://images.bestbuy.com/marketplace/acer-pavilion-15-main.jpg,"RAM_GB: 8 | Storage_GB: 512 | Screen_Size: 13.3"" | Processor: Apple M2",2024-12-18,2024-12-18,Yes,DUPLICATE_SKU
618,BB-MKT-00449,S007,SmartBuy Co,TVs,LG,Bravia XR,LG-5994-WH,836500059690,0836500059690,"LG 55"" 4K UHD Smart TV Bravia XR",Immerse yourself in stunning visuals with the LG Bravia XR. Features cutting-edge display technology.,2886.39,45.75,382,https://images.bestbuy.com/marketplace/lg-bravia-xr-main.jpg,"Screen_Size: 55"" | Resolution: 4K UHD | Smart_TV: Yes | HDR: HDR10",2025-04-25,2025-04-25,Yes,
619,BB-MKT-00756,S004,ValueTech Store,Smart Home,Wyze,Nest Hub Max,WY-6499-BL,981776552471,0981776552471,Wyze Nest Hub Max Smart Home Device,Transform your home with the Wyze Nest Hub Max. Easy setup and seamless smart home integration.,259.61,0.59,279,https://images.bestbuy.com/marketplace/wyze-nest-hub-max-main.jpg,Connectivity: Zigbee | Voice_Assistant: Alexa | Power: Battery,2024-11-09,2024-11-09,Yes,
620,BB-MKT-00167,S007,SmartBuy Co,Laptops,Acer,MacBook Air,AC-7739-BK,684143952105,0684143952105,"Acer MacBook Air 16"" Laptop - 64GB RAM 1024GB SSD",Experience premium performance with the Acer MacBook Air. Designed for professionals and students alike.,393.78,2.36,274,https://images.bestbuy.com/marketplace/acer-macbook-air-main.jpg,"RAM_GB: 64 | Storage_GB: 1024 | Screen_Size: 16"" | Processor: Intel i5",2024-11-24,2024-11-24,Yes,DUPLICATE_SKU
621,BB-MKT-00620,S008,DigitalHub USA,TVs,Sony,5-Series 4K,SO-8231-BL,616116625176,0616116625176,"Sony 43"" 8K Smart TV 5-Series 4K",Immerse yourself in stunning visuals with the Sony 5-Series 4K. Features cutting-edge display technology.,13570.8,40.34,389,https://images.bestbuy.com/marketplace/sony-5-series-4k-main.jpg,"Screen_Size: 43"" | Resolution: 8K | Smart_TV: No | HDR: Dolby Vision",2024-09-18,2024-09-18,Yes,PRICE_ANOMALY
622,BB-MKT-00136,S006,NextGen Devices,Smart Home,Philips,Cam OG,PH-7035-SL,120683483751,0120683483751,Philips Cam OG Smart Home Device,Transform your home with the Philips Cam OG. Easy setup and seamless smart home integration.,345.69,1.47,298,https://images.bestbuy.com/marketplace/philips-cam-og-main.jpg,Connectivity: Bluetooth | Voice_Assistant: Apple HomeKit | Power: Wired,2024-12-05,2024-12-05,Yes,
623,BB-MKT-00823,S006,NextGen Devices,Headphones,Jabra,AirPods Max,JA-1895-SL,,0385180156992,Jabra AirPods Max On-ear Wired Headphones,Enjoy crystal-clear audio with the Jabra AirPods Max. Perfect for music lovers and remote workers.,281.46,0.25,325,https://images.bestbuy.com/marketplace/jabra-airpods-max-main.jpg,Type: On-ear | Connectivity: Wired | ANC: No | Battery_Hours: 36,2024-07-24,2024-07-24,Yes,MISSING_UPC
624,BB-MKT-00805,S007,SmartBuy Co,Smart Home,Arlo,Echo Show 10,AR-8225-SL,673483137664,0673483137664,Arlo Echo Show 10 Smart Home Device,Transform your home with the Arlo Echo Show 10. Easy setup and seamless smart home integration.,155.52,1.27,150,https://images.bestbuy.com/marketplace/arlo-echo-show-10-main.jpg,Connectivity: Wi-Fi | Voice_Assistant: None | Power: USB-C,2024-11-02,2024-11-02,Yes,
625,BB-MKT-00104,S006,NextGen Devices,Headphones,Bose,QuietComfort 45,BO-3538-BK,254618722248,0254618722248,Bose QuietComfort 45 On-ear Wired Headphones,Enjoy crystal-clear audio with the Bose QuietComfort 45. Perfect for music lovers and remote workers.,182.81,0.4,259,https://images.bestbuy.com/marketplace/bose-quietcomfort-45-main.jpg,Type: On-ear | Connectivity: Wired | ANC: Yes | Battery_Hours: 24,2025-04-03,2025-04-03,Yes,
626,BB-MKT-00119,S002,EliteGadgets Inc,Tablets,Microsoft,Fire HD 10,MI-8179-BK,961905828711,0961905828711,"Microsoft Fire HD 10 8"" 128GB Tablet",Stay productive and entertained with the Microsoft Fire HD 10. Powerful performance in a sleek design.,294.16,0.44,0,https://images.bestbuy.com/marketplace/microsoft-fire-hd-10-main.jpg,"Storage_GB: 128 | Screen_Size: 8"" | Cellular: Yes | RAM_GB: 16",2025-01-04,2023-12-31,Yes,STALE_LISTING
627,BB-MKT-00994,S005,ConnectPro Sales,Headphones,JBL,Tour One,JB-6454-BK,188731492552,0188731492552,JBL Tour One On-ear Wireless Headphones,Enjoy crystal-clear audio with the JBL Tour One. Perfect for music lovers and remote workers.,96.94,0.44,319,https://images.bestbuy.com/marketplace/jbl-tour-one-main.jpg,Type: On-ear | Connectivity: Wireless | ANC: No | Battery_Hours: 36,2024-07-06,2024-07-06,Yes,
628,BB-MKT-00235,S002,EliteGadgets Inc,Headphones,Sennheiser,Momentum 4,SE-3703-BL,821307297093,0821307297093,Sennheiser Momentum 4 On-ear Both Headphones,Enjoy crystal-clear audio with the Sennheiser Momentum 4. Perfect for music lovers and remote workers.,110.69,0.23,105,https://images.bestbuy.com/marketplace/sennheiser-momentum-4-main.jpg,Type: On-ear | Connectivity: Both | ANC: Yes | Battery_Hours: 36,2024-10-06,2024-10-06,Yes,
629,BB-MKT-00506,S008,DigitalHub USA,TVs,Samsung,5-Series 4K,SA-2815-WH,192667395542,0192667395542,"Samsung 50"" 1080p Full HD Smart TV 5-Series 4K",Immerse yourself in stunning visuals with the Samsung 5-Series 4K. Features cutting-edge display technology.,1185.01,39.4,393,https://images.bestbuy.com/marketplace/samsung-5-series-4k-main.jpg,"Screen_Size: 50"" | Resolution: 1080p Full HD | Smart_TV: No | HDR: Dolby Vision",2024-09-05,2024-09-05,Yes,
630,BB-MKT-00598,S007,SmartBuy Co,Tablets,Samsung,Tab P12 Pro,SA-6387-BL,218003271511,0218003271511,"Samsung Tab P12 Pro 12.9"" 64GB Tablet",Stay productive and entertained with the Samsung Tab P12 Pro. Powerful performance in a sleek design.,883.85,0.48,87,https://images.bestbuy.com/marketplace/samsung-tab-p12-pro-main.jpg,"Storage_GB: 64 | Screen_Size: 12.9"" | Cellular: No | RAM_GB: 6",2024-08-23,2024-08-23,Yes,
631,BB-MKT-00349,S002,EliteGadgets Inc,TVs,TCL,OLED C3,TC-1349-BL,313602419558,0313602419558,"TCL 55"" 1080p Full HD Smart TV OLED C3",Immerse yourself in stunning visuals with the TCL OLED C3. Features cutting-edge display technology.,1592.13,13.93,460,https://images.bestbuy.com/marketplace/tcl-oled-c3-main.jpg,"Screen_Size: 55"" | Resolution: 1080p Full HD | Smart_TV: No | HDR: Dolby Vision",2024-07-21,2024-07-21,Yes,
632,BB-MKT-00229,S006,NextGen Devices,TVs,Sony,QLED 4K,SO-6978-BK,679161225398,0679161225398,"Sony 43"" 4K UHD Smart TV QLED 4K",Immerse yourself in stunning visuals with the Sony QLED 4K. Features cutting-edge display technology.,1649.97,49.44,202,https://images.bestbuy.com/marketplace/sony-qled-4k-main.jpg,"Screen_Size: 43"" | Resolution: 4K UHD | Smart_TV: Yes | HDR: HDR10",2025-04-27,2025-04-27,Yes,
633,BB-MKT-00188,S006,NextGen Devices,Headphones,Beats,Tour One,BE-3194-SL,192729067059,0192729067059,Beats Tour One In-ear Wireless Headphones,Enjoy crystal-clear audio with the Beats Tour One. Perfect for music lovers and remote workers.,90.29,0.28,93,https://images.bestbuy.com/marketplace/beats-tour-one-main.jpg,Type: In-ear | Connectivity: Wireless | ANC: No | Battery_Hours: 40,2025-01-08,2025-01-08,Yes,
634,BB-MKT-00987,S008,DigitalHub USA,Headphones,Sennheiser,Studio Pro,SE-2404-BK,172099453919,0172099453919,Sennheiser Studio Pro In-ear Both Headphones,Enjoy crystal-clear audio with the Sennheiser Studio Pro. Perfect for music lovers and remote workers.,33.51,0.42,27,https://images.bestbuy.com/marketplace/sennheiser-studio-pro-main.jpg,Type: In-ear | Connectivity: Both | ANC: Yes | Battery_Hours: 20,2024-12-17,2024-12-17,Yes,
635,BB-MKT-00045,S008,DigitalHub USA,Laptops,ASUS,IdeaPad 5,AS-9548-SL,903915386825,0903915386825,"ASUS IdeaPad 5 14"" Laptop - 64GB RAM 1024GB SSD",Experience premium performance with the ASUS IdeaPad 5. Designed for professionals and students alike.,1692.42,2.67,396,https://images.bestbuy.com/marketplace/asus-ideapad-5-main.jpg,"RAM_GB: 64 | Storage_GB: 1024 | Screen_Size: 14"" | Processor: AMD Ryzen 7",2025-03-05,2025-03-05,Yes,
636,BB-MKT-00386,S008,DigitalHub USA,Smart Home,Philips,Echo Show 10,PH-8794-BL,824083650158,0824083650158,Philips Echo Show 10 Smart Home Device,Transform your home with the Philips Echo Show 10. Easy setup and seamless smart home integration.,221.77,0.21,307,https://images.bestbuy.com/marketplace/philips-echo-show-10-main.jpg,Connectivity: Bluetooth | Voice_Assistant: Google Assistant | Power: Battery,2024-07-04,2024-07-04,Yes,
637,BB-MKT-00181,S007,SmartBuy Co,Smart Home,Wyze,Hue Starter Kit,WY-2392-BK,691899308484,0691899308484,Wyze Hue Starter Kit Smart Home Device,Transform your home with the Wyze Hue Starter Kit. Easy setup and seamless smart home integration.,390.41,1.02,181,https://images.bestbuy.com/marketplace/wyze-hue-starter-kit-main.jpg,Connectivity: Bluetooth | Voice_Assistant: Alexa | Power: Wired,2024-09-24,2024-09-24,Yes,
638,BB-MKT-00397,S003,PrimeElectronics,Laptops,Lenovo,Katana 15,LE-8907-WH,127943034440,0127943034440,"Lenovo Katana 15 13.3"" Laptop - 8GB RAM 256GB SSD",Experience premium performance with the Lenovo Katana 15. Designed for professionals and students alike.,798.44,2.68,0,https://images.bestbuy.com/marketplace/lenovo-katana-15-main.jpg,"RAM_GB: 8 | Storage_GB: 256 | Screen_Size: 13.3"" | Processor: AMD Ryzen 7",2025-03-26,2023-12-22,Yes,STALE_LISTING
639,BB-MKT-00006,S003,PrimeElectronics,Tablets,Lenovo,Surface Pro 9,LE-6168-BL,137889353643,0137889353643,"Lenovo Surface Pro 9 11"" 128GB Tablet",Stay productive and entertained with the Lenovo Surface Pro 9. Powerful performance in a sleek design.,456.9,0.43,482,https://images.bestbuy.com/marketplace/lenovo-surface-pro-9-main.jpg,"Storage_GB: 128 | Screen_Size: 11"" | Cellular: Yes | RAM_GB: 6",2025-04-17,2025-04-17,Yes,
640,BB-MKT-00256,S006,NextGen Devices,Headphones,Apple,Momentum 4,AP-2166-BL,742674840367,0742674840367,Apple Momentum 4 On-ear Wired Headphones,Enjoy crystal-clear audio with the Apple Momentum 4. Perfect for music lovers and remote workers.,491.5,0.33,444,https://images.bestbuy.com/marketplace/apple-momentum-4-main.jpg,Type: On-ear | Connectivity: Wired | ANC: Yes | Battery_Hours: 36,2025-01-12,2025-01-12,Yes,
641,BB-MKT-00498,S008,DigitalHub USA,Smart Home,Nest,Learning Thermostat,NE-1477-SL,247200177026,0247200177026,Nest Learning Thermostat Smart Home Device,Transform your home with the Nest Learning Thermostat. Easy setup and seamless smart home integration.,400.14,0.49,281,https://images.bestbuy.com/marketplace/nest-learning-thermostat-main.jpg,Connectivity: Wi-Fi | Voice_Assistant: Google Assistant | Power: Battery,2024-09-29,2024-09-29,Yes,
642,BB-MKT-00494,S008,DigitalHub USA,Tablets,Samsung,Surface Pro 9,SA-6133-WH,695555011663,0695555011663,"Samsung Surface Pro 9 11"" 64GB Tablet",Stay productive and entertained with the Samsung Surface Pro 9. Powerful performance in a sleek design.,625.46,0.45,263,https://images.bestbuy.com/marketplace/samsung-surface-pro-9-main.jpg,"Storage_GB: 64 | Screen_Size: 11"" | Cellular: No | RAM_GB: 12",2025-02-18,2025-02-18,Yes,
643,BB-MKT-00204,S004,ValueTech Store,Headphones,Jabra,WH-1000XM5,JA-9482-WH,324633873429,0324633873429,Jabra WH-1000XM5 Over-ear Both Headphones,Enjoy crystal-clear audio with the Jabra WH-1000XM5. Perfect for music lovers and remote workers.,417.88,0.27,27,https://images.bestbuy.com/marketplace/jabra-wh-1000xm5-main.jpg,Type: Over-ear | Connectivity: Both | ANC: No | Battery_Hours: 20,2024-10-31,2024-10-31,Yes,
644,BB-MKT-00079,S002,EliteGadgets Inc,Tablets,Amazon,Tab P12 Pro,AM-4868-SL,587235620303,0587235620303,"Amazon Tab P12 Pro 8"" 256GB Tablet",Stay productive and entertained with the Amazon Tab P12 Pro. Powerful performance in a sleek design.,263.26,0.71,278,https://images.bestbuy.com/marketplace/amazon-tab-p12-pro-main.jpg,"Storage_GB: 256 | Screen_Size: 8"" | Cellular: No | RAM_GB: 6",2024-12-31,2024-12-31,Yes,
645,BB-MKT-00159,S006,NextGen Devices,Tablets,Lenovo,Galaxy Tab S9,LE-4692-SL,364026752906,0364026752906,"Lenovo Galaxy Tab S9 12.4"" 256GB Tablet",Stay productive and entertained with the Lenovo Galaxy Tab S9. Powerful performance in a sleek design.,1135.17,0.39,237,https://images.bestbuy.com/marketplace/lenovo-galaxy-tab-s9-main.jpg,"Storage_GB: 256 | Screen_Size: 12.4"" | Cellular: Yes | RAM_GB: 16",2024-07-30,2024-07-30,Yes,
646,BB-MKT-00113,S006,NextGen Devices,Laptops,Acer,Aspire 5,AC-7116-SL,527931947563,0527931947563,"Acer Aspire 5 16"" Laptop - 8GB RAM 512GB SSD",Experience premium performance with the Acer Aspire 5. Designed for professionals and students alike.,1968.36,1.77,34,https://images.bestbuy.com/marketplace/acer-aspire-5-main.jpg,"RAM_GB: 8 | Storage_GB: 512 | Screen_Size: 16"" | Processor: Intel i5",2024-12-24,2024-12-24,Yes,
647,BB-MKT-00437,S006,NextGen Devices,Laptops,Apple,Aspire 5,AP-6496-BK,291525842785,0291525842785,"Apple Aspire 5 14"" Laptop - 16GB RAM 512GB SSD",Experience premium performance with the Apple Aspire 5. Designed for professionals and students alike.,652.57,1.43,212,https://images.bestbuy.com/marketplace/apple-aspire-5-main.jpg,"RAM_GB: 16 | Storage_GB: 512 | Screen_Size: 14"" | Processor: Intel i5",2024-09-25,2024-09-25,Yes,
648,BB-MKT-00340,S008,DigitalHub USA,Headphones,Sony,Studio Pro,SO-4089-BL,510376446583,0510376446583,Sony Studio Pro On-ear Wired Headphones,Enjoy crystal-clear audio with the Sony Studio Pro. Perfect for music lovers and remote workers.,487.72,0.31,127,https://images.bestbuy.com/marketplace/sony-studio-pro-main.jpg,Type: On-ear | Connectivity: Wired | ANC: Yes | Battery_Hours: 20,2024-09-22,2024-09-22,Yes,
649,BB-MKT-00616,S003,PrimeElectronics,Tablets,Samsung,iPad Pro 12.9,SA-6202-BK,405519350443,0405519350443,"Samsung iPad Pro 12.9 12.9"" 128GB Tablet",Stay productive and entertained with the Samsung iPad Pro 12.9. Powerful performance in a sleek design.,748.0,0.89,331,https://images.bestbuy.com/marketplace/samsung-ipad-pro-12.9-main.jpg,"Storage_GB: 128 | Screen_Size: 12.9"" | Cellular: No | RAM_GB: 8",2024-11-25,2024-11-25,Yes,
650,BB-MKT-00298,S005,ConnectPro Sales,Laptops,HP,MacBook Air,HP-4842-BK,820142730930,0820142730930,"HP MacBook Air 15.6"" Laptop - 64GB RAM 512GB SSD",Experience premium performance with the HP MacBook Air. Designed for professionals and students alike.,997.79,1.31,99,https://images.bestbuy.com/marketplace/hp-macbook-air-main.jpg,"RAM_GB: 64 | Storage_GB: 512 | Screen_Size: 15.6"" | Processor: Intel i7",2024-12-10,2024-12-10,Yes,
651,BB-MKT-00041,S006,NextGen Devices,Laptops,Microsoft,Tab P12 Pro,MI-1853-SL,695922521544,0695922521544,"Microsoft Tab P12 Pro 8"" 256GB Tablet",Stay productive and entertained with the Microsoft Tab P12 Pro. Powerful performance in a sleek design.,406.86,0.34,490,https://images.bestbuy.com/marketplace/microsoft-tab-p12-pro-main.jpg,"Storage_GB: 256 | Screen_Size: 8"" | Cellular: No | RAM_GB: 4",2024-07-21,2024-07-21,Yes,CATEGORY_MISMATCH
652,BB-MKT-00167,S006,NextGen Devices,Laptops,Acer,MacBook Air,AC-7739-BK,684143952105,0684143952105,"Acer MacBook Air 16"" Laptop - 64GB RAM 1024GB SSD",Experience premium performance with the Acer MacBook Air. Designed for professionals and students alike.,434.12,2.36,274,https://images.bestbuy.com/marketplace/acer-macbook-air-main.jpg,"RAM_GB: 64 | Storage_GB: 1024 | Screen_Size: 16"" | Processor: Intel i5",2024-11-24,2024-11-24,Yes,
653,BB-MKT-00301,S005,ConnectPro Sales,TVs,Hisense,OLED C3,HI-1511-BL,793668048921,0793668048921,"Hisense 55"" 1080p Full HD Smart TV OLED C3",Immerse yourself in stunning visuals with the Hisense OLED C3. Features cutting-edge display technology.,3133.5,17.36,18,https://images.bestbuy.com/marketplace/hisense-oled-c3-main.jpg,"Screen_Size: 55"" | Resolution: 1080p Full HD | Smart_TV: Yes | HDR: HDR10+",2025-04-09,2025-04-09,Yes,
654,BB-MKT-00680,S002,EliteGadgets Inc,TVs,TCL,U8K,TC-4390-WH,398960726526,0398960726526,"TCL 65"" 1080p Full HD Smart TV U8K",Immerse yourself in stunning visuals with the TCL U8K. Features cutting-edge display technology.,262.5,33.16,303,https://images.bestbuy.com/marketplace/tcl-u8k-main.jpg,"Screen_Size: 65"" | Resolution: 1080p Full HD | Smart_TV: No | HDR: Dolby Vision",2024-07-05,2024-07-05,Yes,
655,BB-MKT-00867,S007,SmartBuy Co,Tablets,Apple,Tab P12 Pro,AP-2899-BL,385293121891,0385293121891,"Apple Tab P12 Pro 12.4"" 512GB Tablet",Stay productive and entertained with the Apple Tab P12 Pro. Powerful performance in a sleek design.,726.37,0.77,364,https://images.bestbuy.com/marketplace/apple-tab-p12-pro-main.jpg,"Storage_GB: 512 | Screen_Size: 12.4"" | Cellular: Yes | RAM_GB: 8",2024-12-19,2024-12-19,Yes,
656,BB-MKT-00704,S005,ConnectPro Sales,Laptops,Acer,Aspire 5,AC-2527-SL,443803752159,0443803752159,"Acer Aspire 5 16"" Laptop - 8GB RAM 1024GB SSD",Experience premium performance with the Acer Aspire 5. Designed for professionals and students alike.,416.81,1.77,144,https://images.bestbuy.com/marketplace/acer-aspire-5-main.jpg,"RAM_GB: 8 | Storage_GB: 1024 | Screen_Size: 16"" | Processor: Intel i5",2025-01-20,2025-01-20,Yes,
657,BB-MKT-00530,S001,TechDirect LLC,TVs,TCL,V-Series,TC-9824-WH,790811515121,0790811515121,"TCL 50"" 1080p Full HD Smart TV V-Series",Immerse yourself in stunning visuals with the TCL V-Series. Features cutting-edge display technology.,571.85,41.87,75,https://images.bestbuy.com/marketplace/tcl-v-series-main.jpg,"Screen_Size: 50"" | Resolution: 1080p Full HD | Smart_TV: Yes | HDR: Dolby Vision",2025-02-28,2025-02-28,Yes,
658,BB-MKT-00121,S004,ValueTech Store,Laptops,Dell,MacBook Air,DE-5264-BL,388268588472,0388268588472,"Dell MacBook Air 16"" Laptop - 16GB RAM 512GB SSD",Experience premium performance with the Dell MacBook Air. Designed for professionals and students alike.,849.6,2.18,355,https://images.bestbuy.com/marketplace/dell-macbook-air-main.jpg,"RAM_GB: 16 | Storage_GB: 512 | Screen_Size: 16"" | Processor: Apple M2",2025-03-09,2025-03-09,Yes,
659,BB-MKT-00600,S001,TechDirect LLC,Headphones,Sennheiser,WH-1000XM5,SE-9789-BL,242209562422,0242209562422,Sennheiser WH-1000XM5 Over-ear Wired Headphones,Enjoy crystal-clear audio with the Sennheiser WH-1000XM5. Perfect for music lovers and remote workers.,277.69,0.22,489,https://images.bestbuy.com/marketplace/sennheiser-wh-1000xm5-main.jpg,Type: Over-ear | Connectivity: Wired | ANC: No | Battery_Hours: 36,2024-10-14,2024-10-14,Yes,
660,BB-MKT-00746,S006,NextGen Devices,Tablets,Samsung,iPad Pro 12.9,SA-4373-BK,370036930485,0370036930485,"Samsung iPad Pro 12.9 11"" 256GB Tablet",Stay productive and entertained with the Samsung iPad Pro 12.9. Powerful performance in a sleek design.,235.42,0.6,108,https://images.bestbuy.com/marketplace/samsung-ipad-pro-12.9-main.jpg,"Storage_GB: 256 | Screen_Size: 11"" | Cellular: Yes | RAM_GB: 8",2024-07-07,2024-07-07,Yes,
661,BB-MKT-00050,S002,EliteGadgets Inc,Smart Home,Philips,Ultra 2,PH-5530-SL,631453260232,0631453260232,Philips Ultra 2 Smart Home Device,Transform your home with the Philips Ultra 2. Easy setup and seamless smart home integration.,489.84,1.27,151,https://images.bestbuy.com/marketplace/philips-ultra-2-main.jpg,Connectivity: Zigbee | Voice_Assistant: Google Assistant | Power: Battery,2024-10-25,2024-10-25,Yes,
662,BB-MKT-00549,S008,DigitalHub USA,Laptops,HP,MacBook Air,HP-3130-BL,564123587757,0564123587757,"HP MacBook Air 13.3"" Laptop - 64GB RAM 512GB SSD",Experience premium performance with the HP MacBook Air. Designed for professionals and students alike.,850.05,1.32,346,https://images.bestbuy.com/marketplace/hp-macbook-air-main.jpg,"RAM_GB: 64 | Storage_GB: 512 | Screen_Size: 13.3"" | Processor: Intel i5",2025-03-27,2025-03-27,Yes,
663,BB-MKT-00773,S008,DigitalHub USA,Headphones,Jabra,AirPods Max,JA-7960-WH,995143754255,0496439958070,Jabra AirPods Max On-ear Wired Headphones,Enjoy crystal-clear audio with the Jabra AirPods Max. Perfect for music lovers and remote workers.,43.54,0.31,288,https://images.bestbuy.com/marketplace/jabra-airpods-max-main.jpg,Type: On-ear | Connectivity: Wired | ANC: Yes | Battery_Hours: 36,2025-01-16,2025-01-16,Yes,GTIN_UPC_MISMATCH
664,BB-MKT-00579,S006,NextGen Devices,Tablets,Lenovo,Fire HD 10,LE-1991-WH,150667839076,0150667839076,"Lenovo Fire HD 10 10.1"" 512GB Tablet",Stay productive and entertained with the Lenovo Fire HD 10. Powerful performance in a sleek design.,507.42,0.56,491,https://images.bestbuy.com/marketplace/lenovo-fire-hd-10-main.jpg,"Storage_GB: 512 | Screen_Size: 10.1"" | Cellular: Yes | RAM_GB: 6",2024-12-31,2024-12-31,Yes,
665,BB-MKT-00282,S005,ConnectPro Sales,Tablets,Apple,Fire HD 10,AP-1927-WH,834667320053,0834667320053,"Apple Fire HD 10 8"" 64GB Tablet",Stay productive and entertained with the Apple Fire HD 10. Powerful performance in a sleek design.,456.03,0.77,146,https://images.bestbuy.com/marketplace/apple-fire-hd-10-main.jpg,"Storage_GB: 64 | Screen_Size: 8"" | Cellular: No | RAM_GB: 6",2024-11-06,2024-11-06,Yes,
666,BB-MKT-00475,S005,ConnectPro Sales,TVs,LG,OLED C3,LG-8934-BL,950484297513,0950484297513,"LG 43"" 8K Smart TV OLED C3",Immerse yourself in stunning visuals with the LG OLED C3. Features cutting-edge display technology.,408.44,12.74,406,https://images.bestbuy.com/marketplace/lg-oled-c3-main.jpg,"Screen_Size: 43"" | Resolution: 8K | Smart_TV: Yes | HDR: HDR10",2025-03-20,2025-03-20,Yes,
667,BB-MKT-00186,S003,PrimeElectronics,TVs,Vizio,V-Series,VI-8037-BL,594768741028,0594768741028,"Vizio 65"" 8K Smart TV V-Series",Immerse yourself in stunning visuals with the Vizio V-Series. Features cutting-edge display technology.,265.69,17.45,142,https://images.bestbuy.com/marketplace/vizio-v-series-main.jpg,"Screen_Size: 65"" | Resolution: 8K | Smart_TV: Yes | HDR: HDR10+",2024-08-02,2024-08-02,Yes,
668,BB-MKT-00515,S006,NextGen Devices,Tablets,Microsoft,Surface Pro 9,MI-6169-BL,284222622685,0284222622685,"Microsoft Surface Pro 9 12.9"" 256GB Tablet",Stay productive and entertained with the Microsoft Surface Pro 9. Powerful performance in a sleek design.,1027.23,0.39,436,https://images.bestbuy.com/marketplace/microsoft-surface-pro-9-main.jpg,"Storage_GB: 256 | Screen_Size: 12.9"" | Cellular: No | RAM_GB: 12",2025-02-11,2025-02-11,Yes,
669,BB-MKT-00071,S005,ConnectPro Sales,Smart Home,Google,Echo Show 10,GO-7951-SL,801364526954,0801364526954,Google Echo Show 10 Smart Home Device,Transform your home with the Google Echo Show 10. Easy setup and seamless smart home integration.,243.71,0.52,196,https://images.bestbuy.com/marketplace/google-echo-show-10-main.jpg,Connectivity: Bluetooth | Voice_Assistant: Apple HomeKit | Power: USB-C,2025-03-05,2025-03-05,Yes,
670,BB-MKT-00192,S007,SmartBuy Co,Smart Home,Amazon,Video Doorbell Pro 2,AM-4580-BL,698896109170,0698896109170,Amazon Video Doorbell Pro 2 Smart Home Device,Transform your home with the Amazon Video Doorbell Pro 2. Easy setup and seamless smart home integration.,85.0,1.26,384,https://images.bestbuy.com/marketplace/amazon-video-doorbell-pro-2-main.jpg,Connectivity: Z-Wave | Voice_Assistant: Alexa | Power: USB-C,2024-11-04,2024-11-04,Yes,DUPLICATE_SKU
671,BB-MKT-00858,S005,ConnectPro Sales,TVs,TCL,U8K,TC-8126-BL,750500480945,0750500480945,"TCL 50"" 4K UHD Smart TV U8K",Immerse yourself in stunning visuals with the TCL U8K. Features cutting-edge display technology.,2024.9,18.72,370,https://images.bestbuy.com/marketplace/tcl-u8k-main.jpg,"Screen_Size: 50"" | Resolution: 4K UHD | Smart_TV: No | HDR: HDR10+",2025-01-08,2025-01-08,Yes,
672,BB-MKT-00029,S006,NextGen Devices,Laptops,Dell,IdeaPad 5,DE-8119-SL,753300614396,0753300614396,"Dell IdeaPad 5 15.6"" Laptop - 16GB RAM 1024GB SSD",Experience premium performance with the Dell IdeaPad 5. Designed for professionals and students alike.,1928.94,1.7,310,https://images.bestbuy.com/marketplace/dell-ideapad-5-main.jpg,"RAM_GB: 16 | Storage_GB: 1024 | Screen_Size: 15.6"" | Processor: Intel i5",2025-03-19,2025-03-19,Yes,
673,BB-MKT-00724,S006,NextGen Devices,Tablets,Lenovo,Tab P12 Pro,LE-5333-SL,393275847844,0393275847844,"Lenovo Tab P12 Pro 11"" 64GB Tablet",Stay productive and entertained with the Lenovo Tab P12 Pro. Powerful performance in a sleek design.,1113.26,0.78,212,https://images.bestbuy.com/marketplace/lenovo-tab-p12-pro-main.jpg,"Storage_GB: 64 | Screen_Size: 11"" | Cellular: Yes | RAM_GB: 16",2024-11-01,2024-11-01,Yes,
674,BB-MKT-00132,S007,SmartBuy Co,Smart Home,Nest,Nest Hub Max,NE-9108-BL,409454714700,0409454714700,Nest Nest Hub Max Smart Home Device,Transform your home with the Nest Nest Hub Max. Easy setup and seamless smart home integration.,163.3,0.11,55,https://images.bestbuy.com/marketplace/nest-nest-hub-max-main.jpg,Connectivity: Zigbee | Voice_Assistant: Apple HomeKit | Power: Battery,2025-02-06,2025-02-06,Yes,
675,BB-MKT-00739,S002,EliteGadgets Inc,Tablets,Microsoft,Fire HD 10,MI-2225-BL,407351977297,0407351977297,"Microsoft Fire HD 10 12.9"" 128GB Tablet",Stay productive and entertained with the Microsoft Fire HD 10. Powerful performance in a sleek design.,933.45,0.56,416,https://images.bestbuy.com/marketplace/microsoft-fire-hd-10-main.jpg,"Storage_GB: 128 | Screen_Size: 12.9"" | Cellular: Yes | RAM_GB: 4",2024-12-11,2024-12-11,Yes,
676,BB-MKT-00098,S006,NextGen Devices,Headphones,Bose,Tour One,BO-1920-SL,404067920664,0404067920664,Bose Tour One Over-ear Wired Headphones,Enjoy crystal-clear audio with the Bose Tour One. Perfect for music lovers and remote workers.,292.82,0.28,231,https://images.bestbuy.com/marketplace/bose-tour-one-main.jpg,Type: Over-ear | Connectivity: Wired | ANC: No | Battery_Hours: 30,2024-07-20,2024-07-20,Yes,
677,BB-MKT-00421,S004,ValueTech Store,Smart Home,Arlo,Hue Starter Kit,AR-2900-BK,930064258118,0930064258118,Arlo Hue Starter Kit Smart Home Device,Transform your home with the Arlo Hue Starter Kit. Easy setup and seamless smart home integration.,107.77,0.66,154,https://images.bestbuy.com/marketplace/arlo-hue-starter-kit-main.jpg,Connectivity: Z-Wave | Voice_Assistant: Alexa | Power: USB-C,2025-03-01,2025-03-01,Yes,
678,BB-MKT-00629,S003,PrimeElectronics,Smart Home,Amazon,Learning Thermostat,AM-3993-WH,920592079579,0920592079579,Amazon Learning Thermostat Smart Home Device,Transform your home with the Amazon Learning Thermostat. Easy setup and seamless smart home integration.,150.9,1.36,209,https://images.bestbuy.com/marketplace/amazon-learning-thermostat-main.jpg,Connectivity: Zigbee | Voice_Assistant: Google Assistant | Power: Battery,2025-02-11,2025-02-11,Yes,
679,BB-MKT-00222,S001,TechDirect LLC,Tablets,,Galaxy Tab S9,AP-7990-WH,848968119930,0848968119930,"Apple Galaxy Tab S9 12.4"" 512GB Tablet - EXTREMELY DETAILED SPEC DESCRIPTION THAT GOES WAY BEYOND THE ALLOWED CHARACTER LIMIT FOR BEST BUY MARKETPLACE LISTINGS",Stay productive and entertained with the Apple Galaxy Tab S9. Powerful performance in a sleek design.,556.03,0.84,140,https://images.bestbuy.com/marketplace/apple-galaxy-tab-s9-main.jpg,"Storage_GB: 512 | Screen_Size: 12.4"" | Cellular: No | RAM_GB: 4",2024-11-21,2024-11-21,Yes,TITLE_TOO_LONG
680,BB-MKT-00463,S004,ValueTech Store,Headphones,Bose,WH-1000XM5,BO-7462-WH,666831914534,0666831914534,Bose WH-1000XM5 Over-ear Both Headphones,Enjoy crystal-clear audio with the Bose WH-1000XM5. Perfect for music lovers and remote workers.,284.04,0.35,261,https://images.bestbuy.com/marketplace/bose-wh-1000xm5-main.jpg,Type: Over-ear | Connectivity: Both | ANC: No | Battery_Hours: 20,2024-07-29,2024-07-29,Yes,
681,BB-MKT-00566,S006,NextGen Devices,Headphones,Beats,Evolve2 85,BE-8533-SL,329100555535,0329100555535,Beats Evolve2 85 On-ear Wired Headphones,Enjoy crystal-clear audio with the Beats Evolve2 85. Perfect for music lovers and remote workers.,37.25,0.37,330,https://images.bestbuy.com/marketplace/beats-evolve2-85-main.jpg,Type: On-ear | Connectivity: Wired | ANC: Yes | Battery_Hours: 30,2024-07-02,2024-07-02,Yes,
682,BB-MKT-00318,S005,ConnectPro Sales,TVs,Sony,QLED 4K,SO-9536-SL,819896500548,0819896500548,"Sony 75"" 4K UHD Smart TV QLED 4K - EXTREMELY DETAILED SPEC DESCRIPTION THAT GOES WAY BEYOND THE ALLOWED CHARACTER LIMIT FOR BEST BUY MARKETPLACE LISTINGS",Immerse yourself in stunning visuals with the Sony QLED 4K. Features cutting-edge display technology.,2917.52,34.29,484,https://images.bestbuy.com/marketplace/sony-qled-4k-main.jpg,"Screen_Size: 75"" | Resolution: 4K UHD | Smart_TV: No | HDR: Dolby Vision",2024-09-28,2024-09-28,Yes,TITLE_TOO_LONG
683,BB-MKT-00331,S008,DigitalHub USA,Laptops,HP,VivoBook 16,HP-1781-BL,376166543947,0376166543947,"HP VivoBook 16 15.6"" Laptop - 64GB RAM 256GB SSD",Experience premium performance with the HP VivoBook 16. Designed for professionals and students alike.,606.85,1.46,0,https://images.bestbuy.com/marketplace/hp-vivobook-16-main.jpg,"RAM_GB: 64 | Storage_GB: 256 | Screen_Size: 15.6"" | Processor: AMD Ryzen 7",2024-11-08,2023-11-09,Yes,STALE_LISTING
684,BB-MKT-00990,S004,ValueTech Store,Laptops,Apple,Pavilion 15,AP-8746-BL,520392394519,0520392394519,"Apple Pavilion 15 13.3"" Laptop - 64GB RAM 256GB SSD",Experience premium performance with the Apple Pavilion 15. Designed for professionals and students alike.,1400.45,2.43,300,https://images.bestbuy.com/marketplace/apple-pavilion-15-main.jpg,"RAM_GB: 64 | Storage_GB: 256 | Screen_Size: 13.3"" | Processor: Intel i7",2025-01-02,2025-01-02,Yes,
685,BB-MKT-00481,S004,ValueTech Store,Smart Home,Nest,Video Doorbell Pro 2,NE-7020-WH,623137480925,0623137480925,Nest Video Doorbell Pro 2 Smart Home Device,Transform your home with the Nest Video Doorbell Pro 2. Easy setup and seamless smart home integration.,35.01,1.04,344,https://images.bestbuy.com/marketplace/nest-video-doorbell-pro-2-main.jpg,Connectivity: Bluetooth | Voice_Assistant: Google Assistant | Power: Battery,2024-08-23,2024-08-23,Yes,
686,BB-MKT-00619,S004,ValueTech Store,Smart Home,Amazon,Learning Thermostat,AM-5012-BL,317847930030,0317847930030,Amazon Learning Thermostat Smart Home Device,Transform your home with the Amazon Learning Thermostat. Easy setup and seamless smart home integration.,111.92,0.45,146,https://images.bestbuy.com/marketplace/amazon-learning-thermostat-main.jpg,Connectivity: Bluetooth | Voice_Assistant: Apple HomeKit | Power: Battery,2025-04-22,2025-04-22,Yes,
687,BB-MKT-00764,S007,SmartBuy Co,Tablets,Apple,Surface Pro 9,AP-6283-WH,579163334617,0579163334617,"Apple Surface Pro 9 12.9"" 256GB Tablet",Stay productive and entertained with the Apple Surface Pro 9. Powerful performance in a sleek design.,934.82,0.42,69,https://images.bestbuy.com/marketplace/apple-surface-pro-9-main.jpg,"Storage_GB: 256 | Screen_Size: 12.9"" | Cellular: No | RAM_GB: 6",2025-01-30,2025-01-30,Yes,
688,BB-MKT-00346,S005,ConnectPro Sales,Headphones,Bose,Evolve2 85,BO-5895-WH,802146534620,0802146534620,Bose Evolve2 85 In-ear Wireless Headphones,Enjoy crystal-clear audio with the Bose Evolve2 85. Perfect for music lovers and remote workers.,216.42,0.21,341,https://images.bestbuy.com/marketplace/bose-evolve2-85-main.jpg,Type: In-ear | Connectivity: Wireless | ANC: Yes | Battery_Hours: 30,2024-10-20,2024-10-20,Yes,
689,BB-MKT-00389,S005,ConnectPro Sales,Headphones,Apple,Tour One,AP-2999-SL,248051031021,0248051031021,Apple Tour One Over-ear Wired Headphones,Enjoy crystal-clear audio with the Apple Tour One. Perfect for music lovers and remote workers.,200.19,0.3,107,https://images.bestbuy.com/marketplace/apple-tour-one-main.jpg,Type: Over-ear | Connectivity: Wired | ANC: Yes | Battery_Hours: 30,2024-10-16,2024-10-16,Yes,
690,BB-MKT-00466,S006,NextGen Devices,Laptops,Acer,Katana 15,AC-3865-BL,556440471885,0556440471885,"Acer Katana 15 13.3"" Laptop - 64GB RAM 256GB SSD",Experience premium performance with the Acer Katana 15. Designed for professionals and students alike.,1890.52,2.41,70,https://images.bestbuy.com/marketplace/acer-katana-15-main.jpg,"RAM_GB: 64 | Storage_GB: 256 | Screen_Size: 13.3"" | Processor: AMD Ryzen 7",2024-10-11,2024-10-11,Yes,
691,BB-MKT-00097,S004,ValueTech Store,Laptops,HP,IdeaPad 5,HP-9095-BL,790514124625,0790514124625,"HP IdeaPad 5 14"" Laptop - 16GB RAM 256GB SSD",Experience premium performance with the HP IdeaPad 5. Designed for professionals and students alike.,1983.34,2.42,229,https://images.bestbuy.com/marketplace/hp-ideapad-5-main.jpg,"RAM_GB: 16 | Storage_GB: 256 | Screen_Size: 14"" | Processor: Intel i5",2025-04-16,2025-04-16,Yes,
692,BB-MKT-00647,S007,SmartBuy Co,TVs,,V-Series,VI-9005-SL,534826163066,0534826163066,"Vizio 65"" 4K UHD Smart TV V-Series",Immerse yourself in stunning visuals with the Vizio V-Series. Features cutting-edge display technology.,2828.94,50.0,334,https://images.bestbuy.com/marketplace/vizio-v-series-main.jpg,"Screen_Size: 65"" | Resolution: 4K UHD | Smart_TV: Yes | HDR: HDR10",2025-01-09,2025-01-09,Yes,MISSING_BRAND
693,BB-MKT-00252,S005,ConnectPro Sales,Headphones,Jabra,WH-1000XM5,JA-5536-SL,459233619065,0459233619065,Jabra WH-1000XM5 On-ear Wireless Headphones,Enjoy crystal-clear audio with the Jabra WH-1000XM5. Perfect for music lovers and remote workers.,370.18,0.44,333,https://images.bestbuy.com/marketplace/jabra-wh-1000xm5-main.jpg,Type: On-ear | Connectivity: Wireless | ANC: No | Battery_Hours: 30,2024-11-30,2024-11-30,Yes,
694,BB-MKT-00085,S007,SmartBuy Co,Smart Home,Wyze,Video Doorbell Pro 2,WY-2874-WH,872205467773,0872205467773,Wyze Video Doorbell Pro 2 Smart Home Device,Transform your home with the Wyze Video Doorbell Pro 2. Easy setup and seamless smart home integration.,231.13,1.34,211,https://images.bestbuy.com/marketplace/wyze-video-doorbell-pro-2-main.jpg,Connectivity: Bluetooth | Voice_Assistant: None | Power: Battery,2024-12-21,2024-12-21,Yes,
695,BB-MKT-00095,S002,EliteGadgets Inc,Tablets,Apple,Surface Pro 9,AP-2734-WH,577119884818,0577119884818,"Apple Surface Pro 9 12.9"" 128GB Tablet",Stay productive and entertained with the Apple Surface Pro 9. Powerful performance in a sleek design.,650.03,0.54,40,https://images.bestbuy.com/marketplace/apple-surface-pro-9-main.jpg,"Storage_GB: 128 | Screen_Size: 12.9"" | Cellular: No | RAM_GB: 8",2025-01-19,2025-01-19,Yes,
696,BB-MKT-00557,S004,ValueTech Store,Tablets,Amazon,iPad Pro 12.9,AM-4371-WH,964469381537,0964469381537,"Amazon iPad Pro 12.9 12.9"" 64GB Tablet",Stay productive and entertained with the Amazon iPad Pro 12.9. Powerful performance in a sleek design.,1103.14,0.8,296,https://images.bestbuy.com/marketplace/amazon-ipad-pro-12.9-main.jpg,"Storage_GB: 64 | Screen_Size: 12.9"" | Cellular: Yes | RAM_GB: 4",2025-02-13,2025-02-13,Yes,
697,BB-MKT-00259,S003,PrimeElectronics,Smart Home,Nest,Ultra 2,NE-7280-BK,628132061606,0628132061606,Nest Ultra 2 Smart Home Device - EXTREMELY DETAILED SPEC DESCRIPTION THAT GOES WAY BEYOND THE ALLOWED CHARACTER LIMIT FOR BEST BUY MARKETPLACE LISTINGS,Transform your home with the Nest Ultra 2. Easy setup and seamless smart home integration.,46.73,0.38,191,https://images.bestbuy.com/marketplace/nest-ultra-2-main.jpg,Connectivity: Bluetooth | Voice_Assistant: None | Power: Wired,2024-07-08,2024-07-08,Yes,TITLE_TOO_LONG
698,BB-MKT-00487,S007,SmartBuy Co,Tablets,Microsoft,Tab P12 Pro,MI-5965-WH,710645003343,0710645003343,"Microsoft Tab P12 Pro 12.4"" 512GB Tablet",Stay productive and entertained with the Microsoft Tab P12 Pro. Powerful performance in a sleek design.,714.2,0.38,366,https://images.bestbuy.com/marketplace/microsoft-tab-p12-pro-main.jpg,"Storage_GB: 512 | Screen_Size: 12.4"" | Cellular: Yes | RAM_GB: 4",2025-01-16,2025-01-16,Yes,
699,BB-MKT-00849,S001,TechDirect LLC,Headphones,Beats,Evolve2 85,BE-1232-BL,668508743067,0668508743067,Beats Evolve2 85 On-ear Both Headphones,Enjoy crystal-clear audio with the Beats Evolve2 85. Perfect for music lovers and remote workers.,245.52,0.37,31,https://images.bestbuy.com/marketplace/beats-evolve2-85-main.jpg,Type: On-ear | Connectivity: Both | ANC: Yes | Battery_Hours: 40,2024-08-03,2024-08-03,Yes,
700,BB-MKT-00500,S002,EliteGadgets Inc,Smart Home,Arlo,Cam OG,AR-4900-BK,202583424970,0202583424970,Arlo Cam OG Smart Home Device,,392.4,0.54,426,https://images.bestbuy.com/marketplace/arlo-cam-og-main.jpg,Connectivity: Wi-Fi | Voice_Assistant: Apple HomeKit | Power: Wired,2025-04-26,2025-04-26,Yes,MISSING_DESCRIPTION
701,BB-MKT-00040,S001,TechDirect LLC,Tablets,Amazon,Fire HD 10,AM-3977-BK,610529239139,0610529239139,"Amazon Fire HD 10 8"" 64GB Tablet",Stay productive and entertained with the Amazon Fire HD 10. Powerful performance in a sleek design.,448.18,0.5,232,https://images.bestbuy.com/marketplace/amazon-fire-hd-10-main.jpg,"Storage_GB: 64 | Screen_Size: 8"" | Cellular: No | RAM_GB: 6",2024-12-15,2024-12-15,Yes,
702,BB-MKT-00390,S001,TechDirect LLC,Laptops,Acer,MacBook Air,AC-9608-SL,384827149561,0384827149561,"Acer MacBook Air 15.6"" Laptop - 8GB RAM 512GB SSD",Experience premium performance with the Acer MacBook Air. Designed for professionals and students alike.,2345.92,2.18,254,https://images.bestbuy.com/marketplace/acer-macbook-air-main.jpg,"RAM_GB: 8 | Storage_GB: 512 | Screen_Size: 15.6"" | Processor: AMD Ryzen 7",2025-03-24,2025-03-24,Yes,
703,BB-MKT-00028,S004,ValueTech Store,Laptops,Apple,Pavilion 15,AP-5573-SL,950261314384,0950261314384,"Apple Pavilion 15 15.6"" Laptop - 64GB RAM 512GB SSD",Experience premium performance with the Apple Pavilion 15. Designed for professionals and students alike.,1746.11,1.84,431,https://images.bestbuy.com/marketplace/apple-pavilion-15-main.jpg,"RAM_GB: 64 | Storage_GB: 512 | Screen_Size: 15.6"" | Processor: Intel i5",2025-04-01,2025-04-01,Yes,
704,BB-MKT-00503,S001,TechDirect LLC,Laptops,Apple,Katana 15,AP-2999-WH,498146117496,0498146117496,"Apple Katana 15 16"" Laptop - 16GB RAM 512GB SSD",,2200.06,1.82,465,https://images.bestbuy.com/marketplace/apple-katana-15-main.jpg,"RAM_GB: 16 | Storage_GB: 512 | Screen_Size: 16"" | Processor: AMD Ryzen 5",2025-01-18,2025-01-18,Yes,MISSING_DESCRIPTION
705,BB-MKT-00702,S008,DigitalHub USA,Tablets,Microsoft,Tab P12 Pro,MI-4190-SL,566633796533,0566633796533,"Microsoft Tab P12 Pro 10.1"" 512GB Tablet",Stay productive and entertained with the Microsoft Tab P12 Pro. Powerful performance in a sleek design.,273.66,0.35,308,https://images.bestbuy.com/marketplace/microsoft-tab-p12-pro-main.jpg,"Storage_GB: 512 | Screen_Size: 10.1"" | Cellular: Yes | RAM_GB: 8",2024-12-19,2024-12-19,Yes,
706,BB-MKT-00717,S003,PrimeElectronics,Tablets,Microsoft,Fire HD 10,MI-3369-SL,833248514898,0833248514898,"Microsoft Fire HD 10 8"" 512GB Tablet",Stay productive and entertained with the Microsoft Fire HD 10. Powerful performance in a sleek design.,912.67,0.79,375,https://images.bestbuy.com/marketplace/microsoft-fire-hd-10-main.jpg,"Storage_GB: 512 | Screen_Size: 8"" | Cellular: Yes | RAM_GB: 4",2024-12-10,2024-12-10,Yes,
707,BB-MKT-00636,S001,TechDirect LLC,TVs,TCL,QLED 4K,TC-2895-BL,593476317261,0593476317261,"TCL 55"" 1080p Full HD Smart TV QLED 4K",Immerse yourself in stunning visuals with the TCL QLED 4K. Features cutting-edge display technology.,17644.71,18.6,108,https://images.bestbuy.com/marketplace/tcl-qled-4k-main.jpg,"Screen_Size: 55"" | Resolution: 1080p Full HD | Smart_TV: No | HDR: HDR10",2024-09-26,2024-09-26,Yes,PRICE_ANOMALY
708,BB-MKT-00602,S001,TechDirect LLC,TVs,TCL,QLED 4K,TC-8580-BK,604619824871,0604619824871,"TCL 65"" 1080p Full HD Smart TV QLED 4K",Immerse yourself in stunning visuals with the TCL QLED 4K. Features cutting-edge display technology.,3013.84,20.67,451,https://images.bestbuy.com/marketplace/tcl-qled-4k-main.jpg,"Screen_Size: 65"" | Resolution: 1080p Full HD | Smart_TV: Yes | HDR: HDR10+",2025-02-19,2025-02-19,Yes,
709,BB-MKT-00706,S007,SmartBuy Co,Tablets,Amazon,iPad Pro 12.9,AM-4794-WH,201472694275,0201472694275,"Amazon iPad Pro 12.9 10.1"" 256GB Tablet",Stay productive and entertained with the Amazon iPad Pro 12.9. Powerful performance in a sleek design.,1077.6,0.69,393,https://images.bestbuy.com/marketplace/amazon-ipad-pro-12.9-main.jpg,"Storage_GB: 256 | Screen_Size: 10.1"" | Cellular: Yes | RAM_GB: 12",2024-09-21,2024-09-21,Yes,
710,BB-MKT-00962,S003,PrimeElectronics,Tablets,Apple,Fire HD 10,AP-2765-SL,421843513958,0421843513958,"Apple Fire HD 10 12.9"" 64GB Tablet",Stay productive and entertained with the Apple Fire HD 10. Powerful performance in a sleek design.,934.49,0.65,85,https://images.bestbuy.com/marketplace/apple-fire-hd-10-main.jpg,"Storage_GB: 64 | Screen_Size: 12.9"" | Cellular: Yes | RAM_GB: 8",2024-08-21,2024-08-21,Yes,
711,BB-MKT-00101,S001,TechDirect LLC,TVs,Vizio,5-Series 4K,VI-7697-SL,526416780991,0526416780991,"Vizio 65"" 1080p Full HD Smart TV 5-Series 4K",Immerse yourself in stunning visuals with the Vizio 5-Series 4K. Features cutting-edge display technology.,2794.87,10.3,323,https://images.bestbuy.com/marketplace/vizio-5-series-4k-main.jpg,"Screen_Size: 65"" | Resolution: 1080p Full HD | Smart_TV: Yes | HDR: Dolby Vision",2024-12-19,2024-12-19,Yes,
712,BB-MKT-00552,S006,NextGen Devices,Laptops,Acer,Katana 15,AC-1659-WH,420283290822,0420283290822,"Acer Katana 15 13.3"" Laptop - 64GB RAM 256GB SSD",Experience premium performance with the Acer Katana 15. Designed for professionals and students alike.,646.26,1.69,191,https://images.bestbuy.com/marketplace/acer-katana-15-main.jpg,"RAM_GB: 64 | Storage_GB: 256 | Screen_Size: 13.3"" | Processor: AMD Ryzen 5",2024-12-03,2024-12-03,Yes,
713,BB-MKT-00393,S002,EliteGadgets Inc,Headphones,Apple,Tour One,AP-6536-BL,461610543448,0461610543448,Apple Tour One In-ear Both Headphones,Enjoy crystal-clear audio with the Apple Tour One. Perfect for music lovers and remote workers.,505.4,0.4,330,https://images.bestbuy.com/marketplace/apple-tour-one-main.jpg,Type: In-ear | Connectivity: Both | ANC: Yes | Battery_Hours: 24,2024-09-08,2024-09-08,Yes,
714,BB-MKT-00485,S002,EliteGadgets Inc,Tablets,Apple,Galaxy Tab S9,AP-2578-BK,784200112629,0784200112629,"Apple Galaxy Tab S9 12.9"" 512GB Tablet",Stay productive and entertained with the Apple Galaxy Tab S9. Powerful performance in a sleek design.,909.24,0.61,252,https://images.bestbuy.com/marketplace/apple-galaxy-tab-s9-main.jpg,"Storage_GB: 512 | Screen_Size: 12.9"" | Cellular: No | RAM_GB: 6",2025-02-24,2025-02-24,Yes,
715,BB-MKT-00262,S003,PrimeElectronics,Tablets,Apple,Galaxy Tab S9,AP-3768-BK,656583492617,0656583492617,"Apple Galaxy Tab S9 10.1"" 128GB Tablet",Stay productive and entertained with the Apple Galaxy Tab S9. Powerful performance in a sleek design.,570.58,0.69,19,https://images.bestbuy.com/marketplace/apple-galaxy-tab-s9-main.jpg,"Storage_GB: 128 | Screen_Size: 10.1"" | Cellular: Yes | RAM_GB: 4",2025-01-09,2025-01-09,Yes,
716,BB-MKT-00754,S005,ConnectPro Sales,TVs,LG,Bravia XR,LG-1208-BL,256573961868,0256573961868,"LG 85"" 4K UHD Smart TV Bravia XR",Immerse yourself in stunning visuals with the LG Bravia XR. Features cutting-edge display technology.,31114.33,8.92,498,https://images.bestbuy.com/marketplace/lg-bravia-xr-main.jpg,"Screen_Size: 85"" | Resolution: 4K UHD | Smart_TV: Yes | HDR: HDR10",2024-11-13,2024-11-13,Yes,PRICE_ANOMALY
717,BB-MKT-00787,S007,SmartBuy Co,Tablets,Microsoft,Galaxy Tab S9,MI-7215-BK,768014241670,0768014241670,"Microsoft Galaxy Tab S9 8"" 64GB Tablet",Stay productive and entertained with the Microsoft Galaxy Tab S9. Powerful performance in a sleek design.,784.37,0.33,392,https://images.bestbuy.com/marketplace/microsoft-galaxy-tab-s9-main.jpg,"Storage_GB: 64 | Screen_Size: 8"" | Cellular: Yes | RAM_GB: 6",2025-01-10,2025-01-10,Yes,
718,BB-MKT-00328,S002,EliteGadgets Inc,Smart Home,Nest,Video Doorbell Pro 2,NE-2650-SL,517517002314,0517517002314,Nest Video Doorbell Pro 2 Smart Home Device,Transform your home with the Nest Video Doorbell Pro 2. Easy setup and seamless smart home integration.,1560.08,1.31,0,https://images.bestbuy.com/marketplace/nest-video-doorbell-pro-2-main.jpg,Connectivity: Wi-Fi | Voice_Assistant: Alexa | Power: USB-C,2025-04-07,2023-11-05,Yes,STALE_LISTING
719,BB-MKT-00512,S004,ValueTech Store,Tablets,Lenovo,Fire HD 10,LE-6453-WH,156086914128,0156086914128,,Stay productive and entertained with the Lenovo Fire HD 10. Powerful performance in a sleek design.,690.57,0.51,310,https://images.bestbuy.com/marketplace/lenovo-fire-hd-10-main.jpg,"Storage_GB: 256 | Screen_Size: 8"" | Cellular: Yes | RAM_GB: 16",2024-07-24,2024-07-24,Yes,MISSING_TITLE
720,BB-MKT-00033,S003,PrimeElectronics,Laptops,Lenovo,Aspire 5,LE-4262-WH,985728087295,0985728087295,"Lenovo Aspire 5 14"" Laptop - 32GB RAM 256GB SSD",Experience premium performance with the Lenovo Aspire 5. Designed for professionals and students alike.,450.29,1.59,243,https://images.bestbuy.com/marketplace/lenovo-aspire-5-main.jpg,"RAM_GB: 32 | Storage_GB: 256 | Screen_Size: 14"" | Processor: AMD Ryzen 5",2024-08-07,2024-08-07,Yes,
721,BB-MKT-00504,S005,ConnectPro Sales,Headphones,Sony,Studio Pro,SO-6196-BL,584970058198,0584970058198,Sony Studio Pro Over-ear Wired Headphones,Enjoy crystal-clear audio with the Sony Studio Pro. Perfect for music lovers and remote workers.,439.45,0.27,41,https://images.bestbuy.com/marketplace/sony-studio-pro-main.jpg,Type: Over-ear | Connectivity: Wired | ANC: Yes | Battery_Hours: 24,2025-03-09,2025-03-09,Yes,
722,BB-MKT-00696,S001,TechDirect LLC,Headphones,Sennheiser,Tour One,SE-8543-WH,422721047781,0422721047781,Sennheiser Tour One Over-ear Wireless Headphones,Enjoy crystal-clear audio with the Sennheiser Tour One. Perfect for music lovers and remote workers.,463.33,0.34,476,https://images.bestbuy.com/marketplace/sennheiser-tour-one-main.jpg,Type: Over-ear | Connectivity: Wireless | ANC: Yes | Battery_Hours: 30,2025-02-01,2025-02-01,Yes,
723,BB-MKT-00813,S007,SmartBuy Co,Headphones,Apple,Tour One,AP-4451-BL,907407489066,0907407489066,Apple Tour One On-ear Wireless Headphones,Enjoy crystal-clear audio with the Apple Tour One. Perfect for music lovers and remote workers.,298.95,0.34,315,https://images.bestbuy.com/marketplace/apple-tour-one-main.jpg,Type: On-ear | Connectivity: Wireless | ANC: Yes | Battery_Hours: 20,2024-12-08,2024-12-08,Yes,
724,BB-MKT-00608,S002,EliteGadgets Inc,Smart Home,Arlo,Learning Thermostat,AR-5476-WH,111869524603,0111869524603,Arlo Learning Thermostat Smart Home Device,Transform your home with the Arlo Learning Thermostat. Easy setup and seamless smart home integration.,236.11,0.35,365,https://images.bestbuy.com/marketplace/arlo-learning-thermostat-main.jpg,Connectivity: Zigbee | Voice_Assistant: Alexa | Power: USB-C,2024-07-18,2024-07-18,Yes,
725,BB-MKT-00630,S002,EliteGadgets Inc,TVs,Samsung,Bravia XR,SA-1486-WH,473938159819,0473938159819,"Samsung 43"" 8K Smart TV Bravia XR",Immerse yourself in stunning visuals with the Samsung Bravia XR. Features cutting-edge display technology.,2041.11,37.6,51,https://images.bestbuy.com/marketplace/samsung-bravia-xr-main.jpg,"Screen_Size: 43"" | Resolution: 8K | Smart_TV: Yes | HDR: Dolby Vision",2024-07-05,2024-07-05,Yes,
726,BB-MKT-00651,S008,DigitalHub USA,Headphones,Sony,WH-1000XM5,SO-5206-BK,714557511328,0714557511328,Sony WH-1000XM5 Over-ear Both Headphones,Enjoy crystal-clear audio with the Sony WH-1000XM5. Perfect for music lovers and remote workers.,73.0,0.23,152,https://images.bestbuy.com/marketplace/sony-wh-1000xm5-main.jpg,Type: Over-ear | Connectivity: Both | ANC: Yes | Battery_Hours: 24,2025-01-03,2025-01-03,Yes,
727,BB-MKT-00490,S006,NextGen Devices,Laptops,Apple,Pavilion 15,AP-5995-BK,171674376731,0171674376731,"Apple Pavilion 15 15.6"" Laptop - 16GB RAM 256GB SSD",Experience premium performance with the Apple Pavilion 15. Designed for professionals and students alike.,1107.95,1.23,166,https://images.bestbuy.com/marketplace/apple-pavilion-15-main.jpg,"RAM_GB: 16 | Storage_GB: 256 | Screen_Size: 15.6"" | Processor: Apple M2",2024-07-20,2024-07-20,Yes,
728,BB-MKT-00604,S002,EliteGadgets Inc,Tablets,Apple,Galaxy Tab S9,AP-4559-BL,897567025875,0897567025875,"Apple Galaxy Tab S9 11"" 128GB Tablet",Stay productive and entertained with the Apple Galaxy Tab S9. Powerful performance in a sleek design.,621.97,0.76,62,https://images.bestbuy.com/marketplace/apple-galaxy-tab-s9-main.jpg,"Storage_GB: 128 | Screen_Size: 11"" | Cellular: No | RAM_GB: 4",2025-01-05,2025-01-05,Yes,
729,BB-MKT-00607,S004,ValueTech Store,Smart Home,Arlo,Nest Hub Max,AR-3643-WH,408466383812,0408466383812,Arlo Nest Hub Max Smart Home Device,Transform your home with the Arlo Nest Hub Max. Easy setup and seamless smart home integration.,476.84,0.95,90,https://images.bestbuy.com/marketplace/arlo-nest-hub-max-main.jpg,Connectivity: Bluetooth | Voice_Assistant: Google Assistant | Power: Wired,2024-11-28,2024-11-28,Yes,DUPLICATE_SKU
730,BB-MKT-00439,S003,PrimeElectronics,Laptops,Apple,MacBook Air,AP-5439-BL,255504274075,0255504274075,"Apple MacBook Air 16"" Laptop - 32GB RAM 512GB SSD",Experience premium performance with the Apple MacBook Air. Designed for professionals and students alike.,1264.27,2.7,312,https://images.bestbuy.com/marketplace/apple-macbook-air-main.jpg,"RAM_GB: 32 | Storage_GB: 512 | Screen_Size: 16"" | Processor: Intel i7",2024-07-20,2024-07-20,Yes,
731,BB-MKT-00312,S002,EliteGadgets Inc,Tablets,Samsung,Fire HD 10,SA-9680-BL,151001982033,0151001982033,"Samsung Fire HD 10 12.4"" 64GB Tablet",Stay productive and entertained with the Samsung Fire HD 10. Powerful performance in a sleek design.,412.91,0.78,404,https://images.bestbuy.com/marketplace/samsung-fire-hd-10-main.jpg,"Storage_GB: 64 | Screen_Size: 12.4"" | Cellular: No | RAM_GB: 8",2025-01-12,2025-01-12,Yes,
732,BB-MKT-00214,S005,ConnectPro Sales,Smart Home,Philips,Video Doorbell Pro 2,PH-4201-WH,953721873297,0953721873297,Philips Video Doorbell Pro 2 Smart Home Device,Transform your home with the Philips Video Doorbell Pro 2. Easy setup and seamless smart home integration.,99.77,1.41,12,https://images.bestbuy.com/marketplace/philips-video-doorbell-pro-2-main.jpg,Connectivity: Zigbee | Voice_Assistant: None | Power: Wired,2024-10-28,2024-10-28,Yes,
733,BB-MKT-00384,S003,PrimeElectronics,Tablets,Amazon,Tab P12 Pro,AM-3459-WH,825296733937,0982132389601,"Amazon Tab P12 Pro 10.1"" 64GB Tablet",Stay productive and entertained with the Amazon Tab P12 Pro. Powerful performance in a sleek design.,1148.14,0.41,364,https://images.bestbuy.com/marketplace/amazon-tab-p12-pro-main.jpg,"Storage_GB: 64 | Screen_Size: 10.1"" | Cellular: No | RAM_GB: 16",2024-07-27,2024-07-27,Yes,GTIN_UPC_MISMATCH
734,BB-MKT-00398,S005,ConnectPro Sales,Headphones,Bose,Studio Pro,BO-8526-BL,141766712855,0319926305177,Bose Studio Pro Over-ear Both Headphones,Enjoy crystal-clear audio with the Bose Studio Pro. Perfect for music lovers and remote workers.,400.11,0.33,2,https://images.bestbuy.com/marketplace/bose-studio-pro-main.jpg,Type: Over-ear | Connectivity: Both | ANC: Yes | Battery_Hours: 24,2024-12-07,2024-12-07,Yes,GTIN_UPC_MISMATCH
735,BB-MKT-00835,S003,PrimeElectronics,TVs,TCL,QLED 4K,TC-9594-BL,983157653494,0983157653494,"TCL 43"" 8K Smart TV QLED 4K",Immerse yourself in stunning visuals with the TCL QLED 4K. Features cutting-edge display technology.,773.5,46.47,214,https://images.bestbuy.com/marketplace/tcl-qled-4k-main.jpg,"Screen_Size: 43"" | Resolution: 8K | Smart_TV: No | HDR: HDR10",2025-01-21,2025-01-21,Yes,
736,BB-MKT-00308,S003,PrimeElectronics,Tablets,Apple,Galaxy Tab S9,AP-1642-WH,665344571298,0665344571298,"Apple Galaxy Tab S9 10.1"" 64GB Tablet",Stay productive and entertained with the Apple Galaxy Tab S9. Powerful performance in a sleek design.,213.3,0.45,92,https://images.bestbuy.com/marketplace/apple-galaxy-tab-s9-main.jpg,"Storage_GB: 64 | Screen_Size: 10.1"" | Cellular: Yes | RAM_GB: 6",2025-03-22,2025-03-22,Yes,
737,BB-MKT-00612,S006,NextGen Devices,Headphones,Bose,WH-1000XM5,BO-8516-WH,333599777962,0333599777962,Bose WH-1000XM5 On-ear Both Headphones,Enjoy crystal-clear audio with the Bose WH-1000XM5. Perfect for music lovers and remote workers.,2404.48,0.4,332,https://images.bestbuy.com/marketplace/bose-wh-1000xm5-main.jpg,Type: On-ear | Connectivity: Both | ANC: No | Battery_Hours: 20,2025-01-05,2025-01-05,Yes,PRICE_ANOMALY
738,BB-MKT-00715,S007,SmartBuy Co,Tablets,Samsung,iPad Pro 12.9,SA-3885-BK,796867339882,0796867339882,"Samsung iPad Pro 12.9 8"" 128GB Tablet",Stay productive and entertained with the Samsung iPad Pro 12.9. Powerful performance in a sleek design.,312.0,0.46,0,https://images.bestbuy.com/marketplace/samsung-ipad-pro-12.9-main.jpg,"Storage_GB: 128 | Screen_Size: 8"" | Cellular: No | RAM_GB: 8",2024-11-30,2023-12-30,Yes,STALE_LISTING
739,BB-MKT-00011,S005,ConnectPro Sales,TVs,Samsung,OLED C3,SA-2133-WH,995440510689,0995440510689,"Samsung 75"" 4K UHD Smart TV OLED C3",Immerse yourself in stunning visuals with the Samsung OLED C3. Features cutting-edge display technology.,730.47,28.91,281,https://images.bestbuy.com/marketplace/samsung-oled-c3-main.jpg,"Screen_Size: 75"" | Resolution: 4K UHD | Smart_TV: Yes | HDR: HDR10+",2024-09-23,2024-09-23,Yes,
740,BB-MKT-00413,S002,EliteGadgets Inc,Laptops,HP,MacBook Air,HP-7813-BL,250687482084,0250687482084,"HP MacBook Air 16"" Laptop - 64GB RAM 1024GB SSD",Experience premium performance with the HP MacBook Air. Designed for professionals and students alike.,2275.52,2.31,476,https://images.bestbuy.com/marketplace/hp-macbook-air-main.jpg,"RAM_GB: 64 | Storage_GB: 1024 | Screen_Size: 16"" | Processor: Intel i7",2025-02-03,2025-02-03,Yes,
741,BB-MKT-00678,S003,PrimeElectronics,Laptops,HP,Pavilion 15,HP-6996-BL,482145257023,0482145257023,"HP Pavilion 15 15.6"" Laptop - 64GB RAM 1024GB SSD",Experience premium performance with the HP Pavilion 15. Designed for professionals and students alike.,1721.72,1.39,223,https://images.bestbuy.com/marketplace/hp-pavilion-15-main.jpg,"RAM_GB: 64 | Storage_GB: 1024 | Screen_Size: 15.6"" | Processor: Apple M2",2024-08-04,2024-08-04,Yes,
742,BB-MKT-00367,S003,PrimeElectronics,Tablets,Apple,Galaxy Tab S9,AP-1893-WH,912231451885,0912231451885,"Apple Galaxy Tab S9 11"" 128GB Tablet",Stay productive and entertained with the Apple Galaxy Tab S9. Powerful performance in a sleek design.,1240.28,0.86,444,https://images.bestbuy.com/marketplace/apple-galaxy-tab-s9-main.jpg,"Storage_GB: 128 | Screen_Size: 11"" | Cellular: Yes | RAM_GB: 4",2024-11-25,2024-11-25,Yes,
743,BB-MKT-00433,S003,PrimeElectronics,Laptops,HP,XPS 15,HP-6041-BL,696110275650,0696110275650,"HP XPS 15 16"" Laptop - 16GB RAM 512GB SSD",Experience premium performance with the HP XPS 15. Designed for professionals and students alike.,1520.27,2.53,230,https://images.bestbuy.com/marketplace/hp-xps-15-main.jpg,"RAM_GB: 16 | Storage_GB: 512 | Screen_Size: 16"" | Processor: Intel i5",2024-07-09,2024-07-09,Yes,
744,BB-MKT-00122,S004,ValueTech Store,Laptops,HP,Katana 15,HP-6236-SL,198772489942,0198772489942,"HP Katana 15 14"" Laptop - 8GB RAM 512GB SSD",Experience premium performance with the HP Katana 15. Designed for professionals and students alike.,1889.04,2.08,148,https://images.bestbuy.com/marketplace/hp-katana-15-main.jpg,"RAM_GB: 8 | Storage_GB: 512 | Screen_Size: 14"" | Processor: AMD Ryzen 7",2024-12-01,2024-12-01,Yes,
745,BB-MKT-00464,S006,NextGen Devices,Tablets,Samsung,Tab P12 Pro,SA-6756-SL,479179686078,0479179686078,"Samsung Tab P12 Pro 12.4"" 256GB Tablet",Stay productive and entertained with the Samsung Tab P12 Pro. Powerful performance in a sleek design.,1273.15,0.82,44,https://images.bestbuy.com/marketplace/samsung-tab-p12-pro-main.jpg,"Storage_GB: 256 | Screen_Size: 12.4"" | Cellular: No | RAM_GB: 4",2024-10-19,2024-10-19,Yes,
746,BB-MKT-00847,S008,DigitalHub USA,Smart Home,Arlo,Learning Thermostat,AR-9938-BK,927414920416,0927414920416,Arlo Learning Thermostat Smart Home Device,Transform your home with the Arlo Learning Thermostat. Easy setup and seamless smart home integration.,46.95,0.14,457,https://images.bestbuy.com/marketplace/arlo-learning-thermostat-main.jpg,Connectivity: Bluetooth | Voice_Assistant: Google Assistant | Power: Wired,2024-09-17,2024-09-17,Yes,
747,BB-MKT-00069,S001,TechDirect LLC,Headphones,Beats,WH-1000XM5,BE-9702-BL,366913189856,0366913189856,Beats WH-1000XM5 On-ear Wired Headphones,,323.28,0.4,87,https://images.bestbuy.com/marketplace/beats-wh-1000xm5-main.jpg,Type: On-ear | Connectivity: Wired | ANC: No | Battery_Hours: 36,2024-09-28,2024-09-28,Yes,MISSING_DESCRIPTION
748,BB-MKT-00767,S006,NextGen Devices,TVs,Hisense,U8K,HI-1097-BL,542922521801,0542922521801,"Hisense 75"" 8K Smart TV U8K",Immerse yourself in stunning visuals with the Hisense U8K. Features cutting-edge display technology.,3277.05,46.5,235,https://images.bestbuy.com/marketplace/hisense-u8k-main.jpg,"Screen_Size: 75"" | Resolution: 8K | Smart_TV: Yes | HDR: Dolby Vision",2024-07-28,2024-07-28,Yes,
749,BB-MKT-00838,S005,ConnectPro Sales,TVs,LG,V-Series,LG-8679-WH,164831305435,0164831305435,"LG 43"" 1080p Full HD Smart TV V-Series",Immerse yourself in stunning visuals with the LG V-Series. Features cutting-edge display technology.,499.4,36.0,452,https://images.bestbuy.com/marketplace/lg-v-series-main.jpg,"Screen_Size: 43"" | Resolution: 1080p Full HD | Smart_TV: No | HDR: Dolby Vision",2024-10-24,2024-10-24,Yes,
750,BB-MKT-00191,S008,DigitalHub USA,TVs,Samsung,U8K,SA-9808-SL,345993620171,0345993620171,"Samsung 43"" 4K UHD Smart TV U8K",Immerse yourself in stunning visuals with the Samsung U8K. Features cutting-edge display technology.,879.78,28.12,380,https://images.bestbuy.com/marketplace/samsung-u8k-main.jpg,"Screen_Size: 43"" | Resolution: 4K UHD | Smart_TV: No | HDR: HDR10",2025-03-11,2025-03-11,Yes,
751,BB-MKT-00213,S001,TechDirect LLC,TVs,LG,U8K,LG-6090-SL,412957225436,0412957225436,"LG 43"" 8K Smart TV U8K",Immerse yourself in stunning visuals with the LG U8K. Features cutting-edge display technology.,572.95,28.1,0,https://images.bestbuy.com/marketplace/lg-u8k-main.jpg,"Screen_Size: 43"" | Resolution: 8K | Smart_TV: Yes | HDR: Dolby Vision",2024-10-11,2023-11-22,Yes,STALE_LISTING
752,BB-MKT-00977,S004,ValueTech Store,TVs,Vizio,OLED C3,VI-2136-WH,584778702407,0584778702407,"Vizio 55"" 1080p Full HD Smart TV OLED C3",Immerse yourself in stunning visuals with the Vizio OLED C3. Features cutting-edge display technology.,2505.23,20.66,82,https://images.bestbuy.com/marketplace/vizio-oled-c3-main.jpg,"Screen_Size: 55"" | Resolution: 1080p Full HD | Smart_TV: No | HDR: HDR10",2024-09-12,2024-09-12,Yes,
753,BB-MKT-00303,S001,TechDirect LLC,TVs,Hisense,V-Series,HI-3395-BL,293957383401,0293957383401,"Hisense 50"" 1080p Full HD Smart TV V-Series",Immerse yourself in stunning visuals with the Hisense V-Series. Features cutting-edge display technology.,21061.4,9.78,389,https://images.bestbuy.com/marketplace/hisense-v-series-main.jpg,"Screen_Size: 50"" | Resolution: 1080p Full HD | Smart_TV: Yes | HDR: Dolby Vision",2025-03-07,2025-03-07,Yes,PRICE_ANOMALY
754,BB-MKT-00971,S004,ValueTech Store,Headphones,JBL,Evolve2 85,JB-8998-SL,310028521336,0310028521336,JBL Evolve2 85 Over-ear Wired Headphones,Enjoy crystal-clear audio with the JBL Evolve2 85. Perfect for music lovers and remote workers.,341.07,0.36,202,,Type: Over-ear | Connectivity: Wired | ANC: No | Battery_Hours: 36,2024-07-22,2024-07-22,Yes,MISSING_PRIMARY_IMAGE_URL
755,BB-MKT-00017,S003,PrimeElectronics,Tablets,Lenovo,Tab P12 Pro,LE-7396-SL,101627677155,0101627677155,"Lenovo Tab P12 Pro 12.4"" 128GB Tablet",Stay productive and entertained with the Lenovo Tab P12 Pro. Powerful performance in a sleek design.,1214.5,0.77,146,https://images.bestbuy.com/marketplace/lenovo-tab-p12-pro-main.jpg,"Storage_GB: 128 | Screen_Size: 12.4"" | Cellular: Yes | RAM_GB: 6",2025-02-02,2025-02-02,Yes,
756,BB-MKT-00915,S008,DigitalHub USA,TVs,Hisense,Bravia XR,HI-4377-SL,262233765324,0262233765324,"Hisense 85"" 1080p Full HD Smart TV Bravia XR",Immerse yourself in stunning visuals with the Hisense Bravia XR. Features cutting-edge display technology.,929.95,9.15,308,https://images.bestbuy.com/marketplace/hisense-bravia-xr-main.jpg,"Screen_Size: 85"" | Resolution: 1080p Full HD | Smart_TV: Yes | HDR: HDR10",2024-07-21,2024-07-21,Yes,
757,BB-MKT-00900,S001,TechDirect LLC,Headphones,Apple,Studio Pro,AP-9242-SL,717091634913,0717091634913,Apple Studio Pro In-ear Wireless Headphones,Enjoy crystal-clear audio with the Apple Studio Pro. Perfect for music lovers and remote workers.,307.98,0.23,387,https://images.bestbuy.com/marketplace/apple-studio-pro-main.jpg,Type: In-ear | Connectivity: Wireless | ANC: No | Battery_Hours: 30,2024-10-02,2024-10-02,Yes,DUPLICATE_SKU
758,BB-MKT-00099,S001,TechDirect LLC,Headphones,Beats,AirPods Max,BE-7299-BL,656602334572,0656602334572,Beats AirPods Max Over-ear Both Headphones,Enjoy crystal-clear audio with the Beats AirPods Max. Perfect for music lovers and remote workers.,330.77,0.44,378,https://images.bestbuy.com/marketplace/beats-airpods-max-main.jpg,Type: Over-ear | Connectivity: Both | ANC: Yes | Battery_Hours: 40,2024-07-22,2024-07-22,Yes,
759,BB-MKT-00654,S003,PrimeElectronics,Smart Home,Nest,Echo Show 10,NE-8472-BK,538788115568,0538788115568,Nest Echo Show 10 Smart Home Device,Transform your home with the Nest Echo Show 10. Easy setup and seamless smart home integration.,473.03,1.05,481,https://images.bestbuy.com/marketplace/nest-echo-show-10-main.jpg,Connectivity: Z-Wave | Voice_Assistant: Apple HomeKit | Power: Wired,2024-09-12,2024-09-12,Yes,
760,BB-MKT-00555,S003,PrimeElectronics,Headphones,Sony,Studio Pro,SO-9863-BK,471065405201,0471065405201,Sony Studio Pro In-ear Both Headphones,Enjoy crystal-clear audio with the Sony Studio Pro. Perfect for music lovers and remote workers.,527.2,0.42,376,https://images.bestbuy.com/marketplace/sony-studio-pro-main.jpg,Type: In-ear | Connectivity: Both | ANC: No | Battery_Hours: 36,2024-11-20,2024-11-20,Yes,
761,BB-MKT-00215,S006,NextGen Devices,Laptops,Lenovo,XPS 15,LE-4902-BL,680701888065,0680701888065,"Lenovo XPS 15 15.6"" Laptop - 64GB RAM 1024GB SSD",Experience premium performance with the Lenovo XPS 15. Designed for professionals and students alike.,1432.26,1.3,72,https://images.bestbuy.com/marketplace/lenovo-xps-15-main.jpg,"RAM_GB: 64 | Storage_GB: 1024 | Screen_Size: 15.6"" | Processor: Intel i5",2024-11-21,2024-11-21,Yes,
762,BB-MKT-00869,S004,ValueTech Store,Laptops,ASUS,IdeaPad 5,AS-7050-SL,153116307763,0153116307763,"ASUS IdeaPad 5 16"" Laptop - 8GB RAM 256GB SSD",Experience premium performance with the ASUS IdeaPad 5. Designed for professionals and students alike.,1237.94,2.28,392,https://images.bestbuy.com/marketplace/asus-ideapad-5-main.jpg,"RAM_GB: 8 | Storage_GB: 256 | Screen_Size: 16"" | Processor: AMD Ryzen 7",2024-07-13,2024-07-13,Yes,DUPLICATE_SKU
763,BB-MKT-00416,S005,ConnectPro Sales,Tablets,Amazon,iPad Pro 12.9,AM-9834-SL,798722777484,0798722777484,"Amazon iPad Pro 12.9 10.1"" 64GB Tablet",Stay productive and entertained with the Amazon iPad Pro 12.9. Powerful performance in a sleek design.,853.99,0.84,273,https://images.bestbuy.com/marketplace/amazon-ipad-pro-12.9-main.jpg,"Storage_GB: 64 | Screen_Size: 10.1"" | Cellular: No | RAM_GB: 4",2024-07-06,2024-07-06,Yes,
764,BB-MKT-00248,S006,NextGen Devices,Tablets,Amazon,Tab P12 Pro,AM-8308-WH,754934352045,0754934352045,"Amazon Tab P12 Pro 8"" 64GB Tablet",Stay productive and entertained with the Amazon Tab P12 Pro. Powerful performance in a sleek design.,1253.6,0.58,282,https://images.bestbuy.com/marketplace/amazon-tab-p12-pro-main.jpg,"Storage_GB: 64 | Screen_Size: 8"" | Cellular: Yes | RAM_GB: 8",2024-12-27,2024-12-27,Yes,
765,BB-MKT-00314,S004,ValueTech Store,Laptops,Apple,MacBook Air,AP-4365-SL,512347758641,0512347758641,"Apple MacBook Air 13.3"" Laptop - 8GB RAM 1024GB SSD",Experience premium performance with the Apple MacBook Air. Designed for professionals and students alike.,1257.57,1.37,218,https://images.bestbuy.com/marketplace/apple-macbook-air-main.jpg,"RAM_GB: 8 | Storage_GB: 1024 | Screen_Size: 13.3"" | Processor: Apple M2",2025-04-26,2025-04-26,Yes,
766,BB-MKT-00956,S006,NextGen Devices,TVs,Hisense,U8K,HI-1867-SL,774184832612,0774184832612,"Hisense 65"" 4K UHD Smart TV U8K",Immerse yourself in stunning visuals with the Hisense U8K. Features cutting-edge display technology.,2451.93,42.08,36,https://images.bestbuy.com/marketplace/hisense-u8k-main.jpg,"Screen_Size: 65"" | Resolution: 4K UHD | Smart_TV: No | HDR: HDR10",2024-08-02,2024-08-02,Yes,
767,BB-MKT-00074,S005,ConnectPro Sales,Tablets,Apple,Fire HD 10,AP-7807-WH,921742001498,0921742001498,"Apple Fire HD 10 10.1"" 256GB Tablet",Stay productive and entertained with the Apple Fire HD 10. Powerful performance in a sleek design.,379.91,0.77,448,https://images.bestbuy.com/marketplace/apple-fire-hd-10-main.jpg,"Storage_GB: 256 | Screen_Size: 10.1"" | Cellular: Yes | RAM_GB: 8",2025-01-04,2025-01-04,Yes,
768,BB-MKT-00148,S001,TechDirect LLC,Headphones,JBL,QuietComfort 45,JB-1187-SL,897070599637,0897070599637,JBL QuietComfort 45 On-ear Wired Headphones,Enjoy crystal-clear audio with the JBL QuietComfort 45. Perfect for music lovers and remote workers.,368.92,0.37,31,https://images.bestbuy.com/marketplace/jbl-quietcomfort-45-main.jpg,Type: On-ear | Connectivity: Wired | ANC: No | Battery_Hours: 30,2024-08-30,2024-08-30,Yes,
769,BB-MKT-00508,S007,SmartBuy Co,Smart Home,Google,Echo Show 10,GO-4248-SL,610989986979,0610989986979,Google Echo Show 10 Smart Home Device,Transform your home with the Google Echo Show 10. Easy setup and seamless smart home integration.,358.59,0.34,205,https://images.bestbuy.com/marketplace/google-echo-show-10-main.jpg,Connectivity: Wi-Fi | Voice_Assistant: Google Assistant | Power: Battery,2025-02-05,2025-02-05,Yes,
770,BB-MKT-00111,S007,SmartBuy Co,Laptops,MSI,IdeaPad 5,MS-8489-BK,560585590540,0560585590540,"MSI IdeaPad 5 13.3"" Laptop - 16GB RAM 512GB SSD",Experience premium performance with the MSI IdeaPad 5. Designed for professionals and students alike.,631.8,2.65,305,https://images.bestbuy.com/marketplace/msi-ideapad-5-main.jpg,"RAM_GB: 16 | Storage_GB: 512 | Screen_Size: 13.3"" | Processor: Intel i5",2025-04-01,2025-04-01,Yes,
771,BB-MKT-00517,S008,DigitalHub USA,Headphones,Jabra,Momentum 4,JA-3425-BK,893906830518,0893906830518,Jabra Momentum 4 On-ear Wired Headphones,Enjoy crystal-clear audio with the Jabra Momentum 4. Perfect for music lovers and remote workers.,210.79,0.25,145,https://images.bestbuy.com/marketplace/jabra-momentum-4-main.jpg,Type: On-ear | Connectivity: Wired | ANC: No | Battery_Hours: 20,2024-10-01,2024-10-01,Yes,
772,BB-MKT-00330,S008,DigitalHub USA,Tablets,Samsung,Fire HD 10,SA-4863-BL,399448622255,0399448622255,"Samsung Fire HD 10 12.9"" 128GB Tablet",Stay productive and entertained with the Samsung Fire HD 10. Powerful performance in a sleek design.,1127.11,0.42,409,https://images.bestbuy.com/marketplace/samsung-fire-hd-10-main.jpg,"Storage_GB: 128 | Screen_Size: 12.9"" | Cellular: Yes | RAM_GB: 4",2024-09-15,2024-09-15,Yes,DUPLICATE_SKU
773,BB-MKT-00734,S005,ConnectPro Sales,Headphones,JBL,QuietComfort 45,JB-9123-BL,992258816064,0992258816064,JBL QuietComfort 45 Over-ear Wired Headphones,Enjoy crystal-clear audio with the JBL QuietComfort 45. Perfect for music lovers and remote workers.,295.58,0.3,98,https://images.bestbuy.com/marketplace/jbl-quietcomfort-45-main.jpg,Type: Over-ear | Connectivity: Wired | ANC: No | Battery_Hours: 36,2024-11-06,2024-11-06,Yes,
774,BB-MKT-00911,S007,SmartBuy Co,Tablets,Lenovo,Tab P12 Pro,LE-8163-BK,118783929373,0118783929373,"Lenovo Tab P12 Pro 12.9"" 64GB Tablet",Stay productive and entertained with the Lenovo Tab P12 Pro. Powerful performance in a sleek design.,1252.76,0.82,167,https://images.bestbuy.com/marketplace/lenovo-tab-p12-pro-main.jpg,"Storage_GB: 64 | Screen_Size: 12.9"" | Cellular: Yes | RAM_GB: 16",2025-04-02,2025-04-02,Yes,
775,BB-MKT-00840,S003,PrimeElectronics,Laptops,Apple,Pavilion 15,AP-9557-BL,237878423678,0237878423678,"Apple Pavilion 15 15.6"" Laptop - 32GB RAM 256GB SSD",Experience premium performance with the Apple Pavilion 15. Designed for professionals and students alike.,1092.34,2.44,303,https://images.bestbuy.com/marketplace/apple-pavilion-15-main.jpg,"RAM_GB: 32 | Storage_GB: 256 | Screen_Size: 15.6"" | Processor: Apple M2",2024-11-19,2024-11-19,Yes,
776,BB-MKT-00711,S006,NextGen Devices,Laptops,Apple,VivoBook 16,AP-1934-WH,808572673440,0808572673440,"Apple VivoBook 16 13.3"" Laptop - 64GB RAM 512GB SSD",Experience premium performance with the Apple VivoBook 16. Designed for professionals and students alike.,1868.47,2.1,79,https://images.bestbuy.com/marketplace/apple-vivobook-16-main.jpg,"RAM_GB: 64 | Storage_GB: 512 | Screen_Size: 13.3"" | Processor: Apple M2",2024-08-23,2024-08-23,Yes,
777,BB-MKT-00519,S002,EliteGadgets Inc,Laptops,Lenovo,MacBook Air,LE-1473-BK,268893311127,0268893311127,"Lenovo MacBook Air 15.6"" Laptop - 8GB RAM 512GB SSD",Experience premium performance with the Lenovo MacBook Air. Designed for professionals and students alike.,1462.93,2.33,245,https://images.bestbuy.com/marketplace/lenovo-macbook-air-main.jpg,"RAM_GB: 8 | Storage_GB: 512 | Screen_Size: 15.6"" | Processor: Apple M2",2025-02-18,2025-02-18,Yes,DUPLICATE_SKU
778,BB-MKT-00465,S008,DigitalHub USA,Tablets,Lenovo,Surface Pro 9,LE-2410-WH,747833589117,0747833589117,"Lenovo Surface Pro 9 12.4"" 128GB Tablet",Stay productive and entertained with the Lenovo Surface Pro 9. Powerful performance in a sleek design.,387.95,0.58,444,https://images.bestbuy.com/marketplace/lenovo-surface-pro-9-main.jpg,"Storage_GB: 128 | Screen_Size: 12.4"" | Cellular: No | RAM_GB: 6",2025-03-26,2025-03-26,Yes,
779,BB-MKT-00660,S007,SmartBuy Co,Smart Home,Samsung,Tab P12 Pro,SA-9529-WH,572242891228,0572242891228,"Samsung Tab P12 Pro 12.4"" 256GB Tablet",Stay productive and entertained with the Samsung Tab P12 Pro. Powerful performance in a sleek design.,499.97,0.81,485,https://images.bestbuy.com/marketplace/samsung-tab-p12-pro-main.jpg,"Storage_GB: 256 | Screen_Size: 12.4"" | Cellular: No | RAM_GB: 8",2024-12-04,2024-12-04,Yes,CATEGORY_MISMATCH
780,BB-MKT-00656,S007,SmartBuy Co,Laptops,Acer,Pavilion 15,AC-9984-BL,852091680802,0852091680802,"Acer Pavilion 15 13.3"" Laptop - 8GB RAM 512GB SSD",Experience premium performance with the Acer Pavilion 15. Designed for professionals and students alike.,537.51,2.22,185,https://images.bestbuy.com/marketplace/acer-pavilion-15-main.jpg,"RAM_GB: 8 | Storage_GB: 512 | Screen_Size: 13.3"" | Processor: Apple M2",2024-12-18,2024-12-18,Yes,
781,BB-MKT-00232,S006,NextGen Devices,Laptops,HP,IdeaPad 5,HP-5345-WH,110508195555,0110508195555,"HP IdeaPad 5 13.3"" Laptop - 32GB RAM 256GB SSD",Experience premium performance with the HP IdeaPad 5. Designed for professionals and students alike.,923.04,1.31,131,https://images.bestbuy.com/marketplace/hp-ideapad-5-main.jpg,"RAM_GB: 32 | Storage_GB: 256 | Screen_Size: 13.3"" | Processor: AMD Ryzen 5",2024-08-25,2024-08-25,Yes,
782,BB-MKT-00109,S007,SmartBuy Co,Smart Home,Ring,Nest Hub Max,RI-6221-BK,131029157713,0131029157713,Ring Nest Hub Max Smart Home Device,Transform your home with the Ring Nest Hub Max. Easy setup and seamless smart home integration.,423.41,1.01,405,,Connectivity: Bluetooth | Voice_Assistant: Alexa | Power: Wired,2024-09-13,2024-09-13,Yes,MISSING_PRIMARY_IMAGE_URL
783,BB-MKT-00901,S008,DigitalHub USA,Laptops,Lenovo,Aspire 5,LE-8078-SL,933505231225,0933505231225,"Lenovo Aspire 5 14"" Laptop - 64GB RAM 512GB SSD",Experience premium performance with the Lenovo Aspire 5. Designed for professionals and students alike.,597.59,2.58,175,https://images.bestbuy.com/marketplace/lenovo-aspire-5-main.jpg,"RAM_GB: 64 | Storage_GB: 512 | Screen_Size: 14"" | Processor: Intel i7",2025-04-02,2025-04-02,Yes,
784,BB-MKT-00705,S004,ValueTech Store,Headphones,Beats,Tour One,BE-9250-BK,548099599573,0548099599573,Beats Tour One In-ear Wired Headphones,Enjoy crystal-clear audio with the Beats Tour One. Perfect for music lovers and remote workers.,290.13,0.39,12,https://images.bestbuy.com/marketplace/beats-tour-one-main.jpg,Type: In-ear | Connectivity: Wired | ANC: Yes | Battery_Hours: 20,2025-04-27,2025-04-27,Yes,
785,BB-MKT-00852,S003,PrimeElectronics,Laptops,Sennheiser,Evolve2 85,SE-8542-BK,510761848676,0510761848676,Sennheiser Evolve2 85 Over-ear Wireless Headphones,Enjoy crystal-clear audio with the Sennheiser Evolve2 85. Perfect for music lovers and remote workers.,485.14,0.44,157,https://images.bestbuy.com/marketplace/sennheiser-evolve2-85-main.jpg,Type: Over-ear | Connectivity: Wireless | ANC: Yes | Battery_Hours: 24,2024-10-06,2024-10-06,Yes,CATEGORY_MISMATCH
786,BB-MKT-00768,S002,EliteGadgets Inc,Laptops,Lenovo,Katana 15,LE-6428-BK,630709538311,0630709538311,"Lenovo Katana 15 13.3"" Laptop - 8GB RAM 512GB SSD",Experience premium performance with the Lenovo Katana 15. Designed for professionals and students alike.,654.03,2.14,261,https://images.bestbuy.com/marketplace/lenovo-katana-15-main.jpg,"RAM_GB: 8 | Storage_GB: 512 | Screen_Size: 13.3"" | Processor: AMD Ryzen 5",2024-07-28,2024-07-28,Yes,
787,BB-MKT-00360,S003,PrimeElectronics,Laptops,Dell,VivoBook 16,DE-4817-SL,373083279361,0373083279361,"Dell VivoBook 16 14"" Laptop - 32GB RAM 256GB SSD",Experience premium performance with the Dell VivoBook 16. Designed for professionals and students alike.,2102.26,1.35,204,https://images.bestbuy.com/marketplace/dell-vivobook-16-main.jpg,"RAM_GB: 32 | Storage_GB: 256 | Screen_Size: 14"" | Processor: AMD Ryzen 5",2025-04-18,2025-04-18,Yes,
788,BB-MKT-00930,S005,ConnectPro Sales,Smart Home,Ring,Video Doorbell Pro 2,RI-9993-BL,948201731736,0948201731736,Ring Video Doorbell Pro 2 Smart Home Device,Transform your home with the Ring Video Doorbell Pro 2. Easy setup and seamless smart home integration.,340.73,1.04,175,https://images.bestbuy.com/marketplace/ring-video-doorbell-pro-2-main.jpg,Connectivity: Zigbee | Voice_Assistant: Apple HomeKit | Power: Wired,2025-03-23,2025-03-23,Yes,
789,BB-MKT-00225,S005,ConnectPro Sales,TVs,Samsung,Bravia XR,SA-8728-SL,989309877693,0989309877693,"Samsung 75"" 4K UHD Smart TV Bravia XR",Immerse yourself in stunning visuals with the Samsung Bravia XR. Features cutting-edge display technology.,3124.66,51.98,0,https://images.bestbuy.com/marketplace/samsung-bravia-xr-main.jpg,"Screen_Size: 75"" | Resolution: 4K UHD | Smart_TV: Yes | HDR: Dolby Vision",2024-09-20,2023-12-01,Yes,STALE_LISTING
790,BB-MKT-00403,S008,DigitalHub USA,Smart Home,Ring,Video Doorbell Pro 2,RI-9740-BK,837696721747,0837696721747,Ring Video Doorbell Pro 2 Smart Home Device,Transform your home with the Ring Video Doorbell Pro 2. Easy setup and seamless smart home integration.,486.63,1.16,238,https://images.bestbuy.com/marketplace/ring-video-doorbell-pro-2-main.jpg,Connectivity: Z-Wave | Voice_Assistant: Google Assistant | Power: USB-C,2025-04-17,2025-04-17,Yes,
791,BB-MKT-00927,S004,ValueTech Store,TVs,Sony,OLED C3,SO-9518-SL,836424323138,0836424323138,"Sony 85"" 1080p Full HD Smart TV OLED C3",Immerse yourself in stunning visuals with the Sony OLED C3. Features cutting-edge display technology.,3098.6,13.8,216,https://images.bestbuy.com/marketplace/sony-oled-c3-main.jpg,"Screen_Size: 85"" | Resolution: 1080p Full HD | Smart_TV: No | HDR: Dolby Vision",2025-01-08,2025-01-08,Yes,
792,BB-MKT-00536,S003,PrimeElectronics,TVs,LG,U8K,LG-4431-BK,359002212732,0359002212732,"LG 65"" 4K UHD Smart TV U8K",Immerse yourself in stunning visuals with the LG U8K. Features cutting-edge display technology.,3996.23,23.79,133,https://images.bestbuy.com/marketplace/lg-u8k-main.jpg,"Screen_Size: 65"" | Resolution: 4K UHD | Smart_TV: No | HDR: Dolby Vision",2024-12-30,2024-12-30,Yes,
793,BB-MKT-00405,S006,NextGen Devices,Tablets,Samsung,Surface Pro 9,SA-2849-SL,619971784205,0619971784205,"Samsung Surface Pro 9 12.4"" 256GB Tablet",Stay productive and entertained with the Samsung Surface Pro 9. Powerful performance in a sleek design.,699.45,0.81,144,https://images.bestbuy.com/marketplace/samsung-surface-pro-9-main.jpg,"Storage_GB: 256 | Screen_Size: 12.4"" | Cellular: No | RAM_GB: 4",2024-12-26,2024-12-26,Yes,
794,BB-MKT-00562,S002,EliteGadgets Inc,Tablets,Apple,Tab P12 Pro,AP-2663-WH,748383186670,0748383186670,"Apple Tab P12 Pro 8"" 128GB Tablet",Stay productive and entertained with the Apple Tab P12 Pro. Powerful performance in a sleek design.,1026.43,0.69,64,https://images.bestbuy.com/marketplace/apple-tab-p12-pro-main.jpg,"Storage_GB: 128 | Screen_Size: 8"" | Cellular: No | RAM_GB: 16",2024-12-03,2024-12-03,Yes,
795,BB-MKT-00879,S003,PrimeElectronics,Smart Home,Ring,Cam OG,RI-9040-WH,711104644344,0711104644344,Ring Cam OG Smart Home Device,Transform your home with the Ring Cam OG. Easy setup and seamless smart home integration.,205.38,0.85,193,https://images.bestbuy.com/marketplace/ring-cam-og-main.jpg,Connectivity: Bluetooth | Voice_Assistant: None | Power: Battery,2024-09-02,2024-09-02,Yes,
796,BB-MKT-00750,S005,ConnectPro Sales,Laptops,Acer,XPS 15,AC-8059-SL,651460606683,0651460606683,"Acer XPS 15 14"" Laptop - 32GB RAM 512GB SSD",Experience premium performance with the Acer XPS 15. Designed for professionals and students alike.,510.63,1.64,50,https://images.bestbuy.com/marketplace/acer-xps-15-main.jpg,"RAM_GB: 32 | Storage_GB: 512 | Screen_Size: 14"" | Processor: Intel i7",2024-07-26,2024-07-26,Yes,
797,BB-MKT-00334,S006,NextGen Devices,Tablets,Amazon,Fire HD 10,AM-6136-SL,350583963423,0350583963423,"Amazon Fire HD 10 8"" 512GB Tablet",Stay productive and entertained with the Amazon Fire HD 10. Powerful performance in a sleek design.,899.97,0.73,309,https://images.bestbuy.com/marketplace/amazon-fire-hd-10-main.jpg,"Storage_GB: 512 | Screen_Size: 8"" | Cellular: Yes | RAM_GB: 6",2025-01-19,2025-01-19,Yes,
798,BB-MKT-00120,S006,NextGen Devices,Tablets,Amazon,iPad Pro 12.9,AM-2259-WH,939425327436,0939425327436,"Amazon iPad Pro 12.9 12.4"" 128GB Tablet",Stay productive and entertained with the Amazon iPad Pro 12.9. Powerful performance in a sleek design.,757.88,0.54,332,https://images.bestbuy.com/marketplace/amazon-ipad-pro-12.9-main.jpg,"Storage_GB: 128 | Screen_Size: 12.4"" | Cellular: No | RAM_GB: 8",2024-11-20,2024-11-20,Yes,
799,BB-MKT-00896,S004,ValueTech Store,TVs,Sony,V-Series,SO-8472-WH,888940985469,0888940985469,"Sony 50"" 1080p Full HD Smart TV V-Series",Immerse yourself in stunning visuals with the Sony V-Series. Features cutting-edge display technology.,399.87,34.8,282,https://images.bestbuy.com/marketplace/sony-v-series-main.jpg,"Screen_Size: 50"" | Resolution: 1080p Full HD | Smart_TV: Yes | HDR: HDR10",2024-11-20,2024-11-20,Yes,
800,BB-MKT-00343,S001,TechDirect LLC,TVs,Samsung,Bravia XR,SA-2477-WH,353438306759,0353438306759,"Samsung 55"" 4K UHD Smart TV Bravia XR",Immerse yourself in stunning visuals with the Samsung Bravia XR. Features cutting-edge display technology.,304.22,17.56,215,https://images.bestbuy.com/marketplace/samsung-bravia-xr-main.jpg,"Screen_Size: 55"" | Resolution: 4K UHD | Smart_TV: No | HDR: HDR10+",2024-12-07,2024-12-07,Yes,
801,BB-MKT-00922,S005,ConnectPro Sales,Headphones,Sennheiser,Tour One,SE-3480-WH,670957024827,0670957024827,Sennheiser Tour One Over-ear Wired Headphones,Enjoy crystal-clear audio with the Sennheiser Tour One. Perfect for music lovers and remote workers.,218.84,0.43,402,https://images.bestbuy.com/marketplace/sennheiser-tour-one-main.jpg,Type: Over-ear | Connectivity: Wired | ANC: Yes | Battery_Hours: 24,2024-09-22,2024-09-22,Yes,
802,BB-MKT-00701,S002,EliteGadgets Inc,Smart Home,,Nest Hub Max,NE-7427-WH,340758673107,0340758673107,Nest Nest Hub Max Smart Home Device,Transform your home with the Nest Nest Hub Max. Easy setup and seamless smart home integration.,415.58,1.47,309,https://images.bestbuy.com/marketplace/nest-nest-hub-max-main.jpg,Connectivity: Zigbee | Voice_Assistant: None | Power: USB-C,2024-08-09,2024-08-09,Yes,MISSING_BRAND
803,BB-MKT-00233,S001,TechDirect LLC,Laptops,ASUS,VivoBook 16,AS-6754-BL,516104036557,0516104036557,"ASUS VivoBook 16 16"" Laptop - 64GB RAM 256GB SSD",Experience premium performance with the ASUS VivoBook 16. Designed for professionals and students alike.,612.0,1.97,0,https://images.bestbuy.com/marketplace/asus-vivobook-16-main.jpg,"RAM_GB: 64 | Storage_GB: 256 | Screen_Size: 16"" | Processor: AMD Ryzen 7",2025-04-22,2023-12-31,Yes,STALE_LISTING
804,BB-MKT-00758,S003,PrimeElectronics,Tablets,Samsung,Galaxy Tab S9,SA-8056-SL,914229524202,0914229524202,"Samsung Galaxy Tab S9 12.4"" 256GB Tablet",Stay productive and entertained with the Samsung Galaxy Tab S9. Powerful performance in a sleek design.,386.25,0.35,471,https://images.bestbuy.com/marketplace/samsung-galaxy-tab-s9-main.jpg,"Storage_GB: 256 | Screen_Size: 12.4"" | Cellular: Yes | RAM_GB: 6",2025-01-10,2025-01-10,Yes,
805,BB-MKT-00837,S005,ConnectPro Sales,Tablets,Lenovo,Galaxy Tab S9,LE-6205-BL,110625192566,0110625192566,"Lenovo Galaxy Tab S9 10.1"" 256GB Tablet",Stay productive and entertained with the Lenovo Galaxy Tab S9. Powerful performance in a sleek design.,355.11,0.58,500,https://images.bestbuy.com/marketplace/lenovo-galaxy-tab-s9-main.jpg,"Storage_GB: 256 | Screen_Size: 10.1"" | Cellular: Yes | RAM_GB: 16",2024-07-03,2024-07-03,Yes,
806,BB-MKT-00681,S008,DigitalHub USA,Smart Home,Arlo,Ultra 2,AR-5399-BK,878661952904,0878661952904,Arlo Ultra 2 Smart Home Device,Transform your home with the Arlo Ultra 2. Easy setup and seamless smart home integration.,109.42,0.16,121,https://images.bestbuy.com/marketplace/arlo-ultra-2-main.jpg,Connectivity: Z-Wave | Voice_Assistant: Apple HomeKit | Power: Battery,2024-11-27,2024-11-27,Yes,
807,BB-MKT-00564,S008,DigitalHub USA,TVs,Ring,Ultra 2,RI-5110-BL,398423717653,0398423717653,Ring Ultra 2 Smart Home Device,Transform your home with the Ring Ultra 2. Easy setup and seamless smart home integration.,498.64,1.28,108,https://images.bestbuy.com/marketplace/ring-ultra-2-main.jpg,Connectivity: Zigbee | Voice_Assistant: Alexa | Power: Battery,2025-04-26,2025-04-26,Yes,CATEGORY_MISMATCH
808,BB-MKT-00261,S001,TechDirect LLC,Headphones,Apple,Tour One,AP-3192-SL,855433096260,0855433096260,Apple Tour One In-ear Both Headphones,Enjoy crystal-clear audio with the Apple Tour One. Perfect for music lovers and remote workers.,546.99,0.32,384,https://images.bestbuy.com/marketplace/apple-tour-one-main.jpg,Type: In-ear | Connectivity: Both | ANC: No | Battery_Hours: 36,2024-10-05,2024-10-05,Yes,
809,BB-MKT-00005,S007,SmartBuy Co,Headphones,JBL,Evolve2 85,JB-5374-BK,835339233454,0835339233454,JBL Evolve2 85 On-ear Wireless Headphones,Enjoy crystal-clear audio with the JBL Evolve2 85. Perfect for music lovers and remote workers.,345.75,0.24,373,https://images.bestbuy.com/marketplace/jbl-evolve2-85-main.jpg,Type: On-ear | Connectivity: Wireless | ANC: No | Battery_Hours: 30,2024-11-03,2024-11-03,Yes,
810,BB-MKT-00590,S001,TechDirect LLC,TVs,LG,OLED C3,LG-7178-WH,565170723838,0565170723838,"LG 65"" 4K UHD Smart TV OLED C3",Immerse yourself in stunning visuals with the LG OLED C3. Features cutting-edge display technology.,3757.12,24.46,281,https://images.bestbuy.com/marketplace/lg-oled-c3-main.jpg,"Screen_Size: 65"" | Resolution: 4K UHD | Smart_TV: No | HDR: HDR10",2024-08-13,2024-08-13,Yes,
811,BB-MKT-00107,S005,ConnectPro Sales,Tablets,Amazon,Fire HD 10,AM-8873-SL,156908330480,0156908330480,"Amazon Fire HD 10 10.1"" 512GB Tablet",Stay productive and entertained with the Amazon Fire HD 10. Powerful performance in a sleek design.,786.72,0.36,433,https://images.bestbuy.com/marketplace/amazon-fire-hd-10-main.jpg,"Storage_GB: 512 | Screen_Size: 10.1"" | Cellular: Yes | RAM_GB: 16",2025-03-22,2025-03-22,Yes,
812,BB-MKT-00533,S004,ValueTech Store,Laptops,Acer,XPS 15,AC-7834-BL,392330551950,0392330551950,"Acer XPS 15 15.6"" Laptop - 64GB RAM 1024GB SSD",Experience premium performance with the Acer XPS 15. Designed for professionals and students alike.,644.58,2.2,330,https://images.bestbuy.com/marketplace/acer-xps-15-main.jpg,"RAM_GB: 64 | Storage_GB: 1024 | Screen_Size: 15.6"" | Processor: Apple M2",2024-12-25,2024-12-25,Yes,
813,BB-MKT-00043,S002,EliteGadgets Inc,TVs,Sony,QLED 4K,SO-7498-WH,516432181410,0516432181410,"Sony 75"" 4K UHD Smart TV QLED 4K",Immerse yourself in stunning visuals with the Sony QLED 4K. Features cutting-edge display technology.,533.99,38.39,321,https://images.bestbuy.com/marketplace/sony-qled-4k-main.jpg,"Screen_Size: 75"" | Resolution: 4K UHD | Smart_TV: No | HDR: HDR10+",2024-11-02,2024-11-02,Yes,
814,BB-MKT-00881,S006,NextGen Devices,Headphones,Jabra,WH-1000XM5,JA-7425-WH,686416052898,0686416052898,Jabra WH-1000XM5 In-ear Both Headphones,Enjoy crystal-clear audio with the Jabra WH-1000XM5. Perfect for music lovers and remote workers.,475.71,0.32,237,https://images.bestbuy.com/marketplace/jabra-wh-1000xm5-main.jpg,Type: In-ear | Connectivity: Both | ANC: No | Battery_Hours: 40,2024-11-24,2024-11-24,Yes,
815,BB-MKT-00514,S008,DigitalHub USA,TVs,Samsung,Bravia XR,SA-6132-BK,225672486885,0225672486885,"Samsung 85"" 1080p Full HD Smart TV Bravia XR",Immerse yourself in stunning visuals with the Samsung Bravia XR. Features cutting-edge display technology.,3918.44,29.97,498,https://images.bestbuy.com/marketplace/samsung-bravia-xr-main.jpg,"Screen_Size: 85"" | Resolution: 1080p Full HD | Smart_TV: No | HDR: HDR10",2024-11-21,2024-11-21,Yes,
816,BB-MKT-00115,S002,EliteGadgets Inc,Tablets,Apple,Surface Pro 9,AP-7524-BL,663972481559,0663972481559,"Apple Surface Pro 9 8"" 128GB Tablet",Stay productive and entertained with the Apple Surface Pro 9. Powerful performance in a sleek design.,440.31,0.75,97,https://images.bestbuy.com/marketplace/apple-surface-pro-9-main.jpg,"Storage_GB: 128 | Screen_Size: 8"" | Cellular: Yes | RAM_GB: 4",2024-11-24,2024-11-24,Yes,
817,BB-MKT-00430,S007,SmartBuy Co,Smart Home,Amazon,Cam OG,AM-2148-WH,957824229167,0957824229167,Amazon Cam OG Smart Home Device,Transform your home with the Amazon Cam OG. Easy setup and seamless smart home integration.,30.55,1.44,418,https://images.bestbuy.com/marketplace/amazon-cam-og-main.jpg,Connectivity: Bluetooth | Voice_Assistant: None | Power: Wired,2025-03-04,2025-03-04,Yes,
818,BB-MKT-00084,S007,SmartBuy Co,Tablets,Apple,Tab P12 Pro,AP-2076-WH,261526407509,0261526407509,"Apple Tab P12 Pro 8"" 512GB Tablet",Stay productive and entertained with the Apple Tab P12 Pro. Powerful performance in a sleek design.,465.27,0.68,280,https://images.bestbuy.com/marketplace/apple-tab-p12-pro-main.jpg,"Storage_GB: 512 | Screen_Size: 8"" | Cellular: Yes | RAM_GB: 8",2024-12-14,2024-12-14,Yes,
819,BB-MKT-00406,S003,PrimeElectronics,Headphones,Amazon,Learning Thermostat,AM-5949-BL,180098783906,0180098783906,Amazon Learning Thermostat Smart Home Device,Transform your home with the Amazon Learning Thermostat. Easy setup and seamless smart home integration.,217.38,0.68,317,https://images.bestbuy.com/marketplace/amazon-learning-thermostat-main.jpg,Connectivity: Wi-Fi | Voice_Assistant: Apple HomeKit | Power: USB-C,2024-11-02,2024-11-02,Yes,CATEGORY_MISMATCH
820,BB-MKT-00710,S008,DigitalHub USA,Laptops,Lenovo,Katana 15,LE-3113-BL,851263396300,0851263396300,"Lenovo Katana 15 16"" Laptop - 32GB RAM 512GB SSD",Experience premium performance with the Lenovo Katana 15. Designed for professionals and students alike.,1169.14,2.55,487,https://images.bestbuy.com/marketplace/lenovo-katana-15-main.jpg,"RAM_GB: 32 | Storage_GB: 512 | Screen_Size: 16"" | Processor: Apple M2",2024-12-08,2024-12-08,Yes,
821,BB-MKT-00211,S003,PrimeElectronics,Headphones,Bose,AirPods Max,BO-1042-BK,661527374178,0661527374178,Bose AirPods Max Over-ear Both Headphones,Enjoy crystal-clear audio with the Bose AirPods Max. Perfect for music lovers and remote workers.,475.52,0.2,23,https://images.bestbuy.com/marketplace/bose-airpods-max-main.jpg,Type: Over-ear | Connectivity: Both | ANC: Yes | Battery_Hours: 24,2025-02-27,2025-02-27,Yes,
822,BB-MKT-00972,S008,DigitalHub USA,TVs,Vizio,V-Series,VI-2089-WH,640269047372,0640269047372,"Vizio 50"" 4K UHD Smart TV V-Series",Immerse yourself in stunning visuals with the Vizio V-Series. Features cutting-edge display technology.,2262.52,15.36,378,https://images.bestbuy.com/marketplace/vizio-v-series-main.jpg,"Screen_Size: 50"" | Resolution: 4K UHD | Smart_TV: Yes | HDR: HDR10",2024-11-09,2024-11-09,Yes,
823,BB-MKT-00143,S001,TechDirect LLC,Laptops,ASUS,IdeaPad 5,AS-3587-BL,705437997984,0705437997984,"ASUS IdeaPad 5 14"" Laptop - 64GB RAM 256GB SSD",Experience premium performance with the ASUS IdeaPad 5. Designed for professionals and students alike.,1770.07,2.61,243,https://images.bestbuy.com/marketplace/asus-ideapad-5-main.jpg,"RAM_GB: 64 | Storage_GB: 256 | Screen_Size: 14"" | Processor: Intel i5",2025-03-02,2025-03-02,Yes,
824,BB-MKT-00588,S003,PrimeElectronics,Smart Home,Wyze,Learning Thermostat,WY-2062-WH,829246780211,0829246780211,Wyze Learning Thermostat Smart Home Device,Transform your home with the Wyze Learning Thermostat. Easy setup and seamless smart home integration.,268.05,1.15,330,https://images.bestbuy.com/marketplace/wyze-learning-thermostat-main.jpg,Connectivity: Zigbee | Voice_Assistant: Alexa | Power: Wired,2025-03-18,2025-03-18,Yes,
825,BB-MKT-00818,S006,NextGen Devices,Laptops,ASUS,XPS 15,AS-7163-WH,251380046815,0251380046815,"ASUS XPS 15 13.3"" Laptop - 32GB RAM 256GB SSD",Experience premium performance with the ASUS XPS 15. Designed for professionals and students alike.,1813.03,1.62,77,https://images.bestbuy.com/marketplace/asus-xps-15-main.jpg,"RAM_GB: 32 | Storage_GB: 256 | Screen_Size: 13.3"" | Processor: Intel i5",2025-03-06,2025-03-06,Yes,
826,BB-MKT-00127,S007,SmartBuy Co,TVs,Vizio,U8K,VI-2330-BK,133774683071,0133774683071,"Vizio 85"" 1080p Full HD Smart TV U8K",Immerse yourself in stunning visuals with the Vizio U8K. Features cutting-edge display technology.,4005.3,41.92,135,https://images.bestbuy.com/marketplace/vizio-u8k-main.jpg,"Screen_Size: 85"" | Resolution: 1080p Full HD | Smart_TV: No | HDR: HDR10+",2024-10-16,2024-10-16,Yes,DUPLICATE_SKU
827,BB-MKT-00974,S003,PrimeElectronics,Smart Home,Amazon,Learning Thermostat,AM-7358-WH,139636728813,0139636728813,Amazon Learning Thermostat Smart Home Device,Transform your home with the Amazon Learning Thermostat. Easy setup and seamless smart home integration.,68.3,1.07,34,https://images.bestbuy.com/marketplace/amazon-learning-thermostat-main.jpg,Connectivity: Bluetooth | Voice_Assistant: Alexa | Power: Battery,2024-11-01,2024-11-01,Yes,
828,BB-MKT-00648,S002,EliteGadgets Inc,Tablets,Lenovo,Surface Pro 9,LE-2999-BL,190695225109,0190695225109,"Lenovo Surface Pro 9 11"" 512GB Tablet",Stay productive and entertained with the Lenovo Surface Pro 9. Powerful performance in a sleek design.,886.62,0.85,115,https://images.bestbuy.com/marketplace/lenovo-surface-pro-9-main.jpg,"Storage_GB: 512 | Screen_Size: 11"" | Cellular: Yes | RAM_GB: 4",2024-07-12,2024-07-12,Yes,
829,BB-MKT-00874,S001,TechDirect LLC,Headphones,Sennheiser,Tour One,SE-1749-BL,650944891967,0650944891967,Sennheiser Tour One Over-ear Wired Headphones,Enjoy crystal-clear audio with the Sennheiser Tour One. Perfect for music lovers and remote workers.,502.07,0.37,139,https://images.bestbuy.com/marketplace/sennheiser-tour-one-main.jpg,Type: Over-ear | Connectivity: Wired | ANC: No | Battery_Hours: 24,2024-07-03,2024-07-03,Yes,
830,BB-MKT-00350,S008,DigitalHub USA,Tablets,Amazon,Surface Pro 9,AM-8674-SL,453680526693,0453680526693,,Stay productive and entertained with the Amazon Surface Pro 9. Powerful performance in a sleek design.,1146.81,0.66,440,https://images.bestbuy.com/marketplace/amazon-surface-pro-9-main.jpg,"Storage_GB: 512 | Screen_Size: 10.1"" | Cellular: Yes | RAM_GB: 16",2025-04-10,2025-04-10,Yes,MISSING_TITLE
831,BB-MKT-00614,S003,PrimeElectronics,Headphones,Bose,Evolve2 85,BO-8354-BL,118619135140,0118619135140,Bose Evolve2 85 In-ear Wired Headphones,Enjoy crystal-clear audio with the Bose Evolve2 85. Perfect for music lovers and remote workers.,294.73,0.39,257,,Type: In-ear | Connectivity: Wired | ANC: No | Battery_Hours: 20,2025-04-27,2025-04-27,Yes,MISSING_PRIMARY_IMAGE_URL
832,BB-MKT-00149,S008,DigitalHub USA,Headphones,Bose,Tour One,BO-7021-WH,426162546437,0426162546437,Bose Tour One In-ear Both Headphones,Enjoy crystal-clear audio with the Bose Tour One. Perfect for music lovers and remote workers.,142.95,0.23,78,https://images.bestbuy.com/marketplace/bose-tour-one-main.jpg,Type: In-ear | Connectivity: Both | ANC: No | Battery_Hours: 20,2025-02-18,2025-02-18,Yes,
833,BB-MKT-00641,S007,SmartBuy Co,Laptops,Acer,Katana 15,AC-9189-BL,344113986747,0344113986747,"Acer Katana 15 14"" Laptop - 64GB RAM 512GB SSD",Experience premium performance with the Acer Katana 15. Designed for professionals and students alike.,708.59,1.65,382,https://images.bestbuy.com/marketplace/acer-katana-15-main.jpg,"RAM_GB: 64 | Storage_GB: 512 | Screen_Size: 14"" | Processor: AMD Ryzen 5",2024-07-18,2024-07-18,Yes,
834,BB-MKT-00519,S006,NextGen Devices,Laptops,Lenovo,MacBook Air,LE-1473-BK,268893311127,0268893311127,"Lenovo MacBook Air 15.6"" Laptop - 8GB RAM 512GB SSD",Experience premium performance with the Lenovo MacBook Air. Designed for professionals and students alike.,1365.49,2.33,245,https://images.bestbuy.com/marketplace/lenovo-macbook-air-main.jpg,"RAM_GB: 8 | Storage_GB: 512 | Screen_Size: 15.6"" | Processor: Apple M2",2025-02-18,2025-02-18,Yes,
835,BB-MKT-00352,S004,ValueTech Store,Headphones,Jabra,WH-1000XM5,JA-9151-WH,849575172030,0849575172030,Jabra WH-1000XM5 In-ear Both Headphones,Enjoy crystal-clear audio with the Jabra WH-1000XM5. Perfect for music lovers and remote workers.,347.78,0.28,328,https://images.bestbuy.com/marketplace/jabra-wh-1000xm5-main.jpg,Type: In-ear | Connectivity: Both | ANC: No | Battery_Hours: 24,2024-12-12,2024-12-12,Yes,
836,BB-MKT-00044,S002,EliteGadgets Inc,Headphones,Beats,Evolve2 85,BE-7071-BK,570439558680,0570439558680,Beats Evolve2 85 In-ear Wireless Headphones,Enjoy crystal-clear audio with the Beats Evolve2 85. Perfect for music lovers and remote workers.,292.1,0.29,0,https://images.bestbuy.com/marketplace/beats-evolve2-85-main.jpg,Type: In-ear | Connectivity: Wireless | ANC: Yes | Battery_Hours: 30,2025-02-01,2023-11-25,Yes,STALE_LISTING
837,BB-MKT-00169,S005,ConnectPro Sales,Tablets,Apple,Surface Pro 9,AP-2320-BK,852907658069,0852907658069,"Apple Surface Pro 9 12.4"" 512GB Tablet",Stay productive and entertained with the Apple Surface Pro 9. Powerful performance in a sleek design.,256.53,0.53,282,https://images.bestbuy.com/marketplace/apple-surface-pro-9-main.jpg,"Storage_GB: 512 | Screen_Size: 12.4"" | Cellular: Yes | RAM_GB: 6",2025-03-01,2025-03-01,Yes,
838,BB-MKT-00697,S004,ValueTech Store,TVs,LG,QLED 4K,LG-7184-BK,257642320123,0257642320123,"LG 85"" 4K UHD Smart TV QLED 4K",Immerse yourself in stunning visuals with the LG QLED 4K. Features cutting-edge display technology.,2859.46,26.69,27,https://images.bestbuy.com/marketplace/lg-qled-4k-main.jpg,"Screen_Size: 85"" | Resolution: 4K UHD | Smart_TV: Yes | HDR: HDR10+",2024-08-24,2024-08-24,Yes,
839,BB-MKT-00553,S005,ConnectPro Sales,Tablets,Apple,Galaxy Tab S9,AP-3999-BL,337440748502,0337440748502,"Apple Galaxy Tab S9 12.9"" 128GB Tablet",Stay productive and entertained with the Apple Galaxy Tab S9. Powerful performance in a sleek design.,151.4,0.63,34,https://images.bestbuy.com/marketplace/apple-galaxy-tab-s9-main.jpg,"Storage_GB: 128 | Screen_Size: 12.9"" | Cellular: No | RAM_GB: 4",2024-07-23,2024-07-23,Yes,
840,BB-MKT-00772,S007,SmartBuy Co,TVs,Vizio,QLED 4K,VI-9956-WH,913945759134,0913945759134,"Vizio 50"" 4K UHD Smart TV QLED 4K",Immerse yourself in stunning visuals with the Vizio QLED 4K. Features cutting-edge display technology.,2034.59,20.76,341,https://images.bestbuy.com/marketplace/vizio-qled-4k-main.jpg,"Screen_Size: 50"" | Resolution: 4K UHD | Smart_TV: Yes | HDR: HDR10",2024-08-21,2024-08-21,Yes,
841,BB-MKT-00462,S003,PrimeElectronics,Smart Home,Amazon,Video Doorbell Pro 2,AM-8306-SL,344129707432,0344129707432,Amazon Video Doorbell Pro 2 Smart Home Device,Transform your home with the Amazon Video Doorbell Pro 2. Easy setup and seamless smart home integration.,72.47,0.18,328,https://images.bestbuy.com/marketplace/amazon-video-doorbell-pro-2-main.jpg,Connectivity: Wi-Fi | Voice_Assistant: None | Power: USB-C,2024-10-08,2024-10-08,Yes,
842,BB-MKT-00478,S004,ValueTech Store,TVs,Sony,OLED C3,SO-8777-SL,658004200547,0658004200547,"Sony 75"" 4K UHD Smart TV OLED C3",Immerse yourself in stunning visuals with the Sony OLED C3. Features cutting-edge display technology.,2867.0,16.15,344,https://images.bestbuy.com/marketplace/sony-oled-c3-main.jpg,"Screen_Size: 75"" | Resolution: 4K UHD | Smart_TV: Yes | HDR: HDR10",2024-08-24,2024-08-24,Yes,
843,BB-MKT-00661,S007,SmartBuy Co,Headphones,Beats,WH-1000XM5,BE-3705-BK,202842420455,0202842420455,Beats WH-1000XM5 In-ear Wireless Headphones,Enjoy crystal-clear audio with the Beats WH-1000XM5. Perfect for music lovers and remote workers.,72.98,0.27,0,https://images.bestbuy.com/marketplace/beats-wh-1000xm5-main.jpg,Type: In-ear | Connectivity: Wireless | ANC: Yes | Battery_Hours: 24,2025-03-10,2023-11-18,Yes,STALE_LISTING
844,BB-MKT-00368,S001,TechDirect LLC,Headphones,Jabra,Studio Pro,JA-4424-WH,460874955269,0460874955269,Jabra Studio Pro Over-ear Wired Headphones,Enjoy crystal-clear audio with the Jabra Studio Pro. Perfect for music lovers and remote workers.,134.98,0.33,132,https://images.bestbuy.com/marketplace/jabra-studio-pro-main.jpg,Type: Over-ear | Connectivity: Wired | ANC: No | Battery_Hours: 36,2025-04-07,2025-04-07,Yes,
845,BB-MKT-00341,S007,SmartBuy Co,Tablets,Samsung,Surface Pro 9,SA-5454-SL,979456995343,0979456995343,"Samsung Surface Pro 9 12.4"" 64GB Tablet",Stay productive and entertained with the Samsung Surface Pro 9. Powerful performance in a sleek design.,894.73,0.62,137,https://images.bestbuy.com/marketplace/samsung-surface-pro-9-main.jpg,"Storage_GB: 64 | Screen_Size: 12.4"" | Cellular: Yes | RAM_GB: 16",2025-01-28,2025-01-28,Yes,
846,BB-MKT-00141,S005,ConnectPro Sales,Laptops,Acer,MacBook Air,AC-5712-BK,144197157631,0144197157631,"Acer MacBook Air 15.6"" Laptop - 64GB RAM 512GB SSD",Experience premium performance with the Acer MacBook Air. Designed for professionals and students alike.,1126.36,1.91,0,https://images.bestbuy.com/marketplace/acer-macbook-air-main.jpg,"RAM_GB: 64 | Storage_GB: 512 | Screen_Size: 15.6"" | Processor: Intel i7",2025-03-03,2023-12-09,Yes,STALE_LISTING
847,BB-MKT-00260,S006,NextGen Devices,Smart Home,Google,Echo Show 10,GO-3112-BK,440781387392,0440781387392,Google Echo Show 10 Smart Home Device,Transform your home with the Google Echo Show 10. Easy setup and seamless smart home integration.,209.27,0.92,85,https://images.bestbuy.com/marketplace/google-echo-show-10-main.jpg,Connectivity: Wi-Fi | Voice_Assistant: Google Assistant | Power: Battery,2024-08-03,2024-08-03,Yes,
848,BB-MKT-00617,S001,TechDirect LLC,TVs,Vizio,Bravia XR,VI-5068-WH,834085838048,0834085838048,"Vizio 55"" 4K UHD Smart TV Bravia XR",Immerse yourself in stunning visuals with the Vizio Bravia XR. Features cutting-edge display technology.,2529.24,24.79,164,https://images.bestbuy.com/marketplace/vizio-bravia-xr-main.jpg,"Screen_Size: 55"" | Resolution: 4K UHD | Smart_TV: Yes | HDR: HDR10+",2024-10-02,2024-10-02,Yes,
849,BB-MKT-00963,S008,DigitalHub USA,TVs,Hisense,OLED C3,HI-8338-BK,960663539372,0960663539372,"Hisense 75"" 8K Smart TV OLED C3",Immerse yourself in stunning visuals with the Hisense OLED C3. Features cutting-edge display technology.,2756.64,10.88,126,https://images.bestbuy.com/marketplace/hisense-oled-c3-main.jpg,"Screen_Size: 75"" | Resolution: 8K | Smart_TV: No | HDR: HDR10+",2025-01-04,2025-01-04,Yes,
850,BB-MKT-00936,S001,TechDirect LLC,Tablets,Samsung,Galaxy Tab S9,SA-7865-BL,275175879833,0275175879833,"Samsung Galaxy Tab S9 10.1"" 512GB Tablet",Stay productive and entertained with the Samsung Galaxy Tab S9. Powerful performance in a sleek design.,829.13,0.45,179,https://images.bestbuy.com/marketplace/samsung-galaxy-tab-s9-main.jpg,"Storage_GB: 512 | Screen_Size: 10.1"" | Cellular: Yes | RAM_GB: 12",2024-08-06,2024-08-06,Yes,
851,BB-MKT-00369,S008,DigitalHub USA,Smart Home,Arlo,Nest Hub Max,AR-9631-BK,829740886410,0829740886410,Arlo Nest Hub Max Smart Home Device,Transform your home with the Arlo Nest Hub Max. Easy setup and seamless smart home integration.,149.06,0.18,102,https://images.bestbuy.com/marketplace/arlo-nest-hub-max-main.jpg,Connectivity: Wi-Fi | Voice_Assistant: None | Power: USB-C,2024-11-16,2024-11-16,Yes,
852,BB-MKT-00418,S003,PrimeElectronics,Smart Home,Amazon,Ultra 2,AM-3077-BK,192276342383,0192276342383,Amazon Ultra 2 Smart Home Device,Transform your home with the Amazon Ultra 2. Easy setup and seamless smart home integration.,429.18,0.49,67,https://images.bestbuy.com/marketplace/amazon-ultra-2-main.jpg,Connectivity: Z-Wave | Voice_Assistant: Alexa | Power: Wired,2024-11-21,2024-11-21,Yes,
853,BB-MKT-00556,S002,EliteGadgets Inc,TVs,Vizio,QLED 4K,VI-2395-WH,235914925910,0235914925910,"Vizio 75"" 1080p Full HD Smart TV QLED 4K",Immerse yourself in stunning visuals with the Vizio QLED 4K. Features cutting-edge display technology.,3830.88,31.84,387,https://images.bestbuy.com/marketplace/vizio-qled-4k-main.jpg,"Screen_Size: 75"" | Resolution: 1080p Full HD | Smart_TV: No | HDR: HDR10+",2024-07-28,2024-07-28,Yes,
854,BB-MKT-00692,S005,ConnectPro Sales,Headphones,Sony,AirPods Max,SO-2251-BK,979228367301,0979228367301,Sony AirPods Max On-ear Both Headphones,Enjoy crystal-clear audio with the Sony AirPods Max. Perfect for music lovers and remote workers.,477.09,0.44,398,https://images.bestbuy.com/marketplace/sony-airpods-max-main.jpg,Type: On-ear | Connectivity: Both | ANC: No | Battery_Hours: 30,2024-09-14,2024-09-14,Yes,
855,BB-MKT-00507,S007,SmartBuy Co,Headphones,JBL,Tour One,JB-6367-SL,751492709435,0751492709435,JBL Tour One In-ear Wireless Headphones,,132.31,0.3,93,https://images.bestbuy.com/marketplace/jbl-tour-one-main.jpg,Type: In-ear | Connectivity: Wireless | ANC: No | Battery_Hours: 24,2025-01-18,2025-01-18,Yes,MISSING_DESCRIPTION
856,BB-MKT-00770,S008,DigitalHub USA,Smart Home,Arlo,Nest Hub Max,AR-2983-BK,762082188418,0762082188418,Arlo Nest Hub Max Smart Home Device,Transform your home with the Arlo Nest Hub Max. Easy setup and seamless smart home integration.,145.19,0.25,12,https://images.bestbuy.com/marketplace/arlo-nest-hub-max-main.jpg,Connectivity: Wi-Fi | Voice_Assistant: Alexa | Power: Battery,2025-03-16,2025-03-16,Yes,
857,BB-MKT-00689,S005,ConnectPro Sales,Smart Home,Amazon,Echo Show 10,AM-9381-BL,212943631814,0212943631814,Amazon Echo Show 10 Smart Home Device,Transform your home with the Amazon Echo Show 10. Easy setup and seamless smart home integration.,95.66,1.38,12,https://images.bestbuy.com/marketplace/amazon-echo-show-10-main.jpg,Connectivity: Wi-Fi | Voice_Assistant: Alexa | Power: USB-C,2024-10-25,2024-10-25,Yes,
858,BB-MKT-00834,S008,DigitalHub USA,Smart Home,Wyze,Hue Starter Kit,WY-7155-WH,184607658410,0184607658410,Wyze Hue Starter Kit Smart Home Device,Transform your home with the Wyze Hue Starter Kit. Easy setup and seamless smart home integration.,384.74,0.33,0,https://images.bestbuy.com/marketplace/wyze-hue-starter-kit-main.jpg,Connectivity: Wi-Fi | Voice_Assistant: Alexa | Power: Wired,2024-09-01,2023-11-14,Yes,STALE_LISTING
859,BB-MKT-00152,S008,DigitalHub USA,TVs,Hisense,5-Series 4K,HI-6049-BK,840720274613,0840720274613,"Hisense 65"" 1080p Full HD Smart TV 5-Series 4K",Immerse yourself in stunning visuals with the Hisense 5-Series 4K. Features cutting-edge display technology.,1733.81,43.92,381,https://images.bestbuy.com/marketplace/hisense-5-series-4k-main.jpg,"Screen_Size: 65"" | Resolution: 1080p Full HD | Smart_TV: Yes | HDR: HDR10+",2024-10-20,2024-10-20,Yes,
860,BB-MKT-00300,S007,SmartBuy Co,Headphones,Beats,AirPods Max,BE-6877-SL,591614190375,0591614190375,Beats AirPods Max Over-ear Both Headphones,Enjoy crystal-clear audio with the Beats AirPods Max. Perfect for music lovers and remote workers.,282.23,0.23,330,https://images.bestbuy.com/marketplace/beats-airpods-max-main.jpg,Type: Over-ear | Connectivity: Both | ANC: No | Battery_Hours: 36,2024-08-11,2024-08-11,Yes,
861,BB-MKT-00786,S001,TechDirect LLC,Headphones,Sony,Tour One,SO-1683-BK,396908789557,0396908789557,Sony Tour One In-ear Both Headphones,Enjoy crystal-clear audio with the Sony Tour One. Perfect for music lovers and remote workers.,47.51,0.33,332,https://images.bestbuy.com/marketplace/sony-tour-one-main.jpg,Type: In-ear | Connectivity: Both | ANC: Yes | Battery_Hours: 40,2024-12-27,2024-12-27,Yes,
862,BB-MKT-00892,S001,TechDirect LLC,TVs,Hisense,Bravia XR,HI-9332-BL,891838045445,0891838045445,"Hisense 50"" 1080p Full HD Smart TV Bravia XR",Immerse yourself in stunning visuals with the Hisense Bravia XR. Features cutting-edge display technology.,2037.65,47.6,0,https://images.bestbuy.com/marketplace/hisense-bravia-xr-main.jpg,"Screen_Size: 50"" | Resolution: 1080p Full HD | Smart_TV: Yes | HDR: Dolby Vision",2024-12-24,2023-11-06,Yes,STALE_LISTING
863,BB-MKT-00479,S003,PrimeElectronics,Headphones,JBL,Tour One,JB-6149-BK,933708323053,0933708323053,JBL Tour One Over-ear Both Headphones,Enjoy crystal-clear audio with the JBL Tour One. Perfect for music lovers and remote workers.,271.27,0.33,253,https://images.bestbuy.com/marketplace/jbl-tour-one-main.jpg,Type: Over-ear | Connectivity: Both | ANC: Yes | Battery_Hours: 36,2025-01-01,2025-01-01,Yes,
864,BB-MKT-00998,S006,NextGen Devices,Smart Home,Amazon,Nest Hub Max,AM-2998-BK,770469446328,0770469446328,Amazon Nest Hub Max Smart Home Device,Transform your home with the Amazon Nest Hub Max. Easy setup and seamless smart home integration.,359.95,0.38,381,https://images.bestbuy.com/marketplace/amazon-nest-hub-max-main.jpg,Connectivity: Bluetooth | Voice_Assistant: Apple HomeKit | Power: USB-C,2024-08-11,2024-08-11,Yes,
865,BB-MKT-00412,S004,ValueTech Store,TVs,TCL,OLED C3,TC-3527-SL,558874145645,0558874145645,"TCL 50"" 1080p Full HD Smart TV OLED C3",Immerse yourself in stunning visuals with the TCL OLED C3. Features cutting-edge display technology.,3989.46,37.48,68,https://images.bestbuy.com/marketplace/tcl-oled-c3-main.jpg,"Screen_Size: 50"" | Resolution: 1080p Full HD | Smart_TV: No | HDR: Dolby Vision",2024-07-06,2024-07-06,Yes,
866,BB-MKT-00595,S003,PrimeElectronics,Tablets,Samsung,Galaxy Tab S9,SA-8679-BL,965809587905,0965809587905,"Samsung Galaxy Tab S9 12.4"" 128GB Tablet",Stay productive and entertained with the Samsung Galaxy Tab S9. Powerful performance in a sleek design.,540.76,0.35,433,https://images.bestbuy.com/marketplace/samsung-galaxy-tab-s9-main.jpg,"Storage_GB: 128 | Screen_Size: 12.4"" | Cellular: Yes | RAM_GB: 16",2024-10-05,2024-10-05,Yes,
867,BB-MKT-00966,S002,EliteGadgets Inc,Tablets,Apple,Tab P12 Pro,AP-9152-SL,436677369564,0436677369564,"Apple Tab P12 Pro 11"" 64GB Tablet",Stay productive and entertained with the Apple Tab P12 Pro. Powerful performance in a sleek design.,1035.47,0.72,270,,"Storage_GB: 64 | Screen_Size: 11"" | Cellular: No | RAM_GB: 16",2024-07-22,2024-07-22,Yes,MISSING_PRIMARY_IMAGE_URL
868,BB-MKT-00417,S008,DigitalHub USA,Tablets,Amazon,Tab P12 Pro,AM-1578-SL,281630767240,0281630767240,"Amazon Tab P12 Pro 12.4"" 256GB Tablet",Stay productive and entertained with the Amazon Tab P12 Pro. Powerful performance in a sleek design.,985.02,0.64,31,https://images.bestbuy.com/marketplace/amazon-tab-p12-pro-main.jpg,"Storage_GB: 256 | Screen_Size: 12.4"" | Cellular: No | RAM_GB: 8",2025-02-28,2025-02-28,Yes,
869,BB-MKT-00356,S002,EliteGadgets Inc,Laptops,Apple,Pavilion 15,AP-3931-BL,373404202812,0373404202812,"Apple Pavilion 15 14"" Laptop - 64GB RAM 256GB SSD",Experience premium performance with the Apple Pavilion 15. Designed for professionals and students alike.,1965.83,2.43,295,https://images.bestbuy.com/marketplace/apple-pavilion-15-main.jpg,"RAM_GB: 64 | Storage_GB: 256 | Screen_Size: 14"" | Processor: Apple M2",2024-12-31,2024-12-31,Yes,
870,BB-MKT-00655,S004,ValueTech Store,Laptops,Apple,MacBook Air,AP-9379-WH,823975330359,0823975330359,"Apple MacBook Air 14"" Laptop - 32GB RAM 1024GB SSD",Experience premium performance with the Apple MacBook Air. Designed for professionals and students alike.,1280.34,1.45,403,https://images.bestbuy.com/marketplace/apple-macbook-air-main.jpg,"RAM_GB: 32 | Storage_GB: 1024 | Screen_Size: 14"" | Processor: AMD Ryzen 5",2025-02-08,2025-02-08,Yes,
871,BB-MKT-00753,S008,DigitalHub USA,TVs,LG,OLED C3,LG-1050-BK,416093759138,0416093759138,"LG 55"" 1080p Full HD Smart TV OLED C3",Immerse yourself in stunning visuals with the LG OLED C3. Features cutting-edge display technology.,943.05,47.94,318,https://images.bestbuy.com/marketplace/lg-oled-c3-main.jpg,"Screen_Size: 55"" | Resolution: 1080p Full HD | Smart_TV: No | HDR: HDR10+",2025-03-02,2025-03-02,Yes,
872,BB-MKT-00329,S005,ConnectPro Sales,TVs,Sony,5-Series 4K,SO-4449-BL,565998668888,0565998668888,"Sony 75"" 8K Smart TV 5-Series 4K",Immerse yourself in stunning visuals with the Sony 5-Series 4K. Features cutting-edge display technology.,2876.67,24.38,437,https://images.bestbuy.com/marketplace/sony-5-series-4k-main.jpg,"Screen_Size: 75"" | Resolution: 8K | Smart_TV: No | HDR: HDR10",2025-01-22,2025-01-22,Yes,
873,BB-MKT-00150,S006,NextGen Devices,Tablets,Amazon,Tab P12 Pro,AM-6927-BK,681739352909,0681739352909,"Amazon Tab P12 Pro 10.1"" 128GB Tablet",Stay productive and entertained with the Amazon Tab P12 Pro. Powerful performance in a sleek design.,9213.72,0.37,424,https://images.bestbuy.com/marketplace/amazon-tab-p12-pro-main.jpg,"Storage_GB: 128 | Screen_Size: 10.1"" | Cellular: Yes | RAM_GB: 16",2025-04-07,2025-04-07,Yes,PRICE_ANOMALY
874,BB-MKT-00554,S007,SmartBuy Co,Tablets,Amazon,Surface Pro 9,AM-3175-WH,893857960809,0893857960809,"Amazon Surface Pro 9 11"" 512GB Tablet",Stay productive and entertained with the Amazon Surface Pro 9. Powerful performance in a sleek design.,729.48,0.58,230,https://images.bestbuy.com/marketplace/amazon-surface-pro-9-main.jpg,"Storage_GB: 512 | Screen_Size: 11"" | Cellular: No | RAM_GB: 12",2025-02-15,2025-02-15,Yes,
875,BB-MKT-00565,S005,ConnectPro Sales,Laptops,HP,MacBook Air,HP-3288-SL,236143717234,0236143717234,"HP MacBook Air 13.3"" Laptop - 8GB RAM 512GB SSD",Experience premium performance with the HP MacBook Air. Designed for professionals and students alike.,2243.39,1.54,258,https://images.bestbuy.com/marketplace/hp-macbook-air-main.jpg,"RAM_GB: 8 | Storage_GB: 512 | Screen_Size: 13.3"" | Processor: AMD Ryzen 7",2024-12-10,2024-12-10,Yes,
876,BB-MKT-00744,S001,TechDirect LLC,Laptops,Lenovo,Katana 15,LE-6395-BL,388085112515,0388085112515,"Lenovo Katana 15 13.3"" Laptop - 8GB RAM 256GB SSD",Experience premium performance with the Lenovo Katana 15. Designed for professionals and students alike.,965.82,1.47,70,https://images.bestbuy.com/marketplace/lenovo-katana-15-main.jpg,"RAM_GB: 8 | Storage_GB: 256 | Screen_Size: 13.3"" | Processor: AMD Ryzen 5",2025-04-25,2025-04-25,Yes,
877,BB-MKT-00381,S001,TechDirect LLC,TVs,Sony,5-Series 4K,SO-5823-BK,564571522471,0564571522471,"Sony 65"" 8K Smart TV 5-Series 4K",Immerse yourself in stunning visuals with the Sony 5-Series 4K. Features cutting-edge display technology.,2836.32,47.76,237,https://images.bestbuy.com/marketplace/sony-5-series-4k-main.jpg,"Screen_Size: 65"" | Resolution: 8K | Smart_TV: No | HDR: Dolby Vision",2025-02-17,2025-02-17,Yes,
878,BB-MKT-00675,S006,NextGen Devices,TVs,Sony,5-Series 4K,SO-9049-SL,375671788710,0375671788710,"Sony 55"" 1080p Full HD Smart TV 5-Series 4K",Immerse yourself in stunning visuals with the Sony 5-Series 4K. Features cutting-edge display technology.,1502.56,12.91,342,https://images.bestbuy.com/marketplace/sony-5-series-4k-main.jpg,"Screen_Size: 55"" | Resolution: 1080p Full HD | Smart_TV: Yes | HDR: Dolby Vision",2024-07-07,2024-07-07,Yes,
879,BB-MKT-00383,S008,DigitalHub USA,Laptops,Lenovo,IdeaPad 5,LE-8362-SL,873584447938,0873584447938,"Lenovo IdeaPad 5 13.3"" Laptop - 16GB RAM 1024GB SSD",Experience premium performance with the Lenovo IdeaPad 5. Designed for professionals and students alike.,578.14,2.33,372,,"RAM_GB: 16 | Storage_GB: 1024 | Screen_Size: 13.3"" | Processor: Intel i5",2025-03-19,2025-03-19,Yes,MISSING_PRIMARY_IMAGE_URL
880,BB-MKT-00168,S001,TechDirect LLC,Smart Home,Philips,Ultra 2,PH-9591-WH,207022204868,0207022204868,Philips Ultra 2 Smart Home Device,Transform your home with the Philips Ultra 2. Easy setup and seamless smart home integration.,142.26,0.97,129,https://images.bestbuy.com/marketplace/philips-ultra-2-main.jpg,Connectivity: Bluetooth | Voice_Assistant: Google Assistant | Power: Battery,2024-12-29,2024-12-29,Yes,
881,BB-MKT-00558,S002,EliteGadgets Inc,Smart Home,Wyze,Video Doorbell Pro 2,WY-8160-WH,473762069659,0473762069659,Wyze Video Doorbell Pro 2 Smart Home Device,Transform your home with the Wyze Video Doorbell Pro 2. Easy setup and seamless smart home integration.,224.02,1.3,162,https://images.bestbuy.com/marketplace/wyze-video-doorbell-pro-2-main.jpg,Connectivity: Bluetooth | Voice_Assistant: Alexa | Power: Wired,2025-01-12,2025-01-12,Yes,
882,BB-MKT-00484,S008,DigitalHub USA,Smart Home,Ring,Nest Hub Max,RI-9147-WH,637947616744,0637947616744,Ring Nest Hub Max Smart Home Device,Transform your home with the Ring Nest Hub Max. Easy setup and seamless smart home integration.,324.33,0.29,50,https://images.bestbuy.com/marketplace/ring-nest-hub-max-main.jpg,Connectivity: Bluetooth | Voice_Assistant: Alexa | Power: Battery,2024-07-28,2024-07-28,Yes,
883,BB-MKT-00841,S008,DigitalHub USA,TVs,LG,QLED 4K,LG-3700-BL,255247999532,0255247999532,"LG 50"" 4K UHD Smart TV QLED 4K",Immerse yourself in stunning visuals with the LG QLED 4K. Features cutting-edge display technology.,3528.8,22.23,458,https://images.bestbuy.com/marketplace/lg-qled-4k-main.jpg,"Screen_Size: 50"" | Resolution: 4K UHD | Smart_TV: Yes | HDR: HDR10+",2024-07-27,2024-07-27,Yes,
884,BB-MKT-00224,S008,DigitalHub USA,Smart Home,Google,Ultra 2,GO-9921-BL,625528384880,0625528384880,Google Ultra 2 Smart Home Device,Transform your home with the Google Ultra 2. Easy setup and seamless smart home integration.,180.21,0.89,164,https://images.bestbuy.com/marketplace/google-ultra-2-main.jpg,Connectivity: Wi-Fi | Voice_Assistant: None | Power: USB-C,2025-01-15,2025-01-15,Yes,DUPLICATE_SKU
885,BB-MKT-00997,S008,DigitalHub USA,Laptops,MSI,Pavilion 15,MS-3523-WH,170323167245,0170323167245,"MSI Pavilion 15 13.3"" Laptop - 8GB RAM 256GB SSD",Experience premium performance with the MSI Pavilion 15. Designed for professionals and students alike.,1991.97,2.58,4,https://images.bestbuy.com/marketplace/msi-pavilion-15-main.jpg,"RAM_GB: 8 | Storage_GB: 256 | Screen_Size: 13.3"" | Processor: Intel i7",2024-07-07,2024-07-07,Yes,DUPLICATE_SKU
886,BB-MKT-00613,S001,TechDirect LLC,Laptops,HP,VivoBook 16,HP-3809-SL,691470817373,0691470817373,"HP VivoBook 16 16"" Laptop - 32GB RAM 1024GB SSD",Experience premium performance with the HP VivoBook 16. Designed for professionals and students alike.,2412.97,2.16,323,https://images.bestbuy.com/marketplace/hp-vivobook-16-main.jpg,"RAM_GB: 32 | Storage_GB: 1024 | Screen_Size: 16"" | Processor: Intel i5",2025-01-15,2025-01-15,Yes,
887,BB-MKT-00091,S002,EliteGadgets Inc,Laptops,HP,Pavilion 15,HP-7947-BL,827752628746,0827752628746,"HP Pavilion 15 13.3"" Laptop - 8GB RAM 1024GB SSD",Experience premium performance with the HP Pavilion 15. Designed for professionals and students alike.,1673.86,1.86,110,https://images.bestbuy.com/marketplace/hp-pavilion-15-main.jpg,"RAM_GB: 8 | Storage_GB: 1024 | Screen_Size: 13.3"" | Processor: AMD Ryzen 5",2025-03-20,2025-03-20,Yes,
888,BB-MKT-00373,S001,TechDirect LLC,Smart Home,Ring,Nest Hub Max,RI-2438-BL,253145355800,0253145355800,Ring Nest Hub Max Smart Home Device,Transform your home with the Ring Nest Hub Max. Easy setup and seamless smart home integration.,273.74,1.05,446,https://images.bestbuy.com/marketplace/ring-nest-hub-max-main.jpg,Connectivity: Zigbee | Voice_Assistant: Apple HomeKit | Power: Wired,2024-10-25,2024-10-25,Yes,
889,BB-MKT-00294,S001,TechDirect LLC,Laptops,Lenovo,Aspire 5,LE-8170-BL,409609182410,0409609182410,"Lenovo Aspire 5 15.6"" Laptop - 8GB RAM 512GB SSD",Experience premium performance with the Lenovo Aspire 5. Designed for professionals and students alike.,1228.74,2.26,242,https://images.bestbuy.com/marketplace/lenovo-aspire-5-main.jpg,"RAM_GB: 8 | Storage_GB: 512 | Screen_Size: 15.6"" | Processor: Apple M2",2024-09-19,2024-09-19,Yes,
890,BB-MKT-00049,S006,NextGen Devices,Tablets,Amazon,Fire HD 10,AM-5438-SL,601234945339,0601234945339,"Amazon Fire HD 10 12.4"" 256GB Tablet",Stay productive and entertained with the Amazon Fire HD 10. Powerful performance in a sleek design.,438.11,0.37,98,https://images.bestbuy.com/marketplace/amazon-fire-hd-10-main.jpg,"Storage_GB: 256 | Screen_Size: 12.4"" | Cellular: No | RAM_GB: 8",2024-12-09,2024-12-09,Yes,
891,BB-MKT-00761,S008,DigitalHub USA,TVs,Hisense,Bravia XR,HI-2058-SL,415623509214,0415623509214,"Hisense 75"" 1080p Full HD Smart TV Bravia XR",Immerse yourself in stunning visuals with the Hisense Bravia XR. Features cutting-edge display technology.,307.47,9.8,144,https://images.bestbuy.com/marketplace/hisense-bravia-xr-main.jpg,"Screen_Size: 75"" | Resolution: 1080p Full HD | Smart_TV: Yes | HDR: Dolby Vision",2025-04-30,2025-04-30,Yes,
892,BB-MKT-00869,S007,SmartBuy Co,Laptops,ASUS,IdeaPad 5,AS-7050-SL,153116307763,0153116307763,"ASUS IdeaPad 5 16"" Laptop - 8GB RAM 256GB SSD",Experience premium performance with the ASUS IdeaPad 5. Designed for professionals and students alike.,1292.98,2.28,392,https://images.bestbuy.com/marketplace/asus-ideapad-5-main.jpg,"RAM_GB: 8 | Storage_GB: 256 | Screen_Size: 16"" | Processor: AMD Ryzen 7",2024-07-13,2024-07-13,Yes,
893,BB-MKT-00733,S004,ValueTech Store,Smart Home,Amazon,Cam OG,AM-2880-WH,503155155108,0503155155108,Amazon Cam OG Smart Home Device,Transform your home with the Amazon Cam OG. Easy setup and seamless smart home integration.,42.86,0.29,42,https://images.bestbuy.com/marketplace/amazon-cam-og-main.jpg,Connectivity: Wi-Fi | Voice_Assistant: Google Assistant | Power: Battery,2024-09-03,2024-09-03,Yes,
894,BB-MKT-00238,S005,ConnectPro Sales,Tablets,Lenovo,Tab P12 Pro,LE-4056-BL,505365220420,0505365220420,"Lenovo Tab P12 Pro 8"" 256GB Tablet",Stay productive and entertained with the Lenovo Tab P12 Pro. Powerful performance in a sleek design.,200.31,0.56,134,https://images.bestbuy.com/marketplace/lenovo-tab-p12-pro-main.jpg,"Storage_GB: 256 | Screen_Size: 8"" | Cellular: No | RAM_GB: 6",2024-10-24,2024-10-24,Yes,
895,BB-MKT-00811,S008,DigitalHub USA,Tablets,Lenovo,Tab P12 Pro,LE-9345-BK,944921889897,0944921889897,"Lenovo Tab P12 Pro 12.4"" 256GB Tablet",Stay productive and entertained with the Lenovo Tab P12 Pro. Powerful performance in a sleek design.,324.09,0.3,303,https://images.bestbuy.com/marketplace/lenovo-tab-p12-pro-main.jpg,"Storage_GB: 256 | Screen_Size: 12.4"" | Cellular: Yes | RAM_GB: 6",2025-01-06,2025-01-06,Yes,
896,BB-MKT-00501,S007,SmartBuy Co,TVs,TCL,OLED C3,TC-8200-BL,404813500329,0404813500329,"TCL 50"" 4K UHD Smart TV OLED C3",Immerse yourself in stunning visuals with the TCL OLED C3. Features cutting-edge display technology.,1202.65,33.94,251,https://images.bestbuy.com/marketplace/tcl-oled-c3-main.jpg,"Screen_Size: 50"" | Resolution: 4K UHD | Smart_TV: Yes | HDR: HDR10",2025-03-31,2025-03-31,Yes,
897,BB-MKT-00951,S008,DigitalHub USA,Tablets,Amazon,Fire HD 10,AM-7342-SL,540581591865,0540581591865,"Amazon Fire HD 10 12.4"" 128GB Tablet",Stay productive and entertained with the Amazon Fire HD 10. Powerful performance in a sleek design.,961.76,0.89,411,https://images.bestbuy.com/marketplace/amazon-fire-hd-10-main.jpg,"Storage_GB: 128 | Screen_Size: 12.4"" | Cellular: Yes | RAM_GB: 16",2024-11-12,2024-11-12,Yes,
898,BB-MKT-00573,S008,DigitalHub USA,Headphones,Sony,Tour One,SO-4696-BL,129238732532,0129238732532,Sony Tour One Over-ear Wired Headphones,Enjoy crystal-clear audio with the Sony Tour One. Perfect for music lovers and remote workers.,527.04,0.43,100,https://images.bestbuy.com/marketplace/sony-tour-one-main.jpg,Type: Over-ear | Connectivity: Wired | ANC: Yes | Battery_Hours: 40,2024-09-23,2024-09-23,Yes,
899,BB-MKT-00446,S003,PrimeElectronics,Headphones,Bose,AirPods Max,BO-4763-BK,709757090439,0709757090439,,Enjoy crystal-clear audio with the Bose AirPods Max. Perfect for music lovers and remote workers.,243.08,0.33,441,https://images.bestbuy.com/marketplace/bose-airpods-max-main.jpg,Type: In-ear | Connectivity: Wireless | ANC: Yes | Battery_Hours: 40,2024-10-19,2024-10-19,Yes,MISSING_TITLE
900,BB-MKT-00651,S006,NextGen Devices,Headphones,Sony,WH-1000XM5,SO-5206-BK,714557511328,0714557511328,Sony WH-1000XM5 Over-ear Both Headphones,Enjoy crystal-clear audio with the Sony WH-1000XM5. Perfect for music lovers and remote workers.,69.78,0.23,152,https://images.bestbuy.com/marketplace/sony-wh-1000xm5-main.jpg,Type: Over-ear | Connectivity: Both | ANC: Yes | Battery_Hours: 24,2025-01-03,2025-01-03,Yes,DUPLICATE_SKU
901,BB-MKT-00856,S002,EliteGadgets Inc,Smart Home,Philips,Nest Hub Max,PH-2889-WH,135480063042,0135480063042,Philips Nest Hub Max Smart Home Device,Transform your home with the Philips Nest Hub Max. Easy setup and seamless smart home integration.,252.35,0.75,165,https://images.bestbuy.com/marketplace/philips-nest-hub-max-main.jpg,Connectivity: Z-Wave | Voice_Assistant: Google Assistant | Power: Wired,2025-01-07,2025-01-07,Yes,
902,BB-MKT-00950,S008,DigitalHub USA,TVs,Vizio,OLED C3,VI-3381-BK,339708676028,0339708676028,"Vizio 50"" 4K UHD Smart TV OLED C3",Immerse yourself in stunning visuals with the Vizio OLED C3. Features cutting-edge display technology.,1361.97,50.44,439,https://images.bestbuy.com/marketplace/vizio-oled-c3-main.jpg,"Screen_Size: 50"" | Resolution: 4K UHD | Smart_TV: No | HDR: HDR10+",2025-03-05,2025-03-05,Yes,
903,BB-MKT-00895,S004,ValueTech Store,TVs,Sony,V-Series,SO-5447-BK,175193781324,0175193781324,"Sony 43"" 8K Smart TV V-Series",Immerse yourself in stunning visuals with the Sony V-Series. Features cutting-edge display technology.,3888.14,10.46,290,https://images.bestbuy.com/marketplace/sony-v-series-main.jpg,"Screen_Size: 43"" | Resolution: 8K | Smart_TV: Yes | HDR: Dolby Vision",2025-03-25,2025-03-25,Yes,
904,BB-MKT-00928,S003,PrimeElectronics,Smart Home,Arlo,Hue Starter Kit,AR-4242-WH,972084598657,0972084598657,Arlo Hue Starter Kit Smart Home Device,Transform your home with the Arlo Hue Starter Kit. Easy setup and seamless smart home integration.,35.73,0.99,427,https://images.bestbuy.com/marketplace/arlo-hue-starter-kit-main.jpg,Connectivity: Wi-Fi | Voice_Assistant: None | Power: USB-C,2024-10-30,2024-10-30,Yes,
905,BB-MKT-00666,S006,NextGen Devices,Laptops,Dell,IdeaPad 5,DE-9061-WH,572881645004,0572881645004,"Dell IdeaPad 5 15.6"" Laptop - 16GB RAM 512GB SSD",Experience premium performance with the Dell IdeaPad 5. Designed for professionals and students alike.,576.96,2.02,78,https://images.bestbuy.com/marketplace/dell-ideapad-5-main.jpg,"RAM_GB: 16 | Storage_GB: 512 | Screen_Size: 15.6"" | Processor: Intel i5",2025-01-27,2025-01-27,Yes,
906,BB-MKT-00002,S004,ValueTech Store,Smart Home,Wyze,Echo Show 10,WY-5557-BK,746174432554,0746174432554,Wyze Echo Show 10 Smart Home Device,Transform your home with the Wyze Echo Show 10. Easy setup and seamless smart home integration.,385.64,0.32,216,https://images.bestbuy.com/marketplace/wyze-echo-show-10-main.jpg,Connectivity: Zigbee | Voice_Assistant: None | Power: Battery,2024-12-22,2024-12-22,Yes,
907,BB-MKT-00830,S005,ConnectPro Sales,Tablets,Microsoft,Fire HD 10,MI-7106-BK,532621565066,0532621565066,"Microsoft Fire HD 10 12.4"" 128GB Tablet",Stay productive and entertained with the Microsoft Fire HD 10. Powerful performance in a sleek design.,669.11,0.65,12,https://images.bestbuy.com/marketplace/microsoft-fire-hd-10-main.jpg,"Storage_GB: 128 | Screen_Size: 12.4"" | Cellular: Yes | RAM_GB: 12",2025-01-20,2025-01-20,Yes,
908,BB-MKT-00459,S003,PrimeElectronics,TVs,Samsung,QLED 4K,SA-4022-WH,504845366215,0504845366215,"Samsung 55"" 1080p Full HD Smart TV QLED 4K",Immerse yourself in stunning visuals with the Samsung QLED 4K. Features cutting-edge display technology.,2358.33,9.53,162,https://images.bestbuy.com/marketplace/samsung-qled-4k-main.jpg,"Screen_Size: 55"" | Resolution: 1080p Full HD | Smart_TV: Yes | HDR: Dolby Vision",2024-12-24,2024-12-24,Yes,
909,BB-MKT-00707,S006,NextGen Devices,Tablets,Samsung,Surface Pro 9,SA-7350-WH,885509489051,0885509489051,"Samsung Surface Pro 9 11"" 256GB Tablet",Stay productive and entertained with the Samsung Surface Pro 9. Powerful performance in a sleek design.,389.14,0.67,38,https://images.bestbuy.com/marketplace/samsung-surface-pro-9-main.jpg,"Storage_GB: 256 | Screen_Size: 11"" | Cellular: No | RAM_GB: 4",2024-09-17,2024-09-17,Yes,
910,BB-MKT-00961,S003,PrimeElectronics,Smart Home,Google,Video Doorbell Pro 2,GO-3898-BL,728672265828,0728672265828,Google Video Doorbell Pro 2 Smart Home Device,Transform your home with the Google Video Doorbell Pro 2. Easy setup and seamless smart home integration.,360.99,1.33,90,https://images.bestbuy.com/marketplace/google-video-doorbell-pro-2-main.jpg,Connectivity: Wi-Fi | Voice_Assistant: Google Assistant | Power: USB-C,2025-03-17,2025-03-17,Yes,
911,BB-MKT-00193,S005,ConnectPro Sales,Laptops,ASUS,IdeaPad 5,AS-4882-WH,992389542821,0992389542821,"ASUS IdeaPad 5 16"" Laptop - 32GB RAM 256GB SSD",Experience premium performance with the ASUS IdeaPad 5. Designed for professionals and students alike.,16973.98,2.14,179,https://images.bestbuy.com/marketplace/asus-ideapad-5-main.jpg,"RAM_GB: 32 | Storage_GB: 256 | Screen_Size: 16"" | Processor: Intel i5",2025-02-05,2025-02-05,Yes,PRICE_ANOMALY
912,BB-MKT-00893,S003,PrimeElectronics,Smart Home,Philips,Cam OG,PH-3770-BL,810753718623,0810753718623,Philips Cam OG Smart Home Device,Transform your home with the Philips Cam OG. Easy setup and seamless smart home integration.,111.43,1.36,7,https://images.bestbuy.com/marketplace/philips-cam-og-main.jpg,Connectivity: Z-Wave | Voice_Assistant: Apple HomeKit | Power: Wired,2024-08-03,2024-08-03,Yes,
913,BB-MKT-00279,S003,PrimeElectronics,TVs,Samsung,5-Series 4K,SA-7859-WH,524692338663,0524692338663,"Samsung 85"" 1080p Full HD Smart TV 5-Series 4K",Immerse yourself in stunning visuals with the Samsung 5-Series 4K. Features cutting-edge display technology.,1274.98,50.4,496,https://images.bestbuy.com/marketplace/samsung-5-series-4k-main.jpg,"Screen_Size: 85"" | Resolution: 1080p Full HD | Smart_TV: No | HDR: HDR10+",2024-11-28,2024-11-28,Yes,
914,BB-MKT-00688,S002,EliteGadgets Inc,Smart Home,Arlo,Hue Starter Kit,AR-8279-WH,624583998833,0624583998833,Arlo Hue Starter Kit Smart Home Device,Transform your home with the Arlo Hue Starter Kit. Easy setup and seamless smart home integration.,173.47,0.77,124,https://images.bestbuy.com/marketplace/arlo-hue-starter-kit-main.jpg,Connectivity: Z-Wave | Voice_Assistant: Alexa | Power: Battery,2024-07-29,2024-07-29,Yes,
915,BB-MKT-00025,S001,TechDirect LLC,Headphones,Sennheiser,Momentum 4,SE-1653-SL,500755918055,0500755918055,Sennheiser Momentum 4 Over-ear Wired Headphones - EXTREMELY DETAILED SPEC DESCRIPTION THAT GOES WAY BEYOND THE ALLOWED CHARACTER LIMIT FOR BEST BUY MARKETPLACE LISTINGS,Enjoy crystal-clear audio with the Sennheiser Momentum 4. Perfect for music lovers and remote workers.,138.24,0.26,0,https://images.bestbuy.com/marketplace/sennheiser-momentum-4-main.jpg,Type: Over-ear | Connectivity: Wired | ANC: Yes | Battery_Hours: 20,2024-12-29,2023-12-28,Yes,TITLE_TOO_LONG
916,BB-MKT-00274,S001,TechDirect LLC,Laptops,ASUS,VivoBook 16,AS-5990-WH,764825646884,0764825646884,"ASUS VivoBook 16 13.3"" Laptop - 8GB RAM 1024GB SSD",Experience premium performance with the ASUS VivoBook 16. Designed for professionals and students alike.,1773.65,1.93,174,https://images.bestbuy.com/marketplace/asus-vivobook-16-main.jpg,"RAM_GB: 8 | Storage_GB: 1024 | Screen_Size: 13.3"" | Processor: Intel i5",2025-01-03,2025-01-03,Yes,
917,BB-MKT-00822,S006,NextGen Devices,Tablets,Samsung,Tab P12 Pro,SA-5389-WH,417951973095,0417951973095,"Samsung Tab P12 Pro 12.9"" 512GB Tablet",Stay productive and entertained with the Samsung Tab P12 Pro. Powerful performance in a sleek design.,1172.28,0.77,31,https://images.bestbuy.com/marketplace/samsung-tab-p12-pro-main.jpg,"Storage_GB: 512 | Screen_Size: 12.9"" | Cellular: No | RAM_GB: 6",2025-04-14,2025-04-14,Yes,
918,BB-MKT-00208,S005,ConnectPro Sales,Tablets,Samsung,iPad Pro 12.9,SA-1901-SL,771962115421,0771962115421,"Samsung iPad Pro 12.9 8"" 128GB Tablet",Stay productive and entertained with the Samsung iPad Pro 12.9. Powerful performance in a sleek design.,914.99,0.69,89,https://images.bestbuy.com/marketplace/samsung-ipad-pro-12.9-main.jpg,"Storage_GB: 128 | Screen_Size: 8"" | Cellular: No | RAM_GB: 4",2024-08-31,2024-08-31,Yes,
919,BB-MKT-00491,S008,DigitalHub USA,Tablets,Amazon,Fire HD 10,AM-6185-BL,124000231030,0124000231030,"Amazon Fire HD 10 11"" 512GB Tablet",Stay productive and entertained with the Amazon Fire HD 10. Powerful performance in a sleek design.,804.91,0.49,0,https://images.bestbuy.com/marketplace/amazon-fire-hd-10-main.jpg,"Storage_GB: 512 | Screen_Size: 11"" | Cellular: Yes | RAM_GB: 12",2025-03-08,2023-12-18,Yes,STALE_LISTING
920,BB-MKT-00737,S003,PrimeElectronics,Laptops,Acer,IdeaPad 5,AC-3947-SL,224682642709,0224682642709,"Acer IdeaPad 5 15.6"" Laptop - 64GB RAM 512GB SSD",Experience premium performance with the Acer IdeaPad 5. Designed for professionals and students alike.,1300.71,1.5,125,https://images.bestbuy.com/marketplace/acer-ideapad-5-main.jpg,"RAM_GB: 64 | Storage_GB: 512 | Screen_Size: 15.6"" | Processor: AMD Ryzen 7",2024-08-07,2024-08-07,Yes,
921,BB-MKT-00289,S008,DigitalHub USA,Smart Home,Philips,Hue Starter Kit,PH-4937-WH,591112361746,0545688827887,,Transform your home with the Philips Hue Starter Kit. Easy setup and seamless smart home integration.,479.68,1.06,164,https://images.bestbuy.com/marketplace/philips-hue-starter-kit-main.jpg,Connectivity: Wi-Fi | Voice_Assistant: Alexa | Power: USB-C,2025-01-12,2025-01-12,Yes,GTIN_UPC_MISMATCH
922,BB-MKT-00727,S004,ValueTech Store,Laptops,Apple,Katana 15,AP-5263-WH,532865192113,0532865192113,"Apple Katana 15 13.3"" Laptop - 16GB RAM 1024GB SSD",Experience premium performance with the Apple Katana 15. Designed for professionals and students alike.,2391.27,1.53,47,https://images.bestbuy.com/marketplace/apple-katana-15-main.jpg,"RAM_GB: 16 | Storage_GB: 1024 | Screen_Size: 13.3"" | Processor: Apple M2",2024-07-14,2024-07-14,Yes,
923,BB-MKT-00288,S003,PrimeElectronics,Tablets,Amazon,Fire HD 10,AM-6437-SL,335722394094,0335722394094,"Amazon Fire HD 10 8"" 512GB Tablet",Stay productive and entertained with the Amazon Fire HD 10. Powerful performance in a sleek design.,563.92,0.43,385,https://images.bestbuy.com/marketplace/amazon-fire-hd-10-main.jpg,"Storage_GB: 512 | Screen_Size: 8"" | Cellular: No | RAM_GB: 6",2025-03-29,2025-03-29,Yes,
924,BB-MKT-00999,S003,PrimeElectronics,Laptops,Apple,XPS 15,AP-2301-BL,886193757638,0886193757638,"Apple XPS 15 14"" Laptop - 8GB RAM 512GB SSD",Experience premium performance with the Apple XPS 15. Designed for professionals and students alike.,1071.85,2.05,243,https://images.bestbuy.com/marketplace/apple-xps-15-main.jpg,"RAM_GB: 8 | Storage_GB: 512 | Screen_Size: 14"" | Processor: Intel i7",2024-10-10,2024-10-10,Yes,
925,BB-MKT-00991,S008,DigitalHub USA,Smart Home,Wyze,Nest Hub Max,WY-6633-SL,838505041166,0838505041166,Wyze Nest Hub Max Smart Home Device,Transform your home with the Wyze Nest Hub Max. Easy setup and seamless smart home integration.,493.27,1.34,35,https://images.bestbuy.com/marketplace/wyze-nest-hub-max-main.jpg,Connectivity: Bluetooth | Voice_Assistant: Alexa | Power: Wired,2024-09-29,2024-09-29,Yes,
926,BB-MKT-00948,S003,PrimeElectronics,Tablets,Amazon,iPad Pro 12.9,AM-5315-WH,545230011619,0545230011619,"Amazon iPad Pro 12.9 8"" 128GB Tablet",Stay productive and entertained with the Amazon iPad Pro 12.9. Powerful performance in a sleek design.,972.27,0.62,203,https://images.bestbuy.com/marketplace/amazon-ipad-pro-12.9-main.jpg,"Storage_GB: 128 | Screen_Size: 8"" | Cellular: Yes | RAM_GB: 16",2024-09-07,2024-09-07,Yes,
927,BB-MKT-00673,S003,PrimeElectronics,Tablets,Apple,Fire HD 10,AP-6020-WH,677274945763,0677274945763,"Apple Fire HD 10 8"" 128GB Tablet",Stay productive and entertained with the Apple Fire HD 10. Powerful performance in a sleek design.,404.04,0.56,31,https://images.bestbuy.com/marketplace/apple-fire-hd-10-main.jpg,"Storage_GB: 128 | Screen_Size: 8"" | Cellular: Yes | RAM_GB: 12",2025-03-19,2025-03-19,Yes,
928,BB-MKT-00046,S008,DigitalHub USA,Tablets,Amazon,Surface Pro 9,AM-4995-BL,597707816158,0597707816158,"Amazon Surface Pro 9 10.1"" 256GB Tablet",Stay productive and entertained with the Amazon Surface Pro 9. Powerful performance in a sleek design.,804.33,0.7,172,https://images.bestbuy.com/marketplace/amazon-surface-pro-9-main.jpg,"Storage_GB: 256 | Screen_Size: 10.1"" | Cellular: Yes | RAM_GB: 8",2024-07-15,2024-07-15,Yes,
929,BB-MKT-00919,S006,NextGen Devices,Headphones,JBL,QuietComfort 45,JB-2834-BL,659442187201,0659442187201,JBL QuietComfort 45 Over-ear Wireless Headphones,Enjoy crystal-clear audio with the JBL QuietComfort 45. Perfect for music lovers and remote workers.,37.4,0.3,215,https://images.bestbuy.com/marketplace/jbl-quietcomfort-45-main.jpg,Type: Over-ear | Connectivity: Wireless | ANC: No | Battery_Hours: 36,2025-01-21,2025-01-21,Yes,
930,BB-MKT-00591,S003,PrimeElectronics,Laptops,Lenovo,VivoBook 16,LE-6511-BL,785099948969,0785099948969,"Lenovo VivoBook 16 13.3"" Laptop - 32GB RAM 256GB SSD",Experience premium performance with the Lenovo VivoBook 16. Designed for professionals and students alike.,1346.42,1.89,188,https://images.bestbuy.com/marketplace/lenovo-vivobook-16-main.jpg,"RAM_GB: 32 | Storage_GB: 256 | Screen_Size: 13.3"" | Processor: AMD Ryzen 7",2025-03-12,2025-03-12,Yes,
931,BB-MKT-00014,S001,TechDirect LLC,Headphones,Sony,Momentum 4,SO-8744-WH,244049912883,0244049912883,Sony Momentum 4 Over-ear Wired Headphones,Enjoy crystal-clear audio with the Sony Momentum 4. Perfect for music lovers and remote workers.,437.0,0.4,97,,Type: Over-ear | Connectivity: Wired | ANC: No | Battery_Hours: 24,2024-08-18,2024-08-18,Yes,MISSING_PRIMARY_IMAGE_URL
932,BB-MKT-00180,S004,ValueTech Store,Tablets,Microsoft,iPad Pro 12.9,MI-3525-BL,375917379943,0375917379943,"Microsoft iPad Pro 12.9 12.4"" 512GB Tablet",Stay productive and entertained with the Microsoft iPad Pro 12.9. Powerful performance in a sleek design.,1056.44,0.34,306,https://images.bestbuy.com/marketplace/microsoft-ipad-pro-12.9-main.jpg,"Storage_GB: 512 | Screen_Size: 12.4"" | Cellular: Yes | RAM_GB: 8",2025-03-03,2025-03-03,Yes,
933,BB-MKT-00008,S002,EliteGadgets Inc,TVs,LG,U8K,LG-3621-BL,787851215839,0787851215839,"LG 65"" 4K UHD Smart TV U8K",Immerse yourself in stunning visuals with the LG U8K. Features cutting-edge display technology.,2314.69,24.93,305,https://images.bestbuy.com/marketplace/lg-u8k-main.jpg,"Screen_Size: 65"" | Resolution: 4K UHD | Smart_TV: Yes | HDR: HDR10",2025-02-25,2025-02-25,Yes,DUPLICATE_SKU
934,BB-MKT-00477,S001,TechDirect LLC,Laptops,HP,Katana 15,HP-4962-BK,956848700337,0956848700337,"HP Katana 15 15.6"" Laptop - 32GB RAM 1024GB SSD",Experience premium performance with the HP Katana 15. Designed for professionals and students alike.,607.12,2.13,7,https://images.bestbuy.com/marketplace/hp-katana-15-main.jpg,"RAM_GB: 32 | Storage_GB: 1024 | Screen_Size: 15.6"" | Processor: AMD Ryzen 5",2025-03-28,2025-03-28,Yes,
935,BB-MKT-00851,S005,ConnectPro Sales,Headphones,Sennheiser,AirPods Max,SE-2410-BL,868095225001,0868095225001,Sennheiser AirPods Max Over-ear Wired Headphones,Enjoy crystal-clear audio with the Sennheiser AirPods Max. Perfect for music lovers and remote workers.,74.84,0.43,93,https://images.bestbuy.com/marketplace/sennheiser-airpods-max-main.jpg,Type: Over-ear | Connectivity: Wired | ANC: No | Battery_Hours: 40,2024-08-14,2024-08-14,Yes,
936,BB-MKT-00443,S002,EliteGadgets Inc,TVs,Vizio,5-Series 4K,VI-6336-WH,921192384279,0921192384279,"Vizio 75"" 1080p Full HD Smart TV 5-Series 4K",Immerse yourself in stunning visuals with the Vizio 5-Series 4K. Features cutting-edge display technology.,3170.16,22.35,50,https://images.bestbuy.com/marketplace/vizio-5-series-4k-main.jpg,"Screen_Size: 75"" | Resolution: 1080p Full HD | Smart_TV: No | HDR: Dolby Vision",2024-10-30,2024-10-30,Yes,
937,BB-MKT-00510,S004,ValueTech Store,Headphones,Apple,Evolve2 85,AP-4531-SL,327016241926,0327016241926,Apple Evolve2 85 On-ear Wired Headphones,Enjoy crystal-clear audio with the Apple Evolve2 85. Perfect for music lovers and remote workers.,406.89,0.25,92,https://images.bestbuy.com/marketplace/apple-evolve2-85-main.jpg,Type: On-ear | Connectivity: Wired | ANC: Yes | Battery_Hours: 36,2025-01-26,2025-01-26,Yes,
938,BB-MKT-00039,S004,ValueTech Store,Tablets,Samsung,Surface Pro 9,SA-7624-WH,835883073006,0835883073006,"Samsung Surface Pro 9 12.4"" 512GB Tablet",Stay productive and entertained with the Samsung Surface Pro 9. Powerful performance in a sleek design.,1115.58,0.85,318,https://images.bestbuy.com/marketplace/samsung-surface-pro-9-main.jpg,"Storage_GB: 512 | Screen_Size: 12.4"" | Cellular: Yes | RAM_GB: 12",2025-03-31,2025-03-31,Yes,
939,BB-MKT-00031,S006,NextGen Devices,Laptops,Apple,IdeaPad 5,AP-5844-WH,866232475190,0866232475190,"Apple IdeaPad 5 16"" Laptop - 32GB RAM 1024GB SSD",Experience premium performance with the Apple IdeaPad 5. Designed for professionals and students alike.,801.86,2.26,194,https://images.bestbuy.com/marketplace/apple-ideapad-5-main.jpg,"RAM_GB: 32 | Storage_GB: 1024 | Screen_Size: 16"" | Processor: AMD Ryzen 5",2024-09-28,2024-09-28,Yes,
940,BB-MKT-00387,S004,ValueTech Store,Smart Home,Ring,Cam OG,RI-6718-BK,160766297558,0160766297558,Ring Cam OG Smart Home Device,Transform your home with the Ring Cam OG. Easy setup and seamless smart home integration.,97.33,0.15,295,https://images.bestbuy.com/marketplace/ring-cam-og-main.jpg,Connectivity: Zigbee | Voice_Assistant: Alexa | Power: Battery,2024-11-30,2024-11-30,Yes,
941,BB-MKT-00695,S007,SmartBuy Co,Smart Home,Nest,Cam OG,NE-7911-WH,736014295182,0736014295182,Nest Cam OG Smart Home Device,Transform your home with the Nest Cam OG. Easy setup and seamless smart home integration.,359.45,0.43,1,https://images.bestbuy.com/marketplace/nest-cam-og-main.jpg,Connectivity: Bluetooth | Voice_Assistant: Google Assistant | Power: Wired,2024-10-13,2024-10-13,Yes,
942,BB-MKT-00408,S008,DigitalHub USA,Laptops,Acer,Aspire 5,AC-7648-BK,435764110674,0435764110674,"Acer Aspire 5 13.3"" Laptop - 64GB RAM 512GB SSD",Experience premium performance with the Acer Aspire 5. Designed for professionals and students alike.,1655.34,2.3,305,https://images.bestbuy.com/marketplace/acer-aspire-5-main.jpg,"RAM_GB: 64 | Storage_GB: 512 | Screen_Size: 13.3"" | Processor: AMD Ryzen 7",2025-01-11,2025-01-11,Yes,
943,BB-MKT-00067,S005,ConnectPro Sales,Headphones,Sennheiser,Evolve2 85,SE-9742-BL,842395153057,0842395153057,Sennheiser Evolve2 85 On-ear Both Headphones,Enjoy crystal-clear audio with the Sennheiser Evolve2 85. Perfect for music lovers and remote workers.,525.15,0.36,454,https://images.bestbuy.com/marketplace/sennheiser-evolve2-85-main.jpg,Type: On-ear | Connectivity: Both | ANC: Yes | Battery_Hours: 30,2025-03-07,2025-03-07,Yes,
944,BB-MKT-00590,S002,EliteGadgets Inc,TVs,LG,OLED C3,LG-7178-WH,565170723838,0565170723838,"LG 65"" 4K UHD Smart TV OLED C3",Immerse yourself in stunning visuals with the LG OLED C3. Features cutting-edge display technology.,3892.2,24.46,281,https://images.bestbuy.com/marketplace/lg-oled-c3-main.jpg,"Screen_Size: 65"" | Resolution: 4K UHD | Smart_TV: No | HDR: HDR10",2024-08-13,2024-08-13,Yes,DUPLICATE_SKU
945,BB-MKT-00157,S004,ValueTech Store,Laptops,HP,Aspire 5,HP-6253-WH,948676594151,0948676594151,"HP Aspire 5 15.6"" Laptop - 32GB RAM 256GB SSD",Experience premium performance with the HP Aspire 5. Designed for professionals and students alike.,1032.71,1.43,0,https://images.bestbuy.com/marketplace/hp-aspire-5-main.jpg,"RAM_GB: 32 | Storage_GB: 256 | Screen_Size: 15.6"" | Processor: Apple M2",2025-03-24,2023-12-27,Yes,STALE_LISTING
946,BB-MKT-00709,S006,NextGen Devices,Headphones,Sony,WH-1000XM5,SO-5194-BL,623926496088,0623926496088,Sony WH-1000XM5 Over-ear Both Headphones,Enjoy crystal-clear audio with the Sony WH-1000XM5. Perfect for music lovers and remote workers.,367.15,0.24,63,https://images.bestbuy.com/marketplace/sony-wh-1000xm5-main.jpg,Type: Over-ear | Connectivity: Both | ANC: No | Battery_Hours: 30,2025-04-18,2025-04-18,Yes,
947,BB-MKT-00749,S002,EliteGadgets Inc,TVs,TCL,QLED 4K,TC-4064-SL,606351295520,0606351295520,"TCL 85"" 4K UHD Smart TV QLED 4K",Immerse yourself in stunning visuals with the TCL QLED 4K. Features cutting-edge display technology.,356.2,37.12,231,https://images.bestbuy.com/marketplace/tcl-qled-4k-main.jpg,"Screen_Size: 85"" | Resolution: 4K UHD | Smart_TV: Yes | HDR: HDR10",2024-12-28,2024-12-28,Yes,
948,BB-MKT-00065,S006,NextGen Devices,TVs,Vizio,OLED C3,VI-8749-BL,448079814698,0448079814698,"Vizio 75"" 8K Smart TV OLED C3",Immerse yourself in stunning visuals with the Vizio OLED C3. Features cutting-edge display technology.,1696.8,37.2,420,https://images.bestbuy.com/marketplace/vizio-oled-c3-main.jpg,"Screen_Size: 75"" | Resolution: 8K | Smart_TV: Yes | HDR: Dolby Vision",2024-09-16,2024-09-16,Yes,
949,BB-MKT-00492,S002,EliteGadgets Inc,TVs,Sony,5-Series 4K,SO-6952-BL,429058180099,0429058180099,"Sony 75"" 1080p Full HD Smart TV 5-Series 4K",Immerse yourself in stunning visuals with the Sony 5-Series 4K. Features cutting-edge display technology.,1005.59,35.96,498,https://images.bestbuy.com/marketplace/sony-5-series-4k-main.jpg,"Screen_Size: 75"" | Resolution: 1080p Full HD | Smart_TV: No | HDR: HDR10",2024-08-08,2024-08-08,Yes,
950,BB-MKT-00577,S004,ValueTech Store,Smart Home,Philips,Ultra 2,PH-8014-BK,973872123951,0973872123951,Philips Ultra 2 Smart Home Device,Transform your home with the Philips Ultra 2. Easy setup and seamless smart home integration.,188.62,1.41,400,https://images.bestbuy.com/marketplace/philips-ultra-2-main.jpg,Connectivity: Wi-Fi | Voice_Assistant: None | Power: Wired,2024-07-14,2024-07-14,Yes,
951,BB-MKT-00720,S001,TechDirect LLC,Headphones,Beats,AirPods Max,BE-9177-BL,869334923184,0869334923184,Beats AirPods Max Over-ear Wired Headphones,Enjoy crystal-clear audio with the Beats AirPods Max. Perfect for music lovers and remote workers.,244.31,0.29,424,https://images.bestbuy.com/marketplace/beats-airpods-max-main.jpg,Type: Over-ear | Connectivity: Wired | ANC: No | Battery_Hours: 40,2025-04-04,2025-04-04,Yes,
952,BB-MKT-00024,S005,ConnectPro Sales,Laptops,Dell,IdeaPad 5,DE-8007-BK,588514866975,0588514866975,"Dell IdeaPad 5 15.6"" Laptop - 16GB RAM 1024GB SSD",Experience premium performance with the Dell IdeaPad 5. Designed for professionals and students alike.,633.94,2.71,353,https://images.bestbuy.com/marketplace/dell-ideapad-5-main.jpg,"RAM_GB: 16 | Storage_GB: 1024 | Screen_Size: 15.6"" | Processor: Intel i7",2024-09-15,2024-09-15,Yes,
953,BB-MKT-00277,S005,ConnectPro Sales,Smart Home,Google,Nest Hub Max,GO-6536-BK,309514605303,0309514605303,Google Nest Hub Max Smart Home Device,Transform your home with the Google Nest Hub Max. Easy setup and seamless smart home integration.,384.86,0.17,324,https://images.bestbuy.com/marketplace/google-nest-hub-max-main.jpg,Connectivity: Wi-Fi | Voice_Assistant: None | Power: Battery,2025-04-28,2025-04-28,Yes,
954,BB-MKT-00280,S008,DigitalHub USA,TVs,LG,5-Series 4K,LG-4560-WH,883032284455,0883032284455,"LG 75"" 1080p Full HD Smart TV 5-Series 4K",Immerse yourself in stunning visuals with the LG 5-Series 4K. Features cutting-edge display technology.,17215.45,39.43,351,https://images.bestbuy.com/marketplace/lg-5-series-4k-main.jpg,"Screen_Size: 75"" | Resolution: 1080p Full HD | Smart_TV: No | HDR: HDR10+",2024-12-24,2024-12-24,Yes,PRICE_ANOMALY
955,BB-MKT-00571,S004,ValueTech Store,Smart Home,Arlo,Hue Starter Kit,AR-9731-SL,864374516846,0864374516846,Arlo Hue Starter Kit Smart Home Device,Transform your home with the Arlo Hue Starter Kit. Easy setup and seamless smart home integration.,348.92,1.34,1,https://images.bestbuy.com/marketplace/arlo-hue-starter-kit-main.jpg,Connectivity: Z-Wave | Voice_Assistant: Google Assistant | Power: USB-C,2025-02-04,2025-02-04,Yes,
956,BB-MKT-00712,S005,ConnectPro Sales,Tablets,Samsung,Fire HD 10,SA-2531-SL,610560624736,0610560624736,"Samsung Fire HD 10 8"" 512GB Tablet",Stay productive and entertained with the Samsung Fire HD 10. Powerful performance in a sleek design.,684.76,0.69,460,https://images.bestbuy.com/marketplace/samsung-fire-hd-10-main.jpg,"Storage_GB: 512 | Screen_Size: 8"" | Cellular: Yes | RAM_GB: 12",2025-02-24,2025-02-24,Yes,
957,BB-MKT-00594,S004,ValueTech Store,Smart Home,Google,Hue Starter Kit,GO-7616-BL,960482233828,0960482233828,Google Hue Starter Kit Smart Home Device,Transform your home with the Google Hue Starter Kit. Easy setup and seamless smart home integration.,415.27,1.16,6,https://images.bestbuy.com/marketplace/google-hue-starter-kit-main.jpg,Connectivity: Z-Wave | Voice_Assistant: Alexa | Power: Wired,2025-02-27,2025-02-27,Yes,
958,BB-MKT-00908,S006,NextGen Devices,Tablets,Microsoft,iPad Pro 12.9,MI-7779-WH,954600475414,0954600475414,"Microsoft iPad Pro 12.9 10.1"" 512GB Tablet",Stay productive and entertained with the Microsoft iPad Pro 12.9. Powerful performance in a sleek design.,1154.04,0.65,293,https://images.bestbuy.com/marketplace/microsoft-ipad-pro-12.9-main.jpg,"Storage_GB: 512 | Screen_Size: 10.1"" | Cellular: Yes | RAM_GB: 8",2024-10-11,2024-10-11,Yes,
959,BB-MKT-00891,S005,ConnectPro Sales,TVs,Hisense,V-Series,HI-3106-WH,268770222856,0268770222856,"Hisense 55"" 8K Smart TV V-Series",Immerse yourself in stunning visuals with the Hisense V-Series. Features cutting-edge display technology.,2526.94,45.8,131,https://images.bestbuy.com/marketplace/hisense-v-series-main.jpg,"Screen_Size: 55"" | Resolution: 8K | Smart_TV: No | HDR: HDR10+",2024-10-25,2024-10-25,Yes,
960,BB-MKT-00467,S003,PrimeElectronics,Tablets,Microsoft,Fire HD 10,MI-8593-WH,642471181620,0642471181620,"Microsoft Fire HD 10 8"" 512GB Tablet",Stay productive and entertained with the Microsoft Fire HD 10. Powerful performance in a sleek design.,179.87,0.3,134,https://images.bestbuy.com/marketplace/microsoft-fire-hd-10-main.jpg,"Storage_GB: 512 | Screen_Size: 8"" | Cellular: No | RAM_GB: 16",2024-12-01,2024-12-01,Yes,
961,BB-MKT-00241,S003,PrimeElectronics,Laptops,,VivoBook 16,MS-7936-BK,143491637722,0143491637722,"MSI VivoBook 16 14"" Laptop - 16GB RAM 256GB SSD",Experience premium performance with the MSI VivoBook 16. Designed for professionals and students alike.,2474.39,1.9,421,https://images.bestbuy.com/marketplace/msi-vivobook-16-main.jpg,"RAM_GB: 16 | Storage_GB: 256 | Screen_Size: 14"" | Processor: Intel i7",2024-09-14,2024-09-14,Yes,MISSING_BRAND
962,BB-MKT-00743,S002,EliteGadgets Inc,Headphones,Sennheiser,WH-1000XM5,SE-6289-BL,,0212265009527,Sennheiser WH-1000XM5 Over-ear Wireless Headphones,Enjoy crystal-clear audio with the Sennheiser WH-1000XM5. Perfect for music lovers and remote workers.,146.7,0.22,370,https://images.bestbuy.com/marketplace/sennheiser-wh-1000xm5-main.jpg,Type: Over-ear | Connectivity: Wireless | ANC: Yes | Battery_Hours: 20,2025-01-05,2025-01-05,Yes,MISSING_UPC
963,BB-MKT-00089,S001,TechDirect LLC,Smart Home,Arlo,Hue Starter Kit,AR-6062-SL,869972833362,0869972833362,Arlo Hue Starter Kit Smart Home Device,Transform your home with the Arlo Hue Starter Kit. Easy setup and seamless smart home integration.,193.98,0.35,73,https://images.bestbuy.com/marketplace/arlo-hue-starter-kit-main.jpg,Connectivity: Z-Wave | Voice_Assistant: Alexa | Power: Battery,2025-04-16,2025-04-16,Yes,
964,BB-MKT-00116,S006,NextGen Devices,Laptops,MSI,MacBook Air,MS-8204-BL,917761866683,0917761866683,"MSI MacBook Air 13.3"" Laptop - 32GB RAM 512GB SSD",Experience premium performance with the MSI MacBook Air. Designed for professionals and students alike.,1110.98,1.5,354,https://images.bestbuy.com/marketplace/msi-macbook-air-main.jpg,"RAM_GB: 32 | Storage_GB: 512 | Screen_Size: 13.3"" | Processor: AMD Ryzen 5",2025-03-12,2025-03-12,Yes,
965,BB-MKT-00015,S002,EliteGadgets Inc,Tablets,Microsoft,Tab P12 Pro,MI-6559-BK,542641960943,0542641960943,"Microsoft Tab P12 Pro 12.4"" 512GB Tablet",Stay productive and entertained with the Microsoft Tab P12 Pro. Powerful performance in a sleek design.,434.95,0.41,229,https://images.bestbuy.com/marketplace/microsoft-tab-p12-pro-main.jpg,"Storage_GB: 512 | Screen_Size: 12.4"" | Cellular: Yes | RAM_GB: 4",2024-09-10,2024-09-10,Yes,
966,BB-MKT-00179,S005,ConnectPro Sales,Tablets,Amazon,Galaxy Tab S9,AM-4273-WH,226121781400,0226121781400,"Amazon Galaxy Tab S9 12.4"" 256GB Tablet",Stay productive and entertained with the Amazon Galaxy Tab S9. Powerful performance in a sleek design.,932.97,0.63,487,https://images.bestbuy.com/marketplace/amazon-galaxy-tab-s9-main.jpg,"Storage_GB: 256 | Screen_Size: 12.4"" | Cellular: No | RAM_GB: 12",2025-02-22,2025-02-22,Yes,
967,BB-MKT-00488,S008,DigitalHub USA,Laptops,Acer,MacBook Air,AC-1913-BL,654722131637,0654722131637,"Acer MacBook Air 16"" Laptop - 64GB RAM 1024GB SSD",Experience premium performance with the Acer MacBook Air. Designed for professionals and students alike.,952.12,2.15,193,https://images.bestbuy.com/marketplace/acer-macbook-air-main.jpg,"RAM_GB: 64 | Storage_GB: 1024 | Screen_Size: 16"" | Processor: AMD Ryzen 7",2024-12-28,2024-12-28,Yes,
968,BB-MKT-00982,S001,TechDirect LLC,Tablets,Lenovo,Fire HD 10,LE-7844-BL,561304365582,0561304365582,"Lenovo Fire HD 10 12.4"" 128GB Tablet",Stay productive and entertained with the Lenovo Fire HD 10. Powerful performance in a sleek design.,992.47,0.57,198,https://images.bestbuy.com/marketplace/lenovo-fire-hd-10-main.jpg,"Storage_GB: 128 | Screen_Size: 12.4"" | Cellular: Yes | RAM_GB: 8",2025-02-23,2025-02-23,Yes,
969,BB-MKT-00954,S008,DigitalHub USA,Tablets,Amazon,Tab P12 Pro,AM-1942-SL,716106479903,0716106479903,"Amazon Tab P12 Pro 10.1"" 64GB Tablet",Stay productive and entertained with the Amazon Tab P12 Pro. Powerful performance in a sleek design.,697.12,0.72,32,https://images.bestbuy.com/marketplace/amazon-tab-p12-pro-main.jpg,"Storage_GB: 64 | Screen_Size: 10.1"" | Cellular: Yes | RAM_GB: 16",2024-12-29,2024-12-29,Yes,
970,BB-MKT-00902,S003,PrimeElectronics,TVs,Samsung,OLED C3,SA-8731-BK,683112336001,0683112336001,"Samsung 50"" 8K Smart TV OLED C3",Immerse yourself in stunning visuals with the Samsung OLED C3. Features cutting-edge display technology.,2816.8,48.81,107,https://images.bestbuy.com/marketplace/samsung-oled-c3-main.jpg,"Screen_Size: 50"" | Resolution: 8K | Smart_TV: No | HDR: Dolby Vision",2025-04-19,2025-04-19,Yes,
971,BB-MKT-00032,S005,ConnectPro Sales,Tablets,Amazon,iPad Pro 12.9,AM-6279-BL,739029968283,0739029968283,"Amazon iPad Pro 12.9 11"" 256GB Tablet",Stay productive and entertained with the Amazon iPad Pro 12.9. Powerful performance in a sleek design.,657.05,0.71,261,https://images.bestbuy.com/marketplace/amazon-ipad-pro-12.9-main.jpg,"Storage_GB: 256 | Screen_Size: 11"" | Cellular: Yes | RAM_GB: 12",2025-02-28,2025-02-28,Yes,
972,BB-MKT-00812,S008,DigitalHub USA,Tablets,Microsoft,Tab P12 Pro,MI-9082-SL,427415078826,0427415078826,"Microsoft Tab P12 Pro 12.9"" 128GB Tablet",Stay productive and entertained with the Microsoft Tab P12 Pro. Powerful performance in a sleek design.,204.53,0.61,268,https://images.bestbuy.com/marketplace/microsoft-tab-p12-pro-main.jpg,"Storage_GB: 128 | Screen_Size: 12.9"" | Cellular: No | RAM_GB: 4",2025-04-23,2025-04-23,Yes,
973,BB-MKT-00699,S008,DigitalHub USA,TVs,Vizio,U8K,VI-8274-BK,472470547964,0472470547964,"Vizio 85"" 8K Smart TV U8K",Immerse yourself in stunning visuals with the Vizio U8K. Features cutting-edge display technology.,1324.38,14.86,451,https://images.bestbuy.com/marketplace/vizio-u8k-main.jpg,"Screen_Size: 85"" | Resolution: 8K | Smart_TV: No | HDR: Dolby Vision",2024-07-17,2024-07-17,Yes,
974,BB-MKT-00763,S003,PrimeElectronics,Laptops,Apple,IdeaPad 5,AP-4585-BK,418174260825,0817120960336,"Apple IdeaPad 5 14"" Laptop - 16GB RAM 1024GB SSD",Experience premium performance with the Apple IdeaPad 5. Designed for professionals and students alike.,1392.67,1.77,415,https://images.bestbuy.com/marketplace/apple-ideapad-5-main.jpg,"RAM_GB: 16 | Storage_GB: 1024 | Screen_Size: 14"" | Processor: AMD Ryzen 7",2025-01-14,2025-01-14,Yes,GTIN_UPC_MISMATCH
975,BB-MKT-00652,S003,PrimeElectronics,Tablets,Apple,Galaxy Tab S9,AP-9035-SL,252234773454,0252234773454,"Apple Galaxy Tab S9 8"" 256GB Tablet",Stay productive and entertained with the Apple Galaxy Tab S9. Powerful performance in a sleek design.,750.07,0.89,180,https://images.bestbuy.com/marketplace/apple-galaxy-tab-s9-main.jpg,"Storage_GB: 256 | Screen_Size: 8"" | Cellular: No | RAM_GB: 16",2025-04-02,2025-04-02,Yes,
976,BB-MKT-00942,S007,SmartBuy Co,Smart Home,Wyze,Hue Starter Kit,WY-2615-BK,749003049187,0749003049187,Wyze Hue Starter Kit Smart Home Device,Transform your home with the Wyze Hue Starter Kit. Easy setup and seamless smart home integration.,84.21,1.17,184,https://images.bestbuy.com/marketplace/wyze-hue-starter-kit-main.jpg,Connectivity: Bluetooth | Voice_Assistant: Alexa | Power: USB-C,2025-04-24,2025-04-24,Yes,
977,BB-MKT-00124,S003,PrimeElectronics,Smart Home,Amazon,Echo Show 10,AM-9612-BL,627073531786,0627073531786,Amazon Echo Show 10 Smart Home Device,Transform your home with the Amazon Echo Show 10. Easy setup and seamless smart home integration.,3259.21,1.25,37,https://images.bestbuy.com/marketplace/amazon-echo-show-10-main.jpg,Connectivity: Z-Wave | Voice_Assistant: None | Power: USB-C,2024-09-03,2024-09-03,Yes,PRICE_ANOMALY
978,BB-MKT-00210,S002,EliteGadgets Inc,Laptops,Lenovo,Katana 15,LE-2262-BL,789671467426,0789671467426,"Lenovo Katana 15 13.3"" Laptop - 64GB RAM 512GB SSD",Experience premium performance with the Lenovo Katana 15. Designed for professionals and students alike.,1354.92,1.78,255,https://images.bestbuy.com/marketplace/lenovo-katana-15-main.jpg,"RAM_GB: 64 | Storage_GB: 512 | Screen_Size: 13.3"" | Processor: AMD Ryzen 5",2025-04-17,2025-04-17,Yes,
979,BB-MKT-00937,S004,ValueTech Store,Headphones,Bose,Tour One,BO-5513-SL,256523131074,0256523131074,Bose Tour One Over-ear Both Headphones,Enjoy crystal-clear audio with the Bose Tour One. Perfect for music lovers and remote workers.,34.6,0.23,159,https://images.bestbuy.com/marketplace/bose-tour-one-main.jpg,Type: Over-ear | Connectivity: Both | ANC: Yes | Battery_Hours: 24,2025-03-26,2025-03-26,Yes,
980,BB-MKT-00820,S007,SmartBuy Co,Smart Home,Google,Ultra 2,GO-8947-BL,835694035930,0835694035930,Google Ultra 2 Smart Home Device,Transform your home with the Google Ultra 2. Easy setup and seamless smart home integration.,403.47,0.65,182,https://images.bestbuy.com/marketplace/google-ultra-2-main.jpg,Connectivity: Z-Wave | Voice_Assistant: None | Power: USB-C,2025-04-05,2025-04-05,Yes,
981,BB-MKT-00909,S002,EliteGadgets Inc,Tablets,Samsung,Surface Pro 9,SA-2114-SL,946711860902,0946711860902,"Samsung Surface Pro 9 12.9"" 256GB Tablet",Stay productive and entertained with the Samsung Surface Pro 9. Powerful performance in a sleek design.,1249.78,0.52,395,https://images.bestbuy.com/marketplace/samsung-surface-pro-9-main.jpg,"Storage_GB: 256 | Screen_Size: 12.9"" | Cellular: No | RAM_GB: 4",2025-02-14,2025-02-14,Yes,
982,BB-MKT-00955,S002,EliteGadgets Inc,Headphones,Sennheiser,AirPods Max,SE-3184-BL,940543215216,0940543215216,Sennheiser AirPods Max In-ear Wireless Headphones,Enjoy crystal-clear audio with the Sennheiser AirPods Max. Perfect for music lovers and remote workers.,140.91,0.31,275,https://images.bestbuy.com/marketplace/sennheiser-airpods-max-main.jpg,Type: In-ear | Connectivity: Wireless | ANC: No | Battery_Hours: 36,2024-12-03,2024-12-03,Yes,
983,BB-MKT-00775,S005,ConnectPro Sales,Headphones,Jabra,Momentum 4,JA-6764-SL,266025908976,0266025908976,Jabra Momentum 4 On-ear Both Headphones,Enjoy crystal-clear audio with the Jabra Momentum 4. Perfect for music lovers and remote workers.,251.87,0.41,71,https://images.bestbuy.com/marketplace/jabra-momentum-4-main.jpg,Type: On-ear | Connectivity: Both | ANC: Yes | Battery_Hours: 24,2024-11-20,2024-11-20,Yes,DUPLICATE_SKU
984,BB-MKT-00468,S008,DigitalHub USA,Laptops,Apple,MacBook Air,AP-5009-BK,859808891203,0859808891203,"Apple MacBook Air 14"" Laptop - 32GB RAM 512GB SSD",Experience premium performance with the Apple MacBook Air. Designed for professionals and students alike.,649.64,1.64,496,https://images.bestbuy.com/marketplace/apple-macbook-air-main.jpg,"RAM_GB: 32 | Storage_GB: 512 | Screen_Size: 14"" | Processor: AMD Ryzen 7",2024-08-04,2024-08-04,Yes,
985,BB-MKT-00270,S002,EliteGadgets Inc,Tablets,Amazon,Tab P12 Pro,AM-3140-BL,132690535494,0132690535494,"Amazon Tab P12 Pro 10.1"" 512GB Tablet",Stay productive and entertained with the Amazon Tab P12 Pro. Powerful performance in a sleek design.,1207.46,0.37,210,https://images.bestbuy.com/marketplace/amazon-tab-p12-pro-main.jpg,"Storage_GB: 512 | Screen_Size: 10.1"" | Cellular: No | RAM_GB: 8",2025-02-11,2025-02-11,Yes,
986,BB-MKT-00146,S003,PrimeElectronics,TVs,Nest,Video Doorbell Pro 2,NE-8518-SL,903856791884,0903856791884,Nest Video Doorbell Pro 2 Smart Home Device,Transform your home with the Nest Video Doorbell Pro 2. Easy setup and seamless smart home integration.,366.74,0.12,172,https://images.bestbuy.com/marketplace/nest-video-doorbell-pro-2-main.jpg,Connectivity: Zigbee | Voice_Assistant: Alexa | Power: Wired,2024-11-29,2024-11-29,Yes,CATEGORY_MISMATCH
987,BB-MKT-00310,S003,PrimeElectronics,Smart Home,Arlo,Cam OG,AR-8429-BK,476606746380,0476606746380,Arlo Cam OG Smart Home Device,Transform your home with the Arlo Cam OG. Easy setup and seamless smart home integration.,137.01,0.64,55,https://images.bestbuy.com/marketplace/arlo-cam-og-main.jpg,Connectivity: Z-Wave | Voice_Assistant: Google Assistant | Power: USB-C,2024-07-09,2024-07-09,Yes,
988,BB-MKT-00123,S003,PrimeElectronics,TVs,Sony,U8K,SO-9094-BK,968600167952,0968600167952,"Sony 50"" 4K UHD Smart TV U8K",Immerse yourself in stunning visuals with the Sony U8K. Features cutting-edge display technology.,1602.36,33.18,239,https://images.bestbuy.com/marketplace/sony-u8k-main.jpg,"Screen_Size: 50"" | Resolution: 4K UHD | Smart_TV: Yes | HDR: HDR10",2025-04-09,2025-04-09,Yes,
989,BB-MKT-00921,S006,NextGen Devices,Laptops,HP,Katana 15,HP-3297-BL,269731189169,0269731189169,"HP Katana 15 13.3"" Laptop - 16GB RAM 256GB SSD",Experience premium performance with the HP Katana 15. Designed for professionals and students alike.,1999.8,1.3,410,https://images.bestbuy.com/marketplace/hp-katana-15-main.jpg,"RAM_GB: 16 | Storage_GB: 256 | Screen_Size: 13.3"" | Processor: Intel i7",2024-10-16,2024-10-16,Yes,
990,BB-MKT-00036,S008,DigitalHub USA,Smart Home,Vizio,5-Series 4K,VI-9540-BL,943004633186,0943004633186,"Vizio 65"" 8K Smart TV 5-Series 4K",Immerse yourself in stunning visuals with the Vizio 5-Series 4K. Features cutting-edge display technology.,2599.31,20.08,39,https://images.bestbuy.com/marketplace/vizio-5-series-4k-main.jpg,"Screen_Size: 65"" | Resolution: 8K | Smart_TV: Yes | HDR: HDR10+",2024-11-24,2024-11-24,Yes,CATEGORY_MISMATCH
991,BB-MKT-00789,S004,ValueTech Store,Laptops,Acer,XPS 15,AC-5094-BK,894024587607,0894024587607,"Acer XPS 15 13.3"" Laptop - 16GB RAM 512GB SSD",Experience premium performance with the Acer XPS 15. Designed for professionals and students alike.,559.88,1.4,92,https://images.bestbuy.com/marketplace/acer-xps-15-main.jpg,"RAM_GB: 16 | Storage_GB: 512 | Screen_Size: 13.3"" | Processor: Intel i5",2024-11-22,2024-11-22,Yes,
992,BB-MKT-00305,S006,NextGen Devices,Laptops,Apple,Aspire 5,AP-3848-BL,725108223619,0725108223619,"Apple Aspire 5 15.6"" Laptop - 32GB RAM 1024GB SSD",Experience premium performance with the Apple Aspire 5. Designed for professionals and students alike.,1771.72,1.78,334,https://images.bestbuy.com/marketplace/apple-aspire-5-main.jpg,"RAM_GB: 32 | Storage_GB: 1024 | Screen_Size: 15.6"" | Processor: Apple M2",2024-08-09,2024-08-09,Yes,
993,BB-MKT-00023,S005,ConnectPro Sales,Smart Home,Google,Ultra 2,GO-9004-SL,655184583398,0655184583398,Google Ultra 2 Smart Home Device,Transform your home with the Google Ultra 2. Easy setup and seamless smart home integration.,454.51,1.28,47,https://images.bestbuy.com/marketplace/google-ultra-2-main.jpg,Connectivity: Z-Wave | Voice_Assistant: Google Assistant | Power: USB-C,2025-02-02,2025-02-02,Yes,
994,BB-MKT-00670,S007,SmartBuy Co,TVs,Samsung,QLED 4K,SA-4874-BK,115032389548,0115032389548,"Samsung 43"" 4K UHD Smart TV QLED 4K",Immerse yourself in stunning visuals with the Samsung QLED 4K. Features cutting-edge display technology.,2792.66,23.05,499,https://images.bestbuy.com/marketplace/samsung-qled-4k-main.jpg,"Screen_Size: 43"" | Resolution: 4K UHD | Smart_TV: Yes | HDR: Dolby Vision",2024-07-05,2024-07-05,Yes,
995,BB-MKT-00428,S008,DigitalHub USA,TVs,Hisense,5-Series 4K,HI-8065-WH,693323414947,0693323414947,"Hisense 50"" 1080p Full HD Smart TV 5-Series 4K",Immerse yourself in stunning visuals with the Hisense 5-Series 4K. Features cutting-edge display technology.,2551.37,12.67,226,https://images.bestbuy.com/marketplace/hisense-5-series-4k-main.jpg,"Screen_Size: 50"" | Resolution: 1080p Full HD | Smart_TV: No | HDR: HDR10",2024-11-10,2024-11-10,Yes,
996,BB-MKT-00287,S006,NextGen Devices,Smart Home,Amazon,Hue Starter Kit,AM-2194-SL,493204943911,0493204943911,Amazon Hue Starter Kit Smart Home Device,Transform your home with the Amazon Hue Starter Kit. Easy setup and seamless smart home integration.,275.94,1.44,266,https://images.bestbuy.com/marketplace/amazon-hue-starter-kit-main.jpg,Connectivity: Z-Wave | Voice_Assistant: None | Power: USB-C,2024-08-04,2024-08-04,Yes,
997,BB-MKT-00078,S002,EliteGadgets Inc,Laptops,HP,Aspire 5,HP-9850-BL,867695941207,0867695941207,"HP Aspire 5 16"" Laptop - 16GB RAM 512GB SSD",Experience premium performance with the HP Aspire 5. Designed for professionals and students alike.,1632.41,2.36,453,https://images.bestbuy.com/marketplace/hp-aspire-5-main.jpg,"RAM_GB: 16 | Storage_GB: 512 | Screen_Size: 16"" | Processor: AMD Ryzen 5",2025-01-29,2025-01-29,Yes,
998,BB-MKT-00382,S002,EliteGadgets Inc,Smart Home,Amazon,Nest Hub Max,AM-1408-WH,595310493155,0595310493155,Amazon Nest Hub Max Smart Home Device,Transform your home with the Amazon Nest Hub Max. Easy setup and seamless smart home integration.,242.23,1.36,458,https://images.bestbuy.com/marketplace/amazon-nest-hub-max-main.jpg,Connectivity: Zigbee | Voice_Assistant: None | Power: Wired,2024-10-12,2024-10-12,Yes,
999,BB-MKT-00898,S006,NextGen Devices,Laptops,HP,VivoBook 16,HP-9886-WH,208221992824,0208221992824,"HP VivoBook 16 13.3"" Laptop - 8GB RAM 512GB SSD",Experience premium performance with the HP VivoBook 16. Designed for professionals and students alike.,1655.42,1.68,4,https://images.bestbuy.com/marketplace/hp-vivobook-16-main.jpg,"RAM_GB: 8 | Storage_GB: 512 | Screen_Size: 13.3"" | Processor: AMD Ryzen 7",2025-04-24,2025-04-24,Yes,
1000,BB-MKT-00760,S004,ValueTech Store,Laptops,Acer,Aspire 5,AC-6685-SL,601632135167,0601632135167,"Acer Aspire 5 13.3"" Laptop - 32GB RAM 1024GB SSD",Experience premium performance with the Acer Aspire 5. Designed for professionals and students alike.,630.4,1.21,474,https://images.bestbuy.com/marketplace/acer-aspire-5-main.jpg,"RAM_GB: 32 | Storage_GB: 1024 | Screen_Size: 13.3"" | Processor: AMD Ryzen 7",2024-09-14,2024-09-14,Yes,
1001,BB-MKT-00434,S001,TechDirect LLC,Headphones,Sony,AirPods Max,SO-9570-BL,985672413792,0985672413792,Sony AirPods Max In-ear Wireless Headphones,Enjoy crystal-clear audio with the Sony AirPods Max. Perfect for music lovers and remote workers.,517.85,0.42,274,https://images.bestbuy.com/marketplace/sony-airpods-max-main.jpg,Type: In-ear | Connectivity: Wireless | ANC: No | Battery_Hours: 20,2024-09-15,2024-09-15,Yes,
1002,BB-MKT-00995,S001,TechDirect LLC,Headphones,JBL,QuietComfort 45,JB-5428-BL,841720615352,0841720615352,JBL QuietComfort 45 On-ear Wired Headphones,Enjoy crystal-clear audio with the JBL QuietComfort 45. Perfect for music lovers and remote workers.,203.53,0.4,437,https://images.bestbuy.com/marketplace/jbl-quietcomfort-45-main.jpg,Type: On-ear | Connectivity: Wired | ANC: No | Battery_Hours: 20,2025-02-03,2025-02-03,Yes,
1003,BB-MKT-00196,S004,ValueTech Store,Tablets,Lenovo,Galaxy Tab S9,LE-2525-BL,796109041872,0796109041872,"Lenovo Galaxy Tab S9 12.4"" 256GB Tablet",Stay productive and entertained with the Lenovo Galaxy Tab S9. Powerful performance in a sleek design.,741.96,0.47,479,https://images.bestbuy.com/marketplace/lenovo-galaxy-tab-s9-main.jpg,"Storage_GB: 256 | Screen_Size: 12.4"" | Cellular: No | RAM_GB: 12",2025-01-05,2025-01-05,Yes,
1004,BB-MKT-00662,S001,TechDirect LLC,Laptops,Amazon,Galaxy Tab S9,AM-4115-BK,774369566639,0774369566639,"Amazon Galaxy Tab S9 12.4"" 512GB Tablet",Stay productive and entertained with the Amazon Galaxy Tab S9. Powerful performance in a sleek design.,7754.02,0.72,383,https://images.bestbuy.com/marketplace/amazon-galaxy-tab-s9-main.jpg,"Storage_GB: 512 | Screen_Size: 12.4"" | Cellular: Yes | RAM_GB: 12",2024-12-24,2024-12-24,Yes,CATEGORY_MISMATCH
1005,BB-MKT-00221,S004,ValueTech Store,Tablets,Microsoft,iPad Pro 12.9,MI-3110-BK,588105797047,0588105797047,"Microsoft iPad Pro 12.9 8"" 256GB Tablet",Stay productive and entertained with the Microsoft iPad Pro 12.9. Powerful performance in a sleek design.,1189.84,0.8,169,https://images.bestbuy.com/marketplace/microsoft-ipad-pro-12.9-main.jpg,"Storage_GB: 256 | Screen_Size: 8"" | Cellular: Yes | RAM_GB: 4",2024-09-01,2024-09-01,Yes,
1006,BB-MKT-00377,S004,ValueTech Store,Smart Home,Google,Nest Hub Max,GO-8808-WH,957654036206,0957654036206,Google Nest Hub Max Smart Home Device,Transform your home with the Google Nest Hub Max. Easy setup and seamless smart home integration.,265.09,0.95,364,https://images.bestbuy.com/marketplace/google-nest-hub-max-main.jpg,Connectivity: Wi-Fi | Voice_Assistant: Apple HomeKit | Power: Battery,2025-01-08,2025-01-08,Yes,
1007,BB-MKT-00055,S001,TechDirect LLC,Tablets,Lenovo,Fire HD 10,LE-5632-BL,874331514343,0874331514343,"Lenovo Fire HD 10 11"" 512GB Tablet",Stay productive and entertained with the Lenovo Fire HD 10. Powerful performance in a sleek design.,230.86,0.44,135,https://images.bestbuy.com/marketplace/lenovo-fire-hd-10-main.jpg,"Storage_GB: 512 | Screen_Size: 11"" | Cellular: Yes | RAM_GB: 6",2025-04-28,2025-04-28,Yes,
1008,BB-MKT-00100,S008,DigitalHub USA,Smart Home,Arlo,Nest Hub Max,AR-2695-SL,594186984574,0594186984574,Arlo Nest Hub Max Smart Home Device,Transform your home with the Arlo Nest Hub Max. Easy setup and seamless smart home integration.,490.72,0.22,330,https://images.bestbuy.com/marketplace/arlo-nest-hub-max-main.jpg,Connectivity: Z-Wave | Voice_Assistant: None | Power: USB-C,2024-09-27,2024-09-27,Yes,
1009,BB-MKT-00164,S004,ValueTech Store,Headphones,Apple,Tour One,AP-7841-SL,383537505481,0726033399184,Apple Tour One Over-ear Both Headphones,Enjoy crystal-clear audio with the Apple Tour One. Perfect for music lovers and remote workers.,108.25,0.28,194,,Type: Over-ear | Connectivity: Both | ANC: Yes | Battery_Hours: 24,2025-04-18,2025-04-18,Yes,GTIN_UPC_MISMATCH
1010,BB-MKT-00985,S007,SmartBuy Co,Laptops,HP,Pavilion 15,HP-8074-WH,670960591325,0670960591325,,Experience premium performance with the HP Pavilion 15. Designed for professionals and students alike.,2379.72,1.24,105,https://images.bestbuy.com/marketplace/hp-pavilion-15-main.jpg,"RAM_GB: 32 | Storage_GB: 1024 | Screen_Size: 14"" | Processor: AMD Ryzen 7",2025-01-14,2025-01-14,Yes,MISSING_TITLE
1011,BB-MKT-00582,S006,NextGen Devices,Smart Home,Wyze,Video Doorbell Pro 2,WY-8443-BK,212366136952,0212366136952,Wyze Video Doorbell Pro 2 Smart Home Device,Transform your home with the Wyze Video Doorbell Pro 2. Easy setup and seamless smart home integration.,262.09,1.39,327,https://images.bestbuy.com/marketplace/wyze-video-doorbell-pro-2-main.jpg,Connectivity: Z-Wave | Voice_Assistant: None | Power: Wired,2024-10-23,2024-10-23,Yes,
1012,BB-MKT-00747,S004,ValueTech Store,Tablets,Lenovo,Galaxy Tab S9,LE-9644-SL,752036145379,0752036145379,"Lenovo Galaxy Tab S9 8"" 512GB Tablet",Stay productive and entertained with the Lenovo Galaxy Tab S9. Powerful performance in a sleek design.,1023.56,0.49,232,https://images.bestbuy.com/marketplace/lenovo-galaxy-tab-s9-main.jpg,"Storage_GB: 512 | Screen_Size: 8"" | Cellular: No | RAM_GB: 6",2024-09-17,2024-09-17,Yes,
1013,BB-MKT-00391,S008,DigitalHub USA,Tablets,Samsung,Fire HD 10,SA-8616-BK,126277499576,0126277499576,"Samsung Fire HD 10 11"" 128GB Tablet",Stay productive and entertained with the Samsung Fire HD 10. Powerful performance in a sleek design.,997.09,0.42,315,https://images.bestbuy.com/marketplace/samsung-fire-hd-10-main.jpg,"Storage_GB: 128 | Screen_Size: 11"" | Cellular: Yes | RAM_GB: 4",2025-01-29,2025-01-29,Yes,
1014,BB-MKT-00456,S008,DigitalHub USA,Headphones,JBL,Tour One,JB-1361-WH,169531486092,0169531486092,JBL Tour One In-ear Both Headphones,Enjoy crystal-clear audio with the JBL Tour One. Perfect for music lovers and remote workers.,463.17,0.33,171,https://images.bestbuy.com/marketplace/jbl-tour-one-main.jpg,Type: In-ear | Connectivity: Both | ANC: Yes | Battery_Hours: 30,2025-01-27,2025-01-27,Yes,
1015,BB-MKT-00311,S004,ValueTech Store,Smart Home,Philips,Cam OG,PH-8796-BK,293687127561,0293687127561,Philips Cam OG Smart Home Device,Transform your home with the Philips Cam OG. Easy setup and seamless smart home integration.,441.54,0.84,385,https://images.bestbuy.com/marketplace/philips-cam-og-main.jpg,Connectivity: Bluetooth | Voice_Assistant: Google Assistant | Power: USB-C,2024-08-30,2024-08-30,Yes,
1016,BB-MKT-00616,S005,ConnectPro Sales,Tablets,Samsung,iPad Pro 12.9,SA-6202-BK,405519350443,0405519350443,"Samsung iPad Pro 12.9 12.9"" 128GB Tablet",Stay productive and entertained with the Samsung iPad Pro 12.9. Powerful performance in a sleek design.,739.84,0.89,331,https://images.bestbuy.com/marketplace/samsung-ipad-pro-12.9-main.jpg,"Storage_GB: 128 | Screen_Size: 12.9"" | Cellular: No | RAM_GB: 8",2024-11-25,2024-11-25,Yes,DUPLICATE_SKU
1017,BB-MKT-00953,S003,PrimeElectronics,Laptops,MSI,Aspire 5,MS-6707-WH,351702656792,0351702656792,"MSI Aspire 5 15.6"" Laptop - 64GB RAM 1024GB SSD",Experience premium performance with the MSI Aspire 5. Designed for professionals and students alike.,1376.1,2.12,27,https://images.bestbuy.com/marketplace/msi-aspire-5-main.jpg,"RAM_GB: 64 | Storage_GB: 1024 | Screen_Size: 15.6"" | Processor: Intel i5",2025-02-21,2025-02-21,Yes,
1018,BB-MKT-00281,S003,PrimeElectronics,TVs,Hisense,U8K,HI-6771-BL,933719317209,0933719317209,"Hisense 85"" 1080p Full HD Smart TV U8K",Immerse yourself in stunning visuals with the Hisense U8K. Features cutting-edge display technology.,2434.52,49.48,363,https://images.bestbuy.com/marketplace/hisense-u8k-main.jpg,"Screen_Size: 85"" | Resolution: 1080p Full HD | Smart_TV: No | HDR: HDR10+",2025-01-30,2025-01-30,Yes,
1019,BB-MKT-00970,S003,PrimeElectronics,Tablets,Samsung,Surface Pro 9,SA-5230-BL,373154558346,0373154558346,"Samsung Surface Pro 9 8"" 512GB Tablet",Stay productive and entertained with the Samsung Surface Pro 9. Powerful performance in a sleek design.,931.46,0.73,461,https://images.bestbuy.com/marketplace/samsung-surface-pro-9-main.jpg,"Storage_GB: 512 | Screen_Size: 8"" | Cellular: Yes | RAM_GB: 6",2024-12-06,2024-12-06,Yes,
1020,BB-MKT-00012,S005,ConnectPro Sales,Smart Home,Philips,Cam OG,PH-4295-SL,902107756371,0902107756371,Philips Cam OG Smart Home Device,Transform your home with the Philips Cam OG. Easy setup and seamless smart home integration.,216.53,1.04,191,https://images.bestbuy.com/marketplace/philips-cam-og-main.jpg,Connectivity: Bluetooth | Voice_Assistant: Google Assistant | Power: USB-C,2025-02-10,2025-02-10,Yes,
1021,BB-MKT-00878,S002,EliteGadgets Inc,Tablets,Amazon,Surface Pro 9,AM-6166-BL,925887091241,0925887091241,"Amazon Surface Pro 9 10.1"" 64GB Tablet",Stay productive and entertained with the Amazon Surface Pro 9. Powerful performance in a sleek design.,924.68,0.32,319,https://images.bestbuy.com/marketplace/amazon-surface-pro-9-main.jpg,"Storage_GB: 64 | Screen_Size: 10.1"" | Cellular: No | RAM_GB: 8",2025-04-26,2025-04-26,Yes,
1022,BB-MKT-00052,S005,ConnectPro Sales,Tablets,Lenovo,Tab P12 Pro,LE-2070-BL,226605882836,0226605882836,"Lenovo Tab P12 Pro 10.1"" 256GB Tablet",Stay productive and entertained with the Lenovo Tab P12 Pro. Powerful performance in a sleek design.,714.51,0.65,351,https://images.bestbuy.com/marketplace/lenovo-tab-p12-pro-main.jpg,"Storage_GB: 256 | Screen_Size: 10.1"" | Cellular: Yes | RAM_GB: 8",2024-07-28,2024-07-28,Yes,
1023,BB-MKT-00635,S008,DigitalHub USA,TVs,Hisense,5-Series 4K,HI-2645-BL,623688989520,0623688989520,"Hisense 65"" 1080p Full HD Smart TV 5-Series 4K",Immerse yourself in stunning visuals with the Hisense 5-Series 4K. Features cutting-edge display technology.,1350.99,16.58,73,https://images.bestbuy.com/marketplace/hisense-5-series-4k-main.jpg,"Screen_Size: 65"" | Resolution: 1080p Full HD | Smart_TV: Yes | HDR: Dolby Vision",2025-03-24,2025-03-24,Yes,
1024,BB-MKT-00064,S005,ConnectPro Sales,Headphones,Beats,Momentum 4,BE-8935-SL,690328426008,0690328426008,Beats Momentum 4 In-ear Both Headphones,Enjoy crystal-clear audio with the Beats Momentum 4. Perfect for music lovers and remote workers.,201.87,0.39,193,https://images.bestbuy.com/marketplace/beats-momentum-4-main.jpg,Type: In-ear | Connectivity: Both | ANC: No | Battery_Hours: 24,2025-02-19,2025-02-19,Yes,
1025,BB-MKT-00001,S002,EliteGadgets Inc,Laptops,Apple,IdeaPad 5,AP-9935-BK,914655221101,0914655221101,"Apple IdeaPad 5 14"" Laptop - 16GB RAM 256GB SSD",Experience premium performance with the Apple IdeaPad 5. Designed for professionals and students alike.,1639.03,1.25,47,https://images.bestbuy.com/marketplace/apple-ideapad-5-main.jpg,"RAM_GB: 16 | Storage_GB: 256 | Screen_Size: 14"" | Processor: Intel i5",2024-10-20,2024-10-20,Yes,
1026,BB-MKT-00220,S005,ConnectPro Sales,TVs,Samsung,5-Series 4K,SA-3290-BK,213653610350,0213653610350,"Samsung 65"" 1080p Full HD Smart TV 5-Series 4K",Immerse yourself in stunning visuals with the Samsung 5-Series 4K. Features cutting-edge display technology.,293.84,44.54,113,https://images.bestbuy.com/marketplace/samsung-5-series-4k-main.jpg,"Screen_Size: 65"" | Resolution: 1080p Full HD | Smart_TV: Yes | HDR: HDR10",2024-09-05,2024-09-05,Yes,
1027,BB-MKT-00160,S007,SmartBuy Co,Tablets,Amazon,Fire HD 10,AM-2295-BL,461650577481,0461650577481,"Amazon Fire HD 10 12.4"" 128GB Tablet",Stay productive and entertained with the Amazon Fire HD 10. Powerful performance in a sleek design.,1123.2,0.36,370,https://images.bestbuy.com/marketplace/amazon-fire-hd-10-main.jpg,"Storage_GB: 128 | Screen_Size: 12.4"" | Cellular: Yes | RAM_GB: 8",2024-10-06,2024-10-06,Yes,
1028,BB-MKT-00509,S005,ConnectPro Sales,TVs,Samsung,Bravia XR,SA-8129-BL,678611909978,0678611909978,"Samsung 50"" 1080p Full HD Smart TV Bravia XR",Immerse yourself in stunning visuals with the Samsung Bravia XR. Features cutting-edge display technology.,3351.22,29.74,114,https://images.bestbuy.com/marketplace/samsung-bravia-xr-main.jpg,"Screen_Size: 50"" | Resolution: 1080p Full HD | Smart_TV: Yes | HDR: HDR10",2024-10-13,2024-10-13,Yes,
1029,BB-MKT-00585,S006,NextGen Devices,Smart Home,Google,Nest Hub Max,GO-2657-BK,391382956983,0391382956983,Google Nest Hub Max Smart Home Device,Transform your home with the Google Nest Hub Max. Easy setup and seamless smart home integration.,419.78,0.29,335,https://images.bestbuy.com/marketplace/google-nest-hub-max-main.jpg,Connectivity: Zigbee | Voice_Assistant: Alexa | Power: Battery,2024-08-26,2024-08-26,Yes,
1030,BB-MKT-00984,S008,DigitalHub USA,Smart Home,Philips,Hue Starter Kit,PH-7436-WH,333246355079,0333246355079,Philips Hue Starter Kit Smart Home Device,Transform your home with the Philips Hue Starter Kit. Easy setup and seamless smart home integration.,250.01,0.86,231,https://images.bestbuy.com/marketplace/philips-hue-starter-kit-main.jpg,Connectivity: Bluetooth | Voice_Assistant: Apple HomeKit | Power: USB-C,2024-12-01,2024-12-01,Yes,
1031,BB-MKT-00194,S007,SmartBuy Co,Smart Home,Google,Hue Starter Kit,GO-9720-SL,484700540029,0484700540029,Google Hue Starter Kit Smart Home Device,Transform your home with the Google Hue Starter Kit. Easy setup and seamless smart home integration.,334.07,0.34,360,https://images.bestbuy.com/marketplace/google-hue-starter-kit-main.jpg,Connectivity: Zigbee | Voice_Assistant: Google Assistant | Power: Battery,2024-11-27,2024-11-27,Yes,DUPLICATE_SKU
1032,BB-MKT-00339,S008,DigitalHub USA,Headphones,Apple,Tour One,AP-3233-SL,671231047002,0671231047002,Apple Tour One On-ear Wireless Headphones,Enjoy crystal-clear audio with the Apple Tour One. Perfect for music lovers and remote workers.,178.12,0.33,352,https://images.bestbuy.com/marketplace/apple-tour-one-main.jpg,Type: On-ear | Connectivity: Wireless | ANC: No | Battery_Hours: 20,2025-03-09,2025-03-09,Yes,
1033,BB-MKT-00801,S001,TechDirect LLC,Headphones,Apple,WH-1000XM5,AP-2788-BK,483260104700,0483260104700,Apple WH-1000XM5 In-ear Wired Headphones,Enjoy crystal-clear audio with the Apple WH-1000XM5. Perfect for music lovers and remote workers.,292.61,0.23,39,https://images.bestbuy.com/marketplace/apple-wh-1000xm5-main.jpg,Type: In-ear | Connectivity: Wired | ANC: Yes | Battery_Hours: 40,2024-10-30,2024-10-30,Yes,
1034,BB-MKT-00938,S002,EliteGadgets Inc,Smart Home,Nest,Nest Hub Max,NE-8444-WH,918368477996,0132004592067,Nest Nest Hub Max Smart Home Device,Transform your home with the Nest Nest Hub Max. Easy setup and seamless smart home integration.,62.09,1.47,466,https://images.bestbuy.com/marketplace/nest-nest-hub-max-main.jpg,Connectivity: Bluetooth | Voice_Assistant: Apple HomeKit | Power: Battery,2024-12-22,2024-12-22,Yes,GTIN_UPC_MISMATCH
1035,BB-MKT-00671,S007,SmartBuy Co,Tablets,Microsoft,Surface Pro 9,MI-9376-WH,270156352877,0270156352877,"Microsoft Surface Pro 9 8"" 512GB Tablet",Stay productive and entertained with the Microsoft Surface Pro 9. Powerful performance in a sleek design.,435.89,0.76,442,https://images.bestbuy.com/marketplace/microsoft-surface-pro-9-main.jpg,"Storage_GB: 512 | Screen_Size: 8"" | Cellular: No | RAM_GB: 6",2024-11-12,2024-11-12,Yes,
1036,BB-MKT-00796,S002,EliteGadgets Inc,Smart Home,Nest,Ultra 2,NE-9501-SL,892733291701,0892733291701,Nest Ultra 2 Smart Home Device,Transform your home with the Nest Ultra 2. Easy setup and seamless smart home integration.,105.4,0.63,381,https://images.bestbuy.com/marketplace/nest-ultra-2-main.jpg,Connectivity: Z-Wave | Voice_Assistant: None | Power: Wired,2024-10-30,2024-10-30,Yes,
1037,BB-MKT-00304,S008,DigitalHub USA,Laptops,Lenovo,IdeaPad 5,LE-6918-BL,971482047665,0971482047665,"Lenovo IdeaPad 5 14"" Laptop - 16GB RAM 256GB SSD",Experience premium performance with the Lenovo IdeaPad 5. Designed for professionals and students alike.,1570.35,1.93,23,https://images.bestbuy.com/marketplace/lenovo-ideapad-5-main.jpg,"RAM_GB: 16 | Storage_GB: 256 | Screen_Size: 14"" | Processor: Apple M2",2024-07-21,2024-07-21,Yes,DUPLICATE_SKU
1038,BB-MKT-00423,S006,NextGen Devices,Tablets,Amazon,Surface Pro 9,AM-7408-BL,818356232197,0818356232197,"Amazon Surface Pro 9 11"" 256GB Tablet",Stay productive and entertained with the Amazon Surface Pro 9. Powerful performance in a sleek design.,1038.12,0.75,375,https://images.bestbuy.com/marketplace/amazon-surface-pro-9-main.jpg,"Storage_GB: 256 | Screen_Size: 11"" | Cellular: No | RAM_GB: 4",2025-04-28,2025-04-28,Yes,
1039,BB-MKT-00684,S002,EliteGadgets Inc,Tablets,Microsoft,Fire HD 10,MI-7479-WH,324492758714,0324492758714,"Microsoft Fire HD 10 12.4"" 128GB Tablet",Stay productive and entertained with the Microsoft Fire HD 10. Powerful performance in a sleek design.,661.96,0.74,222,https://images.bestbuy.com/marketplace/microsoft-fire-hd-10-main.jpg,"Storage_GB: 128 | Screen_Size: 12.4"" | Cellular: Yes | RAM_GB: 8",2025-01-05,2025-01-05,Yes,
1040,BB-MKT-00371,S006,NextGen Devices,Tablets,Amazon,Fire HD 10,AM-1352-BK,606663510951,0606663510951,"Amazon Fire HD 10 10.1"" 64GB Tablet",Stay productive and entertained with the Amazon Fire HD 10. Powerful performance in a sleek design.,433.5,0.62,170,https://images.bestbuy.com/marketplace/amazon-fire-hd-10-main.jpg,"Storage_GB: 64 | Screen_Size: 10.1"" | Cellular: Yes | RAM_GB: 16",2025-03-08,2025-03-08,Yes,
